ISO-10303-21;
HEADER;
/* Generated by software containing ST-Developer
 * from STEP Tools, Inc. (www.steptools.com) 
 */

FILE_DESCRIPTION(
/* description */ (''),
/* implementation_level */ '2;1');

FILE_NAME(
/* name */ 'DoubleBarrelHotend.step',
/* time_stamp */ '2026-03-20T20:52:53-06:00',
/* author */ (''),
/* organization */ (''),
/* preprocessor_version */ 'ST-DEVELOPER v20.1',
/* originating_system */ 'Autodesk Translation Framework v14.24.0.0',
/* authorisation */ '');

FILE_SCHEMA (('AUTOMOTIVE_DESIGN { 1 0 10303 214 3 1 1 }'));
ENDSEC;

DATA;
#10=MECHANICAL_DESIGN_GEOMETRIC_PRESENTATION_REPRESENTATION('',(#280,#281,
#282,#283,#284,#285,#286,#287,#288,#289,#290,#291,#292,#293,#294,#295,#296,
#297,#298,#299,#300,#301,#302,#303,#304,#305,#306,#307,#308,#309,#310,#311,
#312,#313,#314,#315,#316,#317,#318,#319),#11983);
#11=CONTEXT_DEPENDENT_OVER_RIDING_STYLED_ITEM('',(#12131),#12055,#319,(#167));
#12=MAPPED_ITEM('',#13,#6480);
#13=REPRESENTATION_MAP(#6480,#12046);
#14=(
BOUNDED_SURFACE()
B_SPLINE_SURFACE(1,2,((#11676,#11677,#11678,#11679,#11680,#11681,#11682,
#11683,#11684),(#11685,#11686,#11687,#11688,#11689,#11690,#11691,#11692,
#11693)),.UNSPECIFIED.,.F.,.T.,.F.)
B_SPLINE_SURFACE_WITH_KNOTS((2,2),(3,2,2,2,3),(-0.619718152462751,13.6197183759802),
(-3.14159265358979,-1.5707963267949,0.,1.5707963267949,3.14159265358979),
 .UNSPECIFIED.)
GEOMETRIC_REPRESENTATION_ITEM()
RATIONAL_B_SPLINE_SURFACE(((1.,0.707106781186548,1.,0.707106781186548,1.,
0.707106781186548,1.,0.707106781186548,1.),(1.,0.707106781186548,1.,0.707106781186548,
1.,0.707106781186548,1.,0.707106781186548,1.)))
REPRESENTATION_ITEM('')
SURFACE()
);
#15=(
BOUNDED_SURFACE()
B_SPLINE_SURFACE(2,2,((#11704,#11705,#11706),(#11707,#11708,#11709),(#11710,
#11711,#11712),(#11713,#11714,#11715),(#11716,#11717,#11718),(#11719,#11720,
#11721),(#11722,#11723,#11724),(#11725,#11726,#11727),(#11728,#11729,#11730)),
 .UNSPECIFIED.,.T.,.F.,.F.)
B_SPLINE_SURFACE_WITH_KNOTS((3,2,2,2,3),(3,3),(-3.14159265358979,-1.5707963267949,
0.,1.5707963267949,3.14159265358979),(0.,0.92729521800161),
 .UNSPECIFIED.)
GEOMETRIC_REPRESENTATION_ITEM()
RATIONAL_B_SPLINE_SURFACE(((1.,0.894427190999916,1.),(0.707106781186548,
0.632455532033677,0.707106781186548),(1.,0.894427190999916,1.),(0.707106781186548,
0.632455532033677,0.707106781186548),(1.,0.894427190999916,1.),(0.707106781186549,
0.632455532033677,0.707106781186549),(1.,0.894427190999916,1.),(0.707106781186549,
0.632455532033677,0.707106781186549),(1.,0.894427190999916,1.)))
REPRESENTATION_ITEM('')
SURFACE()
);
#16=(
BOUNDED_SURFACE()
B_SPLINE_SURFACE(1,2,((#11735,#11736,#11737,#11738,#11739,#11740,#11741,
#11742,#11743),(#11744,#11745,#11746,#11747,#11748,#11749,#11750,#11751,
#11752)),.UNSPECIFIED.,.F.,.T.,.F.)
B_SPLINE_SURFACE_WITH_KNOTS((2,2),(3,2,2,2,3),(-0.619718152462751,13.6197183759802),
(-3.14159265358979,-1.5707963267949,0.,1.5707963267949,3.14159265358979),
 .UNSPECIFIED.)
GEOMETRIC_REPRESENTATION_ITEM()
RATIONAL_B_SPLINE_SURFACE(((1.,0.707106781186548,1.,0.707106781186548,1.,
0.707106781186548,1.,0.707106781186548,1.),(1.,0.707106781186548,1.,0.707106781186548,
1.,0.707106781186548,1.,0.707106781186548,1.)))
REPRESENTATION_ITEM('')
SURFACE()
);
#17=(
BOUNDED_SURFACE()
B_SPLINE_SURFACE(2,2,((#11763,#11764,#11765),(#11766,#11767,#11768),(#11769,
#11770,#11771),(#11772,#11773,#11774),(#11775,#11776,#11777),(#11778,#11779,
#11780),(#11781,#11782,#11783),(#11784,#11785,#11786),(#11787,#11788,#11789)),
 .UNSPECIFIED.,.T.,.F.,.F.)
B_SPLINE_SURFACE_WITH_KNOTS((3,2,2,2,3),(3,3),(-3.14159265358979,-1.5707963267949,
0.,1.5707963267949,3.14159265358979),(0.,0.92729521800161),
 .UNSPECIFIED.)
GEOMETRIC_REPRESENTATION_ITEM()
RATIONAL_B_SPLINE_SURFACE(((1.,0.894427190999916,1.),(0.707106781186547,
0.632455532033676,0.707106781186547),(1.,0.894427190999916,1.),(0.707106781186547,
0.632455532033676,0.707106781186547),(1.,0.894427190999916,1.),(0.707106781186547,
0.632455532033676,0.707106781186547),(1.,0.894427190999916,1.),(0.707106781186547,
0.632455532033676,0.707106781186547),(1.,0.894427190999916,1.)))
REPRESENTATION_ITEM('')
SURFACE()
);
#18=(
BOUNDED_SURFACE()
B_SPLINE_SURFACE(1,2,((#11802,#11803,#11804,#11805,#11806,#11807,#11808,
#11809,#11810),(#11811,#11812,#11813,#11814,#11815,#11816,#11817,#11818,
#11819)),.UNSPECIFIED.,.F.,.T.,.F.)
B_SPLINE_SURFACE_WITH_KNOTS((2,2),(3,2,2,2,3),(-0.619718152462751,13.6497570339457),
(-3.14159265358979,-1.5707963267949,0.,1.5707963267949,3.14159265358979),
 .UNSPECIFIED.)
GEOMETRIC_REPRESENTATION_ITEM()
RATIONAL_B_SPLINE_SURFACE(((1.,0.707106781186548,1.,0.707106781186548,1.,
0.707106781186548,1.,0.707106781186548,1.),(1.,0.707106781186548,1.,0.707106781186548,
1.,0.707106781186548,1.,0.707106781186548,1.)))
REPRESENTATION_ITEM('')
SURFACE()
);
#19=(
BOUNDED_SURFACE()
B_SPLINE_SURFACE(2,2,((#11830,#11831,#11832),(#11833,#11834,#11835),(#11836,
#11837,#11838),(#11839,#11840,#11841),(#11842,#11843,#11844),(#11845,#11846,
#11847),(#11848,#11849,#11850),(#11851,#11852,#11853),(#11854,#11855,#11856)),
 .UNSPECIFIED.,.T.,.F.,.F.)
B_SPLINE_SURFACE_WITH_KNOTS((3,2,2,2,3),(3,3),(-3.14159265358979,-1.5707963267949,
0.,1.5707963267949,3.14159265358979),(0.,0.92729521800161),
 .UNSPECIFIED.)
GEOMETRIC_REPRESENTATION_ITEM()
RATIONAL_B_SPLINE_SURFACE(((1.,0.894427190999916,1.),(0.707106781186548,
0.632455532033677,0.707106781186548),(1.,0.894427190999916,1.),(0.707106781186548,
0.632455532033677,0.707106781186548),(1.,0.894427190999916,1.),(0.707106781186549,
0.632455532033677,0.707106781186549),(1.,0.894427190999916,1.),(0.707106781186549,
0.632455532033677,0.707106781186549),(1.,0.894427190999916,1.)))
REPRESENTATION_ITEM('')
SURFACE()
);
#20=(
BOUNDED_SURFACE()
B_SPLINE_SURFACE(1,2,((#11861,#11862,#11863,#11864,#11865,#11866,#11867,
#11868,#11869),(#11870,#11871,#11872,#11873,#11874,#11875,#11876,#11877,
#11878)),.UNSPECIFIED.,.F.,.T.,.F.)
B_SPLINE_SURFACE_WITH_KNOTS((2,2),(3,2,2,2,3),(-0.619718152462751,13.6497570339457),
(-3.14159265358979,-1.5707963267949,0.,1.5707963267949,3.14159265358979),
 .UNSPECIFIED.)
GEOMETRIC_REPRESENTATION_ITEM()
RATIONAL_B_SPLINE_SURFACE(((1.,0.707106781186548,1.,0.707106781186548,1.,
0.707106781186548,1.,0.707106781186548,1.),(1.,0.707106781186548,1.,0.707106781186548,
1.,0.707106781186548,1.,0.707106781186548,1.)))
REPRESENTATION_ITEM('')
SURFACE()
);
#21=(
BOUNDED_SURFACE()
B_SPLINE_SURFACE(2,2,((#11889,#11890,#11891),(#11892,#11893,#11894),(#11895,
#11896,#11897),(#11898,#11899,#11900),(#11901,#11902,#11903),(#11904,#11905,
#11906),(#11907,#11908,#11909),(#11910,#11911,#11912),(#11913,#11914,#11915)),
 .UNSPECIFIED.,.T.,.F.,.F.)
B_SPLINE_SURFACE_WITH_KNOTS((3,2,2,2,3),(3,3),(-3.14159265358979,-1.5707963267949,
0.,1.5707963267949,3.14159265358979),(0.,0.92729521800161),
 .UNSPECIFIED.)
GEOMETRIC_REPRESENTATION_ITEM()
RATIONAL_B_SPLINE_SURFACE(((1.,0.894427190999916,1.),(0.707106781186547,
0.632455532033676,0.707106781186547),(1.,0.894427190999916,1.),(0.707106781186547,
0.632455532033676,0.707106781186547),(1.,0.894427190999916,1.),(0.707106781186547,
0.632455532033676,0.707106781186547),(1.,0.894427190999916,1.),(0.707106781186547,
0.632455532033676,0.707106781186547),(1.,0.894427190999916,1.)))
REPRESENTATION_ITEM('')
SURFACE()
);
#22=TOROIDAL_SURFACE('',#6362,1.69999999999999,0.2);
#23=TOROIDAL_SURFACE('',#6391,2.5,2.);
#24=TOROIDAL_SURFACE('',#6398,2.5,2.);
#25=B_SPLINE_CURVE_WITH_KNOTS('',3,(#9166,#9167,#9168,#9169,#9170,#9171,
#9172,#9173,#9174,#9175,#9176,#9177),.UNSPECIFIED.,.F.,.F.,(4,2,2,2,2,4),
(0.,0.0358271629596236,0.0598746394631627,0.0807867446576249,0.0942065609043357,
0.108296941399374),.UNSPECIFIED.);
#26=B_SPLINE_CURVE_WITH_KNOTS('',3,(#9211,#9212,#9213,#9214,#9215,#9216),
 .UNSPECIFIED.,.F.,.F.,(4,2,4),(1.0374808614372,1.3949397188122,1.39610175582822),
 .UNSPECIFIED.);
#27=B_SPLINE_CURVE_WITH_KNOTS('',3,(#9269,#9270,#9271,#9272,#9273,#9274,
#9275,#9276,#9277,#9278,#9279,#9280,#9281,#9282,#9283,#9284,#9285,#9286,
#9287,#9288,#9289,#9290,#9291,#9292,#9293,#9294,#9295,#9296,#9297,#9298,
#9299,#9300,#9301,#9302,#9303,#9304,#9305),.UNSPECIFIED.,.F.,.F.,(4,3,3,
3,3,3,3,3,3,3,3,3,4),(0.,0.0102301165648092,0.0201517600527855,0.025544173186409,
0.0373007544069093,0.046800616224635,0.0565550502943457,0.0667223698244264,
0.0684115932785276,0.0784917670700947,0.0872458783836613,0.0984978586425183,
0.10821773911435),.UNSPECIFIED.);
#28=B_SPLINE_CURVE_WITH_KNOTS('',3,(#9341,#9342,#9343,#9344,#9345,#9346,
#9347,#9348),.UNSPECIFIED.,.F.,.F.,(4,2,1,1,4),(-0.00116203701618499,0.,
0.214475314424905,0.285967085899874,0.357458857374842),.UNSPECIFIED.);
#29=B_SPLINE_CURVE_WITH_KNOTS('',3,(#9359,#9360,#9361,#9362,#9363,#9364,
#9365,#9366),.UNSPECIFIED.,.F.,.F.,(4,2,1,1,4),(-0.00116095676200093,0.,
0.214475885443637,0.285967847258183,0.357459809072728),.UNSPECIFIED.);
#30=B_SPLINE_CURVE_WITH_KNOTS('',3,(#9368,#9369,#9370,#9371,#9372,#9373),
 .UNSPECIFIED.,.F.,.F.,(4,2,4),(1.03747130212879,1.39493111120166,1.39609206796351),
 .UNSPECIFIED.);
#31=B_SPLINE_CURVE_WITH_KNOTS('',3,(#9399,#9400,#9401,#9402,#9403,#9404,
#9405,#9406,#9407,#9408,#9409,#9410),.UNSPECIFIED.,.F.,.F.,(4,2,2,2,2,4),
(0.,0.0358829549432606,0.0599206645720923,0.080826771965659,0.0942225101686675,
0.108297542812576),.UNSPECIFIED.);
#32=B_SPLINE_CURVE_WITH_KNOTS('',3,(#9473,#9474,#9475,#9476,#9477,#9478),
 .UNSPECIFIED.,.F.,.F.,(4,2,4),(1.03748086143719,1.3949397188122,1.39610175582822),
 .UNSPECIFIED.);
#33=B_SPLINE_CURVE_WITH_KNOTS('',3,(#9531,#9532,#9533,#9534,#9535,#9536,
#9537,#9538,#9539,#9540,#9541,#9542,#9543,#9544,#9545,#9546,#9547,#9548,
#9549,#9550,#9551,#9552,#9553,#9554,#9555,#9556,#9557,#9558,#9559,#9560,
#9561,#9562,#9563,#9564,#9565,#9566,#9567),.UNSPECIFIED.,.F.,.F.,(4,3,3,
3,3,3,3,3,3,3,3,3,4),(0.,0.010230116564667,0.0201517600526627,0.0255441731864116,
0.0373007544069339,0.0468006162246384,0.0565550502943058,0.0667223698243987,
0.0684115932785301,0.0784917670700958,0.0872458783836623,0.0984978586425164,
0.108217739114349),.UNSPECIFIED.);
#34=B_SPLINE_CURVE_WITH_KNOTS('',3,(#9603,#9604,#9605,#9606,#9607,#9608,
#9609,#9610),.UNSPECIFIED.,.F.,.F.,(4,2,1,1,4),(-0.00116203701591012,0.,
0.214475314425068,0.285967085900091,0.357458857375114),.UNSPECIFIED.);
#35=B_SPLINE_CURVE_WITH_KNOTS('',3,(#9621,#9622,#9623,#9624,#9625,#9626,
#9627,#9628),.UNSPECIFIED.,.F.,.F.,(4,2,1,1,4),(-0.00116095676185613,0.,
0.214475885443724,0.285967847258298,0.357459809072873),.UNSPECIFIED.);
#36=B_SPLINE_CURVE_WITH_KNOTS('',3,(#9630,#9631,#9632,#9633,#9634,#9635),
 .UNSPECIFIED.,.F.,.F.,(4,2,4),(1.03747130212879,1.39493111120166,1.39609206796351),
 .UNSPECIFIED.);
#37=B_SPLINE_CURVE_WITH_KNOTS('',3,(#9687,#9688,#9689,#9690,#9691,#9692,
#9693,#9694,#9695,#9696,#9697,#9698),.UNSPECIFIED.,.F.,.F.,(4,2,2,2,2,4),
(0.,0.0358271629596159,0.059874639463149,0.0807867446576082,0.0942065609043208,
0.108296941399363),.UNSPECIFIED.);
#38=B_SPLINE_CURVE_WITH_KNOTS('',3,(#9780,#9781,#9782,#9783,#9784,#9785,
#9786,#9787,#9788,#9789,#9790,#9791,#9792,#9793,#9794,#9795,#9796,#9797,
#9798,#9799,#9800,#9801,#9802,#9803,#9804,#9805,#9806,#9807,#9808,#9809,
#9810,#9811,#9812,#9813,#9814,#9815,#9816),.UNSPECIFIED.,.F.,.F.,(4,3,3,
3,3,3,3,3,3,3,3,3,4),(0.,0.0102301165647558,0.0201517600527442,0.0255441731864111,
0.0373007544069231,0.0468006162246412,0.0565550502943248,0.066722369824374,
0.0684115932785409,0.07849176707014,0.0872458783836817,0.0984978586424904,
0.108217739114369),.UNSPECIFIED.);
#39=B_SPLINE_CURVE_WITH_KNOTS('',3,(#9904,#9905,#9906,#9907,#9908,#9909,
#9910,#9911,#9912,#9913,#9914,#9915,#9916,#9917,#9918,#9919,#9920,#9921,
#9922,#9923,#9924,#9925,#9926,#9927,#9928,#9929,#9930,#9931,#9932,#9933,
#9934,#9935,#9936,#9937,#9938,#9939,#9940),.UNSPECIFIED.,.F.,.F.,(4,3,3,
3,3,3,3,3,3,3,3,3,4),(0.,0.0102301165648556,0.0201517600528309,0.0255441731864106,
0.0373007544069349,0.0468006162246379,0.0565550502943351,0.066722369824414,
0.0684115932785373,0.0784917670701791,0.0872458783836796,0.0984978586424623,
0.108217739114352),.UNSPECIFIED.);
#40=B_SPLINE_CURVE_WITH_KNOTS('',3,(#10024,#10025,#10026,#10027,#10028,
#10029,#10030,#10031,#10032,#10033,#10034,#10035),.UNSPECIFIED.,.F.,.F.,
(4,2,2,2,2,4),(0.,0.035827162959625,0.0598746394631554,0.0807867446576088,
0.0942065609043192,0.108296941399359),.UNSPECIFIED.);
#41=B_SPLINE_CURVE_WITH_KNOTS('',3,(#10197,#10198,#10199,#10200,#10201,
#10202,#10203,#10204,#10205,#10206,#10207,#10208,#10209,#10210,#10211,#10212,
#10213,#10214,#10215,#10216,#10217,#10218,#10219,#10220,#10221,#10222,#10223,
#10224,#10225,#10226,#10227,#10228,#10229,#10230),.UNSPECIFIED.,.T.,.F.,
(4,2,2,2,2,2,2,2,2,2,2,2,2,2,2,2,4),(0.,0.0483261233188397,0.0966522466376794,
0.144916950197124,0.193181653756568,0.241446357316013,0.289711060875457,
0.338037184194297,0.386363307513137,0.434689430831976,0.483015554150816,
0.53128025771026,0.579544961269705,0.62780966482915,0.676074368388594,0.724400491707434,
0.772726615026273),.UNSPECIFIED.);
#42=B_SPLINE_CURVE_WITH_KNOTS('',3,(#10233,#10234,#10235,#10236,#10237,
#10238,#10239,#10240,#10241,#10242,#10243,#10244,#10245,#10246,#10247,#10248,
#10249,#10250,#10251,#10252,#10253,#10254,#10255,#10256,#10257,#10258,#10259,
#10260,#10261,#10262,#10263,#10264,#10265,#10266),.UNSPECIFIED.,.T.,.F.,
(4,2,2,2,2,2,2,2,2,2,2,2,2,2,2,2,4),(0.,0.0483261233188397,0.0966522466376794,
0.144916950197124,0.193181653756568,0.241446357316013,0.289711060875457,
0.338037184194297,0.386363307513137,0.434689430831976,0.483015554150816,
0.53128025771026,0.579544961269705,0.62780966482915,0.676074368388594,0.724400491707434,
0.772726615026273),.UNSPECIFIED.);
#43=B_SPLINE_CURVE_WITH_KNOTS('',3,(#10271,#10272,#10273,#10274,#10275,
#10276,#10277,#10278,#10279,#10280,#10281,#10282,#10283,#10284,#10285,#10286,
#10287,#10288,#10289,#10290,#10291,#10292,#10293,#10294,#10295,#10296,#10297,
#10298,#10299,#10300,#10301,#10302,#10303,#10304),.UNSPECIFIED.,.T.,.F.,
(4,2,2,2,2,2,2,2,2,2,2,2,2,2,2,2,4),(0.,0.0483261233188399,0.0966522466376798,
0.144916950197124,0.193181653756569,0.241446357316013,0.289711060875458,
0.338037184194298,0.386363307513137,0.434689430831977,0.483015554150817,
0.531280257710262,0.579544961269706,0.627809664829151,0.676074368388595,
0.724400491707435,0.772726615026275),.UNSPECIFIED.);
#44=B_SPLINE_CURVE_WITH_KNOTS('',3,(#10307,#10308,#10309,#10310,#10311,
#10312,#10313,#10314,#10315,#10316,#10317,#10318,#10319,#10320,#10321,#10322,
#10323,#10324,#10325,#10326,#10327,#10328,#10329,#10330,#10331,#10332,#10333,
#10334,#10335,#10336,#10337,#10338,#10339,#10340),.UNSPECIFIED.,.T.,.F.,
(4,2,2,2,2,2,2,2,2,2,2,2,2,2,2,2,4),(0.,0.0483261233188399,0.0966522466376798,
0.144916950197124,0.193181653756569,0.241446357316013,0.289711060875458,
0.338037184194298,0.386363307513137,0.434689430831977,0.483015554150817,
0.531280257710262,0.579544961269706,0.627809664829151,0.676074368388595,
0.724400491707435,0.772726615026275),.UNSPECIFIED.);
#45=B_SPLINE_CURVE_WITH_KNOTS('',3,(#10345,#10346,#10347,#10348,#10349,
#10350,#10351,#10352,#10353,#10354,#10355,#10356,#10357,#10358,#10359,#10360,
#10361,#10362,#10363,#10364,#10365,#10366,#10367,#10368,#10369,#10370,#10371,
#10372,#10373,#10374,#10375,#10376,#10377,#10378),.UNSPECIFIED.,.T.,.F.,
(4,2,2,2,2,2,2,2,2,2,2,2,2,2,2,2,4),(0.,0.0483261233188397,0.0966522466376794,
0.144916950197124,0.193181653756568,0.241446357316013,0.289711060875457,
0.338037184194297,0.386363307513137,0.434689430831977,0.483015554150816,
0.531280257710261,0.579544961269705,0.62780966482915,0.676074368388594,
0.724400491707434,0.772726615026274),.UNSPECIFIED.);
#46=B_SPLINE_CURVE_WITH_KNOTS('',3,(#10381,#10382,#10383,#10384,#10385,
#10386,#10387,#10388,#10389,#10390,#10391,#10392,#10393,#10394,#10395,#10396,
#10397,#10398,#10399,#10400,#10401,#10402,#10403,#10404,#10405,#10406,#10407,
#10408,#10409,#10410,#10411,#10412,#10413,#10414),.UNSPECIFIED.,.T.,.F.,
(4,2,2,2,2,2,2,2,2,2,2,2,2,2,2,2,4),(0.,0.0483261233188397,0.0966522466376794,
0.144916950197124,0.193181653756568,0.241446357316013,0.289711060875458,
0.338037184194297,0.386363307513137,0.434689430831976,0.483015554150816,
0.531280257710261,0.579544961269705,0.62780966482915,0.676074368388594,
0.724400491707434,0.772726615026274),.UNSPECIFIED.);
#47=B_SPLINE_CURVE_WITH_KNOTS('',3,(#10419,#10420,#10421,#10422,#10423,
#10424,#10425,#10426,#10427,#10428,#10429,#10430,#10431,#10432,#10433,#10434,
#10435,#10436,#10437,#10438,#10439,#10440,#10441,#10442,#10443,#10444,#10445,
#10446,#10447,#10448,#10449,#10450,#10451,#10452),.UNSPECIFIED.,.T.,.F.,
(4,2,2,2,2,2,2,2,2,2,2,2,2,2,2,2,4),(0.,0.0483261233188395,0.0966522466376789,
0.144916950197124,0.193181653756568,0.241446357316013,0.289711060875458,
0.338037184194297,0.386363307513137,0.434689430831976,0.483015554150816,
0.531280257710261,0.579544961269705,0.62780966482915,0.676074368388594,
0.724400491707434,0.772726615026274),.UNSPECIFIED.);
#48=B_SPLINE_CURVE_WITH_KNOTS('',3,(#10455,#10456,#10457,#10458,#10459,
#10460,#10461,#10462,#10463,#10464,#10465,#10466,#10467,#10468,#10469,#10470,
#10471,#10472,#10473,#10474,#10475,#10476,#10477,#10478,#10479,#10480,#10481,
#10482,#10483,#10484,#10485,#10486,#10487,#10488),.UNSPECIFIED.,.T.,.F.,
(4,2,2,2,2,2,2,2,2,2,2,2,2,2,2,2,4),(0.,0.0483261233188399,0.0966522466376798,
0.144916950197124,0.193181653756569,0.241446357316013,0.289711060875458,
0.338037184194298,0.386363307513138,0.434689430831977,0.483015554150816,
0.531280257710261,0.579544961269706,0.62780966482915,0.676074368388595,
0.724400491707434,0.772726615026274),.UNSPECIFIED.);
#49=B_SPLINE_CURVE_WITH_KNOTS('',3,(#10639,#10640,#10641,#10642,#10643,
#10644,#10645,#10646,#10647,#10648,#10649,#10650,#10651,#10652,#10653,#10654,
#10655,#10656,#10657,#10658,#10659,#10660,#10661,#10662),.UNSPECIFIED.,
 .F.,.F.,(4,1,1,1,1,1,1,1,1,1,1,1,1,1,1,1,1,1,1,1,1,4),(-0.403160616545985,
-0.369471647892681,-0.352067402573718,-0.343365279914236,-0.339014218584495,
-0.336838687919624,-0.334663157254754,-0.332487626589884,-0.330312095925013,
-0.328136565260143,-0.327048799927707,-0.325961034595272,-0.323785503930402,
-0.321609973265531,-0.31725891193579,-0.308556789276308,-0.299854666616827,
-0.291152543957345,-0.282450421297863,-0.273748298638381,-0.265046175978899,
-0.255442875098977),.UNSPECIFIED.);
#50=B_SPLINE_CURVE_WITH_KNOTS('',3,(#10667,#10668,#10669,#10670,#10671,
#10672,#10673,#10674,#10675,#10676,#10677,#10678,#10679,#10680,#10681,#10682,
#10683,#10684,#10685,#10686,#10687,#10688,#10689,#10690),.UNSPECIFIED.,
 .F.,.F.,(4,1,1,1,1,1,1,1,1,1,1,1,1,1,1,1,1,1,1,1,1,4),(0.255445272246837,
0.2650461759789,0.282450421297863,0.291152543957345,0.299854666616827,0.308556789276309,
0.31290785060605,0.317258911935791,0.321609973265532,0.323785503930402,
0.325961034595273,0.327048799927708,0.328136565260143,0.329224330592578,
0.330312095925014,0.332487626589884,0.334663157254754,0.339014218584495,
0.343365279914236,0.352067402573718,0.369471647892682,0.403160696995243),
 .UNSPECIFIED.);
#51=B_SPLINE_CURVE_WITH_KNOTS('',3,(#10695,#10696,#10697,#10698,#10699,
#10700,#10701,#10702,#10703,#10704,#10705,#10706,#10707,#10708,#10709,#10710,
#10711,#10712,#10713,#10714,#10715,#10716,#10717,#10718,#10719,#10720,#10721),
 .UNSPECIFIED.,.F.,.F.,(4,1,1,1,1,1,1,1,1,1,1,1,1,1,1,1,1,1,1,1,1,1,1,1,
4),(0.255630922161162,0.271920293687287,0.280623487149542,0.289326680611797,
0.306733067536306,0.31543626099856,0.319787857729688,0.324139454460815,
0.325227353643597,0.326315252826379,0.328491051191942,0.329578950374724,
0.330666849557506,0.331754748740288,0.33284264792307,0.337194244654197,
0.341545841385324,0.345897438116451,0.350249034847579,0.354600631578706,
0.358952228309833,0.367655421772088,0.385061808696597,0.393765002158852,
0.403389425393781),.UNSPECIFIED.);
#52=B_SPLINE_CURVE_WITH_KNOTS('',3,(#10726,#10727,#10728,#10729,#10730,
#10731,#10732,#10733,#10734,#10735,#10736,#10737,#10738,#10739,#10740,#10741,
#10742,#10743,#10744,#10745,#10746,#10747,#10748,#10749,#10750,#10751,#10752),
 .UNSPECIFIED.,.F.,.F.,(4,1,1,1,1,1,1,1,1,1,1,1,1,1,1,1,1,1,1,1,1,1,1,1,
4),(-0.40338944819187,-0.393765002158851,-0.385061808696597,-0.367655421772088,
-0.358952228309833,-0.354600631578706,-0.350249034847579,-0.345897438116451,
-0.341545841385324,-0.337194244654197,-0.33284264792307,-0.331754748740288,
-0.330666849557506,-0.329578950374724,-0.328491051191942,-0.326315252826379,
-0.325227353643597,-0.324139454460815,-0.319787857729688,-0.31543626099856,
-0.306733067536306,-0.289326680611797,-0.280623487149542,-0.271920293687288,
-0.255630922158039),.UNSPECIFIED.);
#53=B_SPLINE_CURVE_WITH_KNOTS('',3,(#10929,#10930,#10931,#10932),
 .UNSPECIFIED.,.F.,.F.,(4,4),(0.254513906762778,0.255630922161162),
 .UNSPECIFIED.);
#54=B_SPLINE_CURVE_WITH_KNOTS('',3,(#10934,#10935,#10936,#10937,#10938,
#10939,#10940,#10941,#10942,#10943,#10944,#10945),.UNSPECIFIED.,.F.,.F.,
(4,2,2,2,2,4),(0.,0.0141545340217662,0.0327777926098296,0.0623332636182923,
0.0939845071646216,0.124328121764987),.UNSPECIFIED.);
#55=B_SPLINE_CURVE_WITH_KNOTS('',3,(#10947,#10948,#10949,#10950,#10951,
#10952,#10953,#10954,#10955,#10956,#10957,#10958,#10959,#10960,#10961,#10962,
#10963,#10964,#10965,#10966,#10967,#10968,#10969,#10970,#10971,#10972,#10973),
 .UNSPECIFIED.,.F.,.F.,(4,1,1,1,1,1,1,1,1,1,1,1,1,1,1,1,1,1,1,1,1,1,1,1,
4),(-0.498203323705907,-0.49385172697478,-0.489500130243652,-0.480796936781398,
-0.463390549856888,-0.459038953125761,-0.454687356394634,-0.445984162932379,
-0.42857777600787,-0.393765002158852,-0.385061808696597,-0.367655421772088,
-0.358952228309833,-0.354600631578706,-0.350249034847579,-0.345897438116451,
-0.341545841385324,-0.337194244654197,-0.33284264792307,-0.331754748740288,
-0.330666849557506,-0.329578950374724,-0.328491051191942,-0.326315252826379,
-0.326090553391655),.UNSPECIFIED.);
#56=B_SPLINE_CURVE_WITH_KNOTS('',3,(#10974,#10975,#10976,#10977,#10978,
#10979,#10980,#10981),.UNSPECIFIED.,.F.,.F.,(4,2,2,4),(-0.0550935228423705,
-0.0550372125836349,-0.0297535676394242,0.),.UNSPECIFIED.);
#57=B_SPLINE_CURVE_WITH_KNOTS('',3,(#11128,#11129,#11130,#11131,#11132,
#11133,#11134,#11135,#11136,#11137,#11138,#11139,#11140,#11141,#11142,#11143,
#11144,#11145,#11146,#11147,#11148,#11149,#11150,#11151),.UNSPECIFIED.,
 .F.,.F.,(4,1,1,1,1,1,1,1,1,1,1,1,1,1,1,1,1,1,1,1,1,4),(-0.332645626521764,
-0.332487626589884,-0.330312095925014,-0.329224330592578,-0.328136565260143,
-0.327048799927708,-0.325961034595273,-0.323785503930402,-0.321609973265532,
-0.317258911935791,-0.31290785060605,-0.308556789276309,-0.299854666616827,
-0.291152543957345,-0.282450421297863,-0.2650461759789,-0.247641930659936,
-0.238939808000454,-0.230237685340972,-0.195429194703045,-0.178024949384081,
-0.160620704065118),.UNSPECIFIED.);
#58=B_SPLINE_CURVE_WITH_KNOTS('',3,(#11152,#11153,#11154,#11155,#11156,
#11157,#11158,#11159,#11160,#11161,#11162,#11163),.UNSPECIFIED.,.F.,.F.,
(4,2,2,2,2,4),(0.,0.0258626958149777,0.0830980062049895,0.121508790521636,
0.139910136673982,0.157039127349691),.UNSPECIFIED.);
#59=B_SPLINE_CURVE_WITH_KNOTS('',3,(#11164,#11165,#11166,#11167),
 .UNSPECIFIED.,.F.,.F.,(4,4),(0.403160696995243,0.404280138530609),
 .UNSPECIFIED.);
#60=B_SPLINE_CURVE_WITH_KNOTS('',3,(#11184,#11185,#11186,#11187,#11188,
#11189,#11190,#11191),.UNSPECIFIED.,.F.,.F.,(4,2,2,4),(0.115643054397815,
0.198789748075776,0.254483690727764,0.297434445751102),.UNSPECIFIED.);
#61=B_SPLINE_CURVE_WITH_KNOTS('',3,(#11195,#11196,#11197,#11198,#11199,
#11200,#11201,#11202),.UNSPECIFIED.,.F.,.F.,(4,2,2,4),(0.297434445751102,
0.340385200774471,0.396079143426557,0.479225837104703),.UNSPECIFIED.);
#62=B_SPLINE_CURVE_WITH_KNOTS('',3,(#11386,#11387,#11388,#11389,#11390,
#11391,#11392,#11393,#11394,#11395,#11396,#11397,#11398,#11399,#11400,#11401,
#11402,#11403,#11404,#11405,#11406,#11407,#11408,#11409,#11410,#11411,#11412),
 .UNSPECIFIED.,.F.,.F.,(4,1,1,1,1,1,1,1,1,1,1,1,1,1,1,1,1,1,1,1,1,1,1,1,
4),(0.326090622175812,0.326315252826379,0.328491051191942,0.329578950374724,
0.330666849557506,0.331754748740288,0.33284264792307,0.337194244654197,
0.341545841385324,0.345897438116451,0.350249034847579,0.354600631578706,
0.358952228309833,0.367655421772088,0.385061808696597,0.393765002158851,
0.428577776007869,0.445984162932378,0.454687356394633,0.45903895312576,
0.463390549856887,0.480796936781396,0.489500130243651,0.493851726974778,
0.498203323705905),.UNSPECIFIED.);
#63=B_SPLINE_CURVE_WITH_KNOTS('',3,(#11413,#11414,#11415,#11416,#11417,
#11418,#11419,#11420,#11421,#11422,#11423,#11424),.UNSPECIFIED.,.F.,.F.,
(4,2,2,2,2,4),(0.,0.047100560478749,0.0987124089802749,0.125467303612245,
0.137666754050128,0.14926090841032),.UNSPECIFIED.);
#64=B_SPLINE_CURVE_WITH_KNOTS('',3,(#11426,#11427,#11428,#11429),
 .UNSPECIFIED.,.F.,.F.,(4,4),(-0.255630922158039,-0.254513906762779),
 .UNSPECIFIED.);
#65=B_SPLINE_CURVE_WITH_KNOTS('',3,(#11430,#11431,#11432,#11433,#11434,
#11435,#11436,#11437),.UNSPECIFIED.,.F.,.F.,(4,2,2,4),(-0.140991013852912,
-0.0647701176639194,0.,0.000144252226287536),.UNSPECIFIED.);
#66=B_SPLINE_CURVE_WITH_KNOTS('',3,(#11588,#11589,#11590,#11591),
 .UNSPECIFIED.,.F.,.F.,(4,4),(-0.404280138530608,-0.403160616545985),
 .UNSPECIFIED.);
#67=B_SPLINE_CURVE_WITH_KNOTS('',3,(#11593,#11594,#11595,#11596,#11597,
#11598,#11599,#11600,#11601,#11602,#11603,#11604),.UNSPECIFIED.,.F.,.F.,
(4,2,2,2,2,4),(0.,0.014154500455268,0.0327776442779775,0.0623348267164802,
0.0939894330048849,0.124327545917547),.UNSPECIFIED.);
#68=B_SPLINE_CURVE_WITH_KNOTS('',3,(#11605,#11606,#11607,#11608,#11609,
#11610,#11611,#11612,#11613,#11614,#11615,#11616,#11617,#11618,#11619,#11620,
#11621,#11622,#11623,#11624,#11625,#11626,#11627,#11628),.UNSPECIFIED.,
 .F.,.F.,(4,1,1,1,1,1,1,1,1,1,1,1,1,1,1,1,1,1,1,1,1,4),(0.160620704065118,
0.178024949384081,0.186727072043563,0.195429194703045,0.204131317362527,
0.212833440022008,0.230237685340972,0.265046175978899,0.273748298638381,
0.282450421297863,0.291152543957345,0.299854666616827,0.308556789276308,
0.31725891193579,0.321609973265531,0.323785503930402,0.325961034595272,
0.327048799927707,0.328136565260143,0.330312095925013,0.332487626589884,
0.33264705287198),.UNSPECIFIED.);
#69=B_SPLINE_CURVE_WITH_KNOTS('',1,(#11697,#11698),.UNSPECIFIED.,.F.,.F.,
(2,2),(-13.0000002235174,-1.40998324127395E-14),.UNSPECIFIED.);
#70=B_SPLINE_CURVE_WITH_KNOTS('',1,(#11756,#11757),.UNSPECIFIED.,.F.,.F.,
(2,2),(-13.0000002235174,-1.45439216225896E-14),.UNSPECIFIED.);
#71=B_SPLINE_CURVE_WITH_KNOTS('',1,(#11823,#11824),.UNSPECIFIED.,.F.,.F.,
(2,2),(-13.0000002235174,-1.3988810110277E-14),.UNSPECIFIED.);
#72=B_SPLINE_CURVE_WITH_KNOTS('',1,(#11882,#11883),.UNSPECIFIED.,.F.,.F.,
(2,2),(-13.0000002235174,-1.37667655053519E-14),.UNSPECIFIED.);
#73=ELLIPSE('',#6226,7.07106781186548,5.);
#74=ELLIPSE('',#6228,6.40312423743286,4.);
#75=ELLIPSE('',#6229,9.93150697647022,7.5048137314163);
#76=ELLIPSE('',#6230,9.19919579967967,6.5048137314163);
#77=ELLIPSE('',#6232,7.07106781186548,5.);
#78=ELLIPSE('',#6234,6.40312423743286,4.);
#79=ELLIPSE('',#6235,9.19919579967967,6.50481373141629);
#80=ELLIPSE('',#6236,9.93150697647022,7.50481373141629);
#81=ELLIPSE('',#6239,6.40312423743284,4.);
#82=ELLIPSE('',#6240,6.40312423743285,4.);
#83=ELLIPSE('',#6242,9.19919579967967,6.5048137314163);
#84=ELLIPSE('',#6243,9.93150697647022,7.5048137314163);
#85=ELLIPSE('',#6245,7.07106781186548,5.);
#86=ELLIPSE('',#6246,6.40312423743286,4.);
#87=ELLIPSE('',#6248,7.07106781186548,5.);
#88=ELLIPSE('',#6250,6.40312423743286,4.);
#89=ELLIPSE('',#6251,9.19919579967967,6.50481373141629);
#90=ELLIPSE('',#6252,9.93150697647022,7.50481373141629);
#91=ELLIPSE('',#6255,6.40312423743285,4.);
#92=ELLIPSE('',#6256,6.40312423743285,4.);
#93=ELLIPSE('',#6258,7.07106781186548,5.);
#94=ELLIPSE('',#6260,9.93150697647021,7.50481373141629);
#95=ELLIPSE('',#6261,9.19919579967966,6.50481373141629);
#96=ELLIPSE('',#6263,7.07106781186548,5.);
#97=ELLIPSE('',#6265,9.19919579967967,6.5048137314163);
#98=ELLIPSE('',#6266,9.93150697647022,7.5048137314163);
#99=ELLIPSE('',#6269,7.07106781186547,5.);
#100=ELLIPSE('',#6271,9.19919579967966,6.5048137314163);
#101=ELLIPSE('',#6272,9.93150697647021,7.50481373141629);
#102=ELLIPSE('',#6274,7.07106781186547,5.);
#103=ELLIPSE('',#6276,9.93150697647021,7.50481373141629);
#104=ELLIPSE('',#6277,9.19919579967966,6.50481373141629);
#105=B_SPLINE_SURFACE_WITH_KNOTS('',3,3,((#9115,#9116,#9117,#9118,#9119),
(#9120,#9121,#9122,#9123,#9124),(#9125,#9126,#9127,#9128,#9129),(#9130,
#9131,#9132,#9133,#9134),(#9135,#9136,#9137,#9138,#9139)),.UNSPECIFIED.,
 .F.,.F.,.F.,(4,1,4),(4,1,4),(0.,0.5,1.),(-0.927295218001613,-0.529942743676197,
-0.000139444575642855),.UNSPECIFIED.);
#106=B_SPLINE_SURFACE_WITH_KNOTS('',3,3,((#9148,#9149,#9150,#9151),(#9152,
#9153,#9154,#9155),(#9156,#9157,#9158,#9159),(#9160,#9161,#9162,#9163)),
 .UNSPECIFIED.,.F.,.F.,.F.,(4,4),(4,4),(0.,1.),(-0.657298324200681,-0.000139444575643555),
 .UNSPECIFIED.);
#107=B_SPLINE_SURFACE_WITH_KNOTS('',3,3,((#9180,#9181,#9182,#9183,#9184,
#9185),(#9186,#9187,#9188,#9189,#9190,#9191),(#9192,#9193,#9194,#9195,#9196,
#9197),(#9198,#9199,#9200,#9201,#9202,#9203),(#9204,#9205,#9206,#9207,#9208,
#9209)),.UNSPECIFIED.,.F.,.F.,.F.,(4,1,4),(4,2,4),(0.,0.5,1.),(1.0374808614372,
1.3949397188122,1.39610175582822),.UNSPECIFIED.);
#108=B_SPLINE_SURFACE_WITH_KNOTS('',3,3,((#9218,#9219,#9220,#9221,#9222),
(#9223,#9224,#9225,#9226,#9227),(#9228,#9229,#9230,#9231,#9232),(#9233,
#9234,#9235,#9236,#9237),(#9238,#9239,#9240,#9241,#9242)),.UNSPECIFIED.,
 .F.,.F.,.F.,(4,1,4),(4,1,4),(0.,0.5,1.),(0.000139444575642855,0.397491918901058,
0.927295218001612),.UNSPECIFIED.);
#109=B_SPLINE_SURFACE_WITH_KNOTS('',3,3,((#9251,#9252,#9253,#9254),(#9255,
#9256,#9257,#9258),(#9259,#9260,#9261,#9262),(#9263,#9264,#9265,#9266)),
 .UNSPECIFIED.,.F.,.F.,.F.,(4,4),(4,4),(0.,1.),(0.000139444575643296,0.657335935470646),
 .UNSPECIFIED.);
#110=B_SPLINE_SURFACE_WITH_KNOTS('',3,3,((#9308,#9309,#9310,#9311,#9312,
#9313,#9314,#9315),(#9316,#9317,#9318,#9319,#9320,#9321,#9322,#9323),(#9324,
#9325,#9326,#9327,#9328,#9329,#9330,#9331),(#9332,#9333,#9334,#9335,#9336,
#9337,#9338,#9339)),.UNSPECIFIED.,.F.,.F.,.F.,(4,4),(4,2,1,1,4),(0.,1.),
(-0.00116203701618499,0.,0.214475314424905,0.285967085899874,0.357458857374842),
 .UNSPECIFIED.);
#111=B_SPLINE_SURFACE_WITH_KNOTS('',3,3,((#9377,#9378,#9379,#9380),(#9381,
#9382,#9383,#9384),(#9385,#9386,#9387,#9388),(#9389,#9390,#9391,#9392)),
 .UNSPECIFIED.,.F.,.F.,.F.,(4,4),(4,4),(0.,1.),(-0.657299252310384,-0.000139444575643188),
 .UNSPECIFIED.);
#112=B_SPLINE_SURFACE_WITH_KNOTS('',3,3,((#9412,#9413,#9414,#9415,#9416),
(#9417,#9418,#9419,#9420,#9421),(#9422,#9423,#9424,#9425,#9426),(#9427,
#9428,#9429,#9430,#9431),(#9432,#9433,#9434,#9435,#9436)),.UNSPECIFIED.,
 .F.,.F.,.F.,(4,1,4),(4,1,4),(0.,0.5,1.),(-0.927295218001613,-0.529942743676197,
-0.000139444575643455),.UNSPECIFIED.);
#113=B_SPLINE_SURFACE_WITH_KNOTS('',3,3,((#9442,#9443,#9444,#9445,#9446,
#9447),(#9448,#9449,#9450,#9451,#9452,#9453),(#9454,#9455,#9456,#9457,#9458,
#9459),(#9460,#9461,#9462,#9463,#9464,#9465),(#9466,#9467,#9468,#9469,#9470,
#9471)),.UNSPECIFIED.,.F.,.F.,.F.,(4,1,4),(4,2,4),(0.,0.5,1.),(1.03748086143719,
1.3949397188122,1.39610175582822),.UNSPECIFIED.);
#114=B_SPLINE_SURFACE_WITH_KNOTS('',3,3,((#9480,#9481,#9482,#9483,#9484),
(#9485,#9486,#9487,#9488,#9489),(#9490,#9491,#9492,#9493,#9494),(#9495,
#9496,#9497,#9498,#9499),(#9500,#9501,#9502,#9503,#9504)),.UNSPECIFIED.,
 .F.,.F.,.F.,(4,1,4),(4,1,4),(0.,0.5,1.),(0.000139444575643128,0.397491918901059,
0.927295218001614),.UNSPECIFIED.);
#115=B_SPLINE_SURFACE_WITH_KNOTS('',3,3,((#9513,#9514,#9515,#9516),(#9517,
#9518,#9519,#9520),(#9521,#9522,#9523,#9524),(#9525,#9526,#9527,#9528)),
 .UNSPECIFIED.,.F.,.F.,.F.,(4,4),(4,4),(0.,1.),(0.000139444575643308,0.657335935470646),
 .UNSPECIFIED.);
#116=B_SPLINE_SURFACE_WITH_KNOTS('',3,3,((#9570,#9571,#9572,#9573,#9574,
#9575,#9576,#9577),(#9578,#9579,#9580,#9581,#9582,#9583,#9584,#9585),(#9586,
#9587,#9588,#9589,#9590,#9591,#9592,#9593),(#9594,#9595,#9596,#9597,#9598,
#9599,#9600,#9601)),.UNSPECIFIED.,.F.,.F.,.F.,(4,4),(4,2,1,1,4),(0.,1.),
(-0.00116203701591012,0.,0.214475314425068,0.285967085900091,0.357458857375114),
 .UNSPECIFIED.);
#117=B_SPLINE_SURFACE_WITH_KNOTS('',3,3,((#9639,#9640,#9641,#9642,#9643),
(#9644,#9645,#9646,#9647,#9648),(#9649,#9650,#9651,#9652,#9653),(#9654,
#9655,#9656,#9657,#9658),(#9659,#9660,#9661,#9662,#9663)),.UNSPECIFIED.,
 .F.,.F.,.F.,(4,1,4),(4,1,4),(0.,0.5,1.),(-0.927295218001612,-0.529942743676197,
-0.000139444575642855),.UNSPECIFIED.);
#118=B_SPLINE_SURFACE_WITH_KNOTS('',3,3,((#9669,#9670,#9671,#9672),(#9673,
#9674,#9675,#9676),(#9677,#9678,#9679,#9680),(#9681,#9682,#9683,#9684)),
 .UNSPECIFIED.,.F.,.F.,.F.,(4,4),(4,4),(0.,1.),(-0.657298324200679,-0.000139444575643296),
 .UNSPECIFIED.);
#119=B_SPLINE_SURFACE_WITH_KNOTS('',3,3,((#9701,#9702,#9703,#9704,#9705,
#9706),(#9707,#9708,#9709,#9710,#9711,#9712),(#9713,#9714,#9715,#9716,#9717,
#9718),(#9719,#9720,#9721,#9722,#9723,#9724),(#9725,#9726,#9727,#9728,#9729,
#9730)),.UNSPECIFIED.,.F.,.F.,.F.,(4,1,4),(4,2,4),(0.,0.5,1.),(1.03747130212879,
1.39493111120166,1.39609206796351),.UNSPECIFIED.);
#120=B_SPLINE_SURFACE_WITH_KNOTS('',3,3,((#9732,#9733,#9734,#9735,#9736),
(#9737,#9738,#9739,#9740,#9741),(#9742,#9743,#9744,#9745,#9746),(#9747,
#9748,#9749,#9750,#9751),(#9752,#9753,#9754,#9755,#9756)),.UNSPECIFIED.,
 .F.,.F.,.F.,(4,1,4),(4,1,4),(0.,0.5,1.),(0.000139444575643299,0.397491918901059,
0.927295218001612),.UNSPECIFIED.);
#121=B_SPLINE_SURFACE_WITH_KNOTS('',3,3,((#9762,#9763,#9764,#9765),(#9766,
#9767,#9768,#9769),(#9770,#9771,#9772,#9773),(#9774,#9775,#9776,#9777)),
 .UNSPECIFIED.,.F.,.F.,.F.,(4,4),(4,4),(0.,1.),(0.000139444575643237,0.657335935470646),
 .UNSPECIFIED.);
#122=B_SPLINE_SURFACE_WITH_KNOTS('',3,3,((#9819,#9820,#9821,#9822,#9823,
#9824,#9825,#9826),(#9827,#9828,#9829,#9830,#9831,#9832,#9833,#9834),(#9835,
#9836,#9837,#9838,#9839,#9840,#9841,#9842),(#9843,#9844,#9845,#9846,#9847,
#9848,#9849,#9850)),.UNSPECIFIED.,.F.,.F.,.F.,(4,4),(4,2,1,1,4),(0.,1.),
(-0.00116095676185613,0.,0.214475885443724,0.285967847258298,0.357459809072873),
 .UNSPECIFIED.);
#123=B_SPLINE_SURFACE_WITH_KNOTS('',3,3,((#9856,#9857,#9858,#9859,#9860),
(#9861,#9862,#9863,#9864,#9865),(#9866,#9867,#9868,#9869,#9870),(#9871,
#9872,#9873,#9874,#9875),(#9876,#9877,#9878,#9879,#9880)),.UNSPECIFIED.,
 .F.,.F.,.F.,(4,1,4),(4,1,4),(0.,0.5,1.),(0.000139444575642855,0.397491918901058,
0.927295218001612),.UNSPECIFIED.);
#124=B_SPLINE_SURFACE_WITH_KNOTS('',3,3,((#9886,#9887,#9888,#9889),(#9890,
#9891,#9892,#9893),(#9894,#9895,#9896,#9897),(#9898,#9899,#9900,#9901)),
 .UNSPECIFIED.,.F.,.F.,.F.,(4,4),(4,4),(0.,1.),(0.000139444575643555,0.657335935470646),
 .UNSPECIFIED.);
#125=B_SPLINE_SURFACE_WITH_KNOTS('',3,3,((#9943,#9944,#9945,#9946,#9947,
#9948,#9949,#9950),(#9951,#9952,#9953,#9954,#9955,#9956,#9957,#9958),(#9959,
#9960,#9961,#9962,#9963,#9964,#9965,#9966),(#9967,#9968,#9969,#9970,#9971,
#9972,#9973,#9974)),.UNSPECIFIED.,.F.,.F.,.F.,(4,4),(4,2,1,1,4),(0.,1.),
(-0.00116095676200093,0.,0.214475885443637,0.285967847258183,0.357459809072728),
 .UNSPECIFIED.);
#126=B_SPLINE_SURFACE_WITH_KNOTS('',3,3,((#9976,#9977,#9978,#9979,#9980),
(#9981,#9982,#9983,#9984,#9985),(#9986,#9987,#9988,#9989,#9990),(#9991,
#9992,#9993,#9994,#9995),(#9996,#9997,#9998,#9999,#10000)),
 .UNSPECIFIED.,.F.,.F.,.F.,(4,1,4),(4,1,4),(0.,0.5,1.),(-0.927295218001612,
-0.529942743676197,-0.000139444575642855),.UNSPECIFIED.);
#127=B_SPLINE_SURFACE_WITH_KNOTS('',3,3,((#10006,#10007,#10008,#10009),
(#10010,#10011,#10012,#10013),(#10014,#10015,#10016,#10017),(#10018,#10019,
#10020,#10021)),.UNSPECIFIED.,.F.,.F.,.F.,(4,4),(4,4),(0.,1.),(-0.657298324200679,
-0.000139444575643296),.UNSPECIFIED.);
#128=B_SPLINE_SURFACE_WITH_KNOTS('',3,3,((#10038,#10039,#10040,#10041,#10042,
#10043),(#10044,#10045,#10046,#10047,#10048,#10049),(#10050,#10051,#10052,
#10053,#10054,#10055),(#10056,#10057,#10058,#10059,#10060,#10061),(#10062,
#10063,#10064,#10065,#10066,#10067)),.UNSPECIFIED.,.F.,.F.,.F.,(4,1,4),
(4,2,4),(0.,0.5,1.),(1.03747130212879,1.39493111120166,1.39609206796351),
 .UNSPECIFIED.);
#129=B_SPLINE_SURFACE_WITH_KNOTS('',3,3,((#10753,#10754,#10755,#10756,#10757,
#10758,#10759,#10760,#10761,#10762,#10763,#10764,#10765,#10766,#10767,#10768,
#10769,#10770,#10771,#10772,#10773,#10774,#10775,#10776,#10777,#10778,#10779,
#10780,#10781,#10782,#10783,#10784,#10785,#10786,#10787),(#10788,#10789,
#10790,#10791,#10792,#10793,#10794,#10795,#10796,#10797,#10798,#10799,#10800,
#10801,#10802,#10803,#10804,#10805,#10806,#10807,#10808,#10809,#10810,#10811,
#10812,#10813,#10814,#10815,#10816,#10817,#10818,#10819,#10820,#10821,#10822),
(#10823,#10824,#10825,#10826,#10827,#10828,#10829,#10830,#10831,#10832,
#10833,#10834,#10835,#10836,#10837,#10838,#10839,#10840,#10841,#10842,#10843,
#10844,#10845,#10846,#10847,#10848,#10849,#10850,#10851,#10852,#10853,#10854,
#10855,#10856,#10857),(#10858,#10859,#10860,#10861,#10862,#10863,#10864,
#10865,#10866,#10867,#10868,#10869,#10870,#10871,#10872,#10873,#10874,#10875,
#10876,#10877,#10878,#10879,#10880,#10881,#10882,#10883,#10884,#10885,#10886,
#10887,#10888,#10889,#10890,#10891,#10892),(#10893,#10894,#10895,#10896,
#10897,#10898,#10899,#10900,#10901,#10902,#10903,#10904,#10905,#10906,#10907,
#10908,#10909,#10910,#10911,#10912,#10913,#10914,#10915,#10916,#10917,#10918,
#10919,#10920,#10921,#10922,#10923,#10924,#10925,#10926,#10927)),
 .UNSPECIFIED.,.F.,.F.,.F.,(4,1,4),(4,1,1,1,1,1,1,1,1,1,1,1,1,1,1,1,1,1,
1,1,1,1,1,1,1,1,1,1,1,1,1,1,4),(0.,0.571428571428571,1.),(0.254513906762778,
0.271920293687287,0.280623487149542,0.289326680611797,0.306733067536306,
0.31543626099856,0.319787857729688,0.324139454460815,0.325227353643597,
0.326315252826379,0.328491051191942,0.329578950374724,0.330666849557506,
0.331754748740288,0.33284264792307,0.337194244654197,0.341545841385324,
0.345897438116451,0.350249034847579,0.354600631578706,0.358952228309833,
0.367655421772088,0.385061808696597,0.393765002158852,0.42857777600787,
0.445984162932379,0.454687356394634,0.459038953125761,0.463390549856888,
0.480796936781398,0.489500130243652,0.49385172697478,0.498203323705907),
 .UNSPECIFIED.);
#130=B_SPLINE_SURFACE_WITH_KNOTS('',3,3,((#10982,#10983,#10984,#10985,#10986,
#10987,#10988,#10989,#10990,#10991,#10992,#10993,#10994,#10995,#10996,#10997,
#10998,#10999,#11000,#11001,#11002,#11003,#11004,#11005,#11006,#11007,#11008,
#11009,#11010),(#11011,#11012,#11013,#11014,#11015,#11016,#11017,#11018,
#11019,#11020,#11021,#11022,#11023,#11024,#11025,#11026,#11027,#11028,#11029,
#11030,#11031,#11032,#11033,#11034,#11035,#11036,#11037,#11038,#11039),
(#11040,#11041,#11042,#11043,#11044,#11045,#11046,#11047,#11048,#11049,
#11050,#11051,#11052,#11053,#11054,#11055,#11056,#11057,#11058,#11059,#11060,
#11061,#11062,#11063,#11064,#11065,#11066,#11067,#11068),(#11069,#11070,
#11071,#11072,#11073,#11074,#11075,#11076,#11077,#11078,#11079,#11080,#11081,
#11082,#11083,#11084,#11085,#11086,#11087,#11088,#11089,#11090,#11091,#11092,
#11093,#11094,#11095,#11096,#11097),(#11098,#11099,#11100,#11101,#11102,
#11103,#11104,#11105,#11106,#11107,#11108,#11109,#11110,#11111,#11112,#11113,
#11114,#11115,#11116,#11117,#11118,#11119,#11120,#11121,#11122,#11123,#11124,
#11125,#11126)),.UNSPECIFIED.,.F.,.F.,.F.,(4,1,4),(4,1,1,1,1,1,1,1,1,1,
1,1,1,1,1,1,1,1,1,1,1,1,1,1,1,1,4),(0.,0.571428571428571,1.),(0.160620704065118,
0.178024949384081,0.195429194703045,0.230237685340972,0.238939808000454,
0.247641930659936,0.2650461759789,0.282450421297863,0.291152543957345,0.299854666616827,
0.308556789276309,0.31290785060605,0.317258911935791,0.321609973265532,
0.323785503930402,0.325961034595273,0.327048799927708,0.328136565260143,
0.329224330592578,0.330312095925014,0.332487626589884,0.334663157254754,
0.339014218584495,0.343365279914236,0.352067402573718,0.369471647892682,
0.404280138530609),.UNSPECIFIED.);
#131=B_SPLINE_SURFACE_WITH_KNOTS('',3,3,((#11209,#11210,#11211,#11212,#11213,
#11214,#11215,#11216,#11217,#11218,#11219,#11220,#11221,#11222,#11223,#11224,
#11225,#11226,#11227,#11228,#11229,#11230,#11231,#11232,#11233,#11234,#11235,
#11236,#11237,#11238,#11239,#11240,#11241,#11242,#11243),(#11244,#11245,
#11246,#11247,#11248,#11249,#11250,#11251,#11252,#11253,#11254,#11255,#11256,
#11257,#11258,#11259,#11260,#11261,#11262,#11263,#11264,#11265,#11266,#11267,
#11268,#11269,#11270,#11271,#11272,#11273,#11274,#11275,#11276,#11277,#11278),
(#11279,#11280,#11281,#11282,#11283,#11284,#11285,#11286,#11287,#11288,
#11289,#11290,#11291,#11292,#11293,#11294,#11295,#11296,#11297,#11298,#11299,
#11300,#11301,#11302,#11303,#11304,#11305,#11306,#11307,#11308,#11309,#11310,
#11311,#11312,#11313),(#11314,#11315,#11316,#11317,#11318,#11319,#11320,
#11321,#11322,#11323,#11324,#11325,#11326,#11327,#11328,#11329,#11330,#11331,
#11332,#11333,#11334,#11335,#11336,#11337,#11338,#11339,#11340,#11341,#11342,
#11343,#11344,#11345,#11346,#11347,#11348),(#11349,#11350,#11351,#11352,
#11353,#11354,#11355,#11356,#11357,#11358,#11359,#11360,#11361,#11362,#11363,
#11364,#11365,#11366,#11367,#11368,#11369,#11370,#11371,#11372,#11373,#11374,
#11375,#11376,#11377,#11378,#11379,#11380,#11381,#11382,#11383)),
 .UNSPECIFIED.,.F.,.F.,.F.,(4,1,4),(4,1,1,1,1,1,1,1,1,1,1,1,1,1,1,1,1,1,
1,1,1,1,1,1,1,1,1,1,1,1,1,1,4),(0.,0.571428571428571,1.),(0.254513906762779,
0.271920293687288,0.280623487149542,0.289326680611797,0.306733067536306,
0.31543626099856,0.319787857729688,0.324139454460815,0.325227353643597,
0.326315252826379,0.328491051191942,0.329578950374724,0.330666849557506,
0.331754748740288,0.33284264792307,0.337194244654197,0.341545841385324,
0.345897438116451,0.350249034847579,0.354600631578706,0.358952228309833,
0.367655421772088,0.385061808696597,0.393765002158851,0.428577776007869,
0.445984162932378,0.454687356394633,0.45903895312576,0.463390549856887,
0.480796936781396,0.489500130243651,0.493851726974778,0.498203323705905),
 .UNSPECIFIED.);
#132=B_SPLINE_SURFACE_WITH_KNOTS('',3,3,((#11438,#11439,#11440,#11441,#11442,
#11443,#11444,#11445,#11446,#11447,#11448,#11449,#11450,#11451,#11452,#11453,
#11454,#11455,#11456,#11457,#11458,#11459,#11460,#11461,#11462,#11463,#11464,
#11465,#11466,#11467),(#11468,#11469,#11470,#11471,#11472,#11473,#11474,
#11475,#11476,#11477,#11478,#11479,#11480,#11481,#11482,#11483,#11484,#11485,
#11486,#11487,#11488,#11489,#11490,#11491,#11492,#11493,#11494,#11495,#11496,
#11497),(#11498,#11499,#11500,#11501,#11502,#11503,#11504,#11505,#11506,
#11507,#11508,#11509,#11510,#11511,#11512,#11513,#11514,#11515,#11516,#11517,
#11518,#11519,#11520,#11521,#11522,#11523,#11524,#11525,#11526,#11527),
(#11528,#11529,#11530,#11531,#11532,#11533,#11534,#11535,#11536,#11537,
#11538,#11539,#11540,#11541,#11542,#11543,#11544,#11545,#11546,#11547,#11548,
#11549,#11550,#11551,#11552,#11553,#11554,#11555,#11556,#11557),(#11558,
#11559,#11560,#11561,#11562,#11563,#11564,#11565,#11566,#11567,#11568,#11569,
#11570,#11571,#11572,#11573,#11574,#11575,#11576,#11577,#11578,#11579,#11580,
#11581,#11582,#11583,#11584,#11585,#11586,#11587)),.UNSPECIFIED.,.F.,.F.,
 .F.,(4,1,4),(4,1,1,1,1,1,1,1,1,1,1,1,1,1,1,1,1,1,1,1,1,1,1,1,1,1,1,4),
(0.,0.571428571428571,1.),(0.160620704065118,0.178024949384081,0.186727072043563,
0.195429194703045,0.204131317362527,0.212833440022008,0.230237685340972,
0.265046175978899,0.273748298638381,0.282450421297863,0.291152543957345,
0.299854666616827,0.308556789276308,0.31725891193579,0.321609973265531,
0.323785503930402,0.325961034595272,0.327048799927707,0.328136565260143,
0.330312095925013,0.332487626589884,0.334663157254754,0.336838687919624,
0.339014218584495,0.343365279914236,0.352067402573718,0.369471647892681,
0.404280138530608),.UNSPECIFIED.);
#133=ITEM_DEFINED_TRANSFORMATION($,$,#5845,#5882);
#134=ITEM_DEFINED_TRANSFORMATION($,$,#5854,#5883);
#135=ITEM_DEFINED_TRANSFORMATION($,$,#5865,#5884);
#136=ITEM_DEFINED_TRANSFORMATION($,$,#6051,#6161);
#137=ITEM_DEFINED_TRANSFORMATION($,$,#6106,#6162);
#138=ITEM_DEFINED_TRANSFORMATION($,$,#5844,#6459);
#139=ITEM_DEFINED_TRANSFORMATION($,$,#5885,#6460);
#140=ITEM_DEFINED_TRANSFORMATION($,$,#6050,#6461);
#141=ITEM_DEFINED_TRANSFORMATION($,$,#6163,#6462);
#142=ITEM_DEFINED_TRANSFORMATION($,$,#6197,#6463);
#143=ITEM_DEFINED_TRANSFORMATION($,$,#6224,#6464);
#144=ITEM_DEFINED_TRANSFORMATION($,$,#6336,#6465);
#145=ITEM_DEFINED_TRANSFORMATION($,$,#6336,#6466);
#146=ITEM_DEFINED_TRANSFORMATION($,$,#6336,#6467);
#147=ITEM_DEFINED_TRANSFORMATION($,$,#6336,#6468);
#148=ITEM_DEFINED_TRANSFORMATION($,$,#6358,#6469);
#149=ITEM_DEFINED_TRANSFORMATION($,$,#6358,#6470);
#150=ITEM_DEFINED_TRANSFORMATION($,$,#6358,#6471);
#151=ITEM_DEFINED_TRANSFORMATION($,$,#6358,#6472);
#152=ITEM_DEFINED_TRANSFORMATION($,$,#6358,#6473);
#153=ITEM_DEFINED_TRANSFORMATION($,$,#6358,#6474);
#154=ITEM_DEFINED_TRANSFORMATION($,$,#6358,#6475);
#155=ITEM_DEFINED_TRANSFORMATION($,$,#6358,#6476);
#156=ITEM_DEFINED_TRANSFORMATION($,$,#6385,#6477);
#157=ITEM_DEFINED_TRANSFORMATION($,$,#6385,#6478);
#158=ITEM_DEFINED_TRANSFORMATION($,$,#6420,#6479);
#159=(
REPRESENTATION_RELATIONSHIP($,$,#12048,#12047)
REPRESENTATION_RELATIONSHIP_WITH_TRANSFORMATION(#133)
SHAPE_REPRESENTATION_RELATIONSHIP()
);
#160=(
REPRESENTATION_RELATIONSHIP($,$,#12049,#12047)
REPRESENTATION_RELATIONSHIP_WITH_TRANSFORMATION(#134)
SHAPE_REPRESENTATION_RELATIONSHIP()
);
#161=(
REPRESENTATION_RELATIONSHIP($,$,#12050,#12047)
REPRESENTATION_RELATIONSHIP_WITH_TRANSFORMATION(#135)
SHAPE_REPRESENTATION_RELATIONSHIP()
);
#162=(
REPRESENTATION_RELATIONSHIP($,$,#12053,#12052)
REPRESENTATION_RELATIONSHIP_WITH_TRANSFORMATION(#136)
SHAPE_REPRESENTATION_RELATIONSHIP()
);
#163=(
REPRESENTATION_RELATIONSHIP($,$,#12054,#12052)
REPRESENTATION_RELATIONSHIP_WITH_TRANSFORMATION(#137)
SHAPE_REPRESENTATION_RELATIONSHIP()
);
#164=(
REPRESENTATION_RELATIONSHIP($,$,#12047,#12046)
REPRESENTATION_RELATIONSHIP_WITH_TRANSFORMATION(#138)
SHAPE_REPRESENTATION_RELATIONSHIP()
);
#165=(
REPRESENTATION_RELATIONSHIP($,$,#12051,#12046)
REPRESENTATION_RELATIONSHIP_WITH_TRANSFORMATION(#139)
SHAPE_REPRESENTATION_RELATIONSHIP()
);
#166=(
REPRESENTATION_RELATIONSHIP($,$,#12052,#12046)
REPRESENTATION_RELATIONSHIP_WITH_TRANSFORMATION(#140)
SHAPE_REPRESENTATION_RELATIONSHIP()
);
#167=(
REPRESENTATION_RELATIONSHIP($,$,#12055,#12046)
REPRESENTATION_RELATIONSHIP_WITH_TRANSFORMATION(#141)
SHAPE_REPRESENTATION_RELATIONSHIP()
);
#168=(
REPRESENTATION_RELATIONSHIP($,$,#12056,#12046)
REPRESENTATION_RELATIONSHIP_WITH_TRANSFORMATION(#142)
SHAPE_REPRESENTATION_RELATIONSHIP()
);
#169=(
REPRESENTATION_RELATIONSHIP($,$,#12057,#12046)
REPRESENTATION_RELATIONSHIP_WITH_TRANSFORMATION(#143)
SHAPE_REPRESENTATION_RELATIONSHIP()
);
#170=(
REPRESENTATION_RELATIONSHIP($,$,#12058,#12046)
REPRESENTATION_RELATIONSHIP_WITH_TRANSFORMATION(#144)
SHAPE_REPRESENTATION_RELATIONSHIP()
);
#171=(
REPRESENTATION_RELATIONSHIP($,$,#12058,#12046)
REPRESENTATION_RELATIONSHIP_WITH_TRANSFORMATION(#145)
SHAPE_REPRESENTATION_RELATIONSHIP()
);
#172=(
REPRESENTATION_RELATIONSHIP($,$,#12058,#12046)
REPRESENTATION_RELATIONSHIP_WITH_TRANSFORMATION(#146)
SHAPE_REPRESENTATION_RELATIONSHIP()
);
#173=(
REPRESENTATION_RELATIONSHIP($,$,#12058,#12046)
REPRESENTATION_RELATIONSHIP_WITH_TRANSFORMATION(#147)
SHAPE_REPRESENTATION_RELATIONSHIP()
);
#174=(
REPRESENTATION_RELATIONSHIP($,$,#12059,#12046)
REPRESENTATION_RELATIONSHIP_WITH_TRANSFORMATION(#148)
SHAPE_REPRESENTATION_RELATIONSHIP()
);
#175=(
REPRESENTATION_RELATIONSHIP($,$,#12059,#12046)
REPRESENTATION_RELATIONSHIP_WITH_TRANSFORMATION(#149)
SHAPE_REPRESENTATION_RELATIONSHIP()
);
#176=(
REPRESENTATION_RELATIONSHIP($,$,#12059,#12046)
REPRESENTATION_RELATIONSHIP_WITH_TRANSFORMATION(#150)
SHAPE_REPRESENTATION_RELATIONSHIP()
);
#177=(
REPRESENTATION_RELATIONSHIP($,$,#12059,#12046)
REPRESENTATION_RELATIONSHIP_WITH_TRANSFORMATION(#151)
SHAPE_REPRESENTATION_RELATIONSHIP()
);
#178=(
REPRESENTATION_RELATIONSHIP($,$,#12059,#12046)
REPRESENTATION_RELATIONSHIP_WITH_TRANSFORMATION(#152)
SHAPE_REPRESENTATION_RELATIONSHIP()
);
#179=(
REPRESENTATION_RELATIONSHIP($,$,#12059,#12046)
REPRESENTATION_RELATIONSHIP_WITH_TRANSFORMATION(#153)
SHAPE_REPRESENTATION_RELATIONSHIP()
);
#180=(
REPRESENTATION_RELATIONSHIP($,$,#12059,#12046)
REPRESENTATION_RELATIONSHIP_WITH_TRANSFORMATION(#154)
SHAPE_REPRESENTATION_RELATIONSHIP()
);
#181=(
REPRESENTATION_RELATIONSHIP($,$,#12059,#12046)
REPRESENTATION_RELATIONSHIP_WITH_TRANSFORMATION(#155)
SHAPE_REPRESENTATION_RELATIONSHIP()
);
#182=(
REPRESENTATION_RELATIONSHIP($,$,#12060,#12046)
REPRESENTATION_RELATIONSHIP_WITH_TRANSFORMATION(#156)
SHAPE_REPRESENTATION_RELATIONSHIP()
);
#183=(
REPRESENTATION_RELATIONSHIP($,$,#12060,#12046)
REPRESENTATION_RELATIONSHIP_WITH_TRANSFORMATION(#157)
SHAPE_REPRESENTATION_RELATIONSHIP()
);
#184=(
REPRESENTATION_RELATIONSHIP($,$,#12061,#12046)
REPRESENTATION_RELATIONSHIP_WITH_TRANSFORMATION(#158)
SHAPE_REPRESENTATION_RELATIONSHIP()
);
#185=CONTEXT_DEPENDENT_SHAPE_REPRESENTATION(#159,#12009);
#186=CONTEXT_DEPENDENT_SHAPE_REPRESENTATION(#160,#12010);
#187=CONTEXT_DEPENDENT_SHAPE_REPRESENTATION(#161,#12011);
#188=CONTEXT_DEPENDENT_SHAPE_REPRESENTATION(#162,#12016);
#189=CONTEXT_DEPENDENT_SHAPE_REPRESENTATION(#163,#12017);
#190=CONTEXT_DEPENDENT_SHAPE_REPRESENTATION(#164,#12025);
#191=CONTEXT_DEPENDENT_SHAPE_REPRESENTATION(#165,#12026);
#192=CONTEXT_DEPENDENT_SHAPE_REPRESENTATION(#166,#12027);
#193=CONTEXT_DEPENDENT_SHAPE_REPRESENTATION(#167,#12028);
#194=CONTEXT_DEPENDENT_SHAPE_REPRESENTATION(#168,#12029);
#195=CONTEXT_DEPENDENT_SHAPE_REPRESENTATION(#169,#12030);
#196=CONTEXT_DEPENDENT_SHAPE_REPRESENTATION(#170,#12031);
#197=CONTEXT_DEPENDENT_SHAPE_REPRESENTATION(#171,#12032);
#198=CONTEXT_DEPENDENT_SHAPE_REPRESENTATION(#172,#12033);
#199=CONTEXT_DEPENDENT_SHAPE_REPRESENTATION(#173,#12034);
#200=CONTEXT_DEPENDENT_SHAPE_REPRESENTATION(#174,#12035);
#201=CONTEXT_DEPENDENT_SHAPE_REPRESENTATION(#175,#12036);
#202=CONTEXT_DEPENDENT_SHAPE_REPRESENTATION(#176,#12037);
#203=CONTEXT_DEPENDENT_SHAPE_REPRESENTATION(#177,#12038);
#204=CONTEXT_DEPENDENT_SHAPE_REPRESENTATION(#178,#12039);
#205=CONTEXT_DEPENDENT_SHAPE_REPRESENTATION(#179,#12040);
#206=CONTEXT_DEPENDENT_SHAPE_REPRESENTATION(#180,#12041);
#207=CONTEXT_DEPENDENT_SHAPE_REPRESENTATION(#181,#12042);
#208=CONTEXT_DEPENDENT_SHAPE_REPRESENTATION(#182,#12043);
#209=CONTEXT_DEPENDENT_SHAPE_REPRESENTATION(#183,#12044);
#210=CONTEXT_DEPENDENT_SHAPE_REPRESENTATION(#184,#12045);
#211=NEXT_ASSEMBLY_USAGE_OCCURRENCE('copper hotside:1',
'copper hotside:1','copper hotside:1',#12064,#12065,'copper hotside:1');
#212=NEXT_ASSEMBLY_USAGE_OCCURRENCE('titanium throat:1',
'titanium throat:1','titanium throat:1',#12064,#12066,
'titanium throat:1');
#213=NEXT_ASSEMBLY_USAGE_OCCURRENCE('copper coldside:1',
'copper coldside:1','copper coldside:1',#12064,#12067,
'copper coldside:1');
#214=NEXT_ASSEMBLY_USAGE_OCCURRENCE('Brace (1):1','Brace (1):1',
'Brace (1):1',#12069,#12070,'Brace (1):1');
#215=NEXT_ASSEMBLY_USAGE_OCCURRENCE('Brace:1','Brace:1','Brace:1',#12069,
#12071,'Brace:1');
#216=NEXT_ASSEMBLY_USAGE_OCCURRENCE('hotend_heatbreak v1:1',
'hotend_heatbreak v1:1','hotend_heatbreak v1:1',#12063,#12064,
'hotend_heatbreak v1:1');
#217=NEXT_ASSEMBLY_USAGE_OCCURRENCE('Heatsink:1','Heatsink:1',
'Heatsink:1',#12063,#12068,'Heatsink:1');
#218=NEXT_ASSEMBLY_USAGE_OCCURRENCE('Braces:1','Braces:1','Braces:1',#12063,
#12069,'Braces:1');
#219=NEXT_ASSEMBLY_USAGE_OCCURRENCE('E3D V6 Nozzle (0.4mm) (1) v2:1',
'E3D V6 Nozzle (0.4mm) (1) v2:1','E3D V6 Nozzle (0.4mm) (1) v2:1',#12063,
#12072,'E3D V6 Nozzle (0.4mm) (1) v2:1');
#220=NEXT_ASSEMBLY_USAGE_OCCURRENCE('meltzone adapter v1:1',
'meltzone adapter v1:1','meltzone adapter v1:1',#12063,#12073,
'meltzone adapter v1:1');
#221=NEXT_ASSEMBLY_USAGE_OCCURRENCE('dual80mmheater_HotBlock v9:1',
'dual80mmheater_HotBlock v9:1','dual80mmheater_HotBlock v9:1',#12063,#12074,
'dual80mmheater_HotBlock v9:1');
#222=NEXT_ASSEMBLY_USAGE_OCCURRENCE(
'Hexagon Socket Set Screw ISO 4027 - M3 x 3 Steel 4.6 Plain v1:1',
'Hexagon Socket Set Screw ISO 4027 - M3 x 3 Steel 4.6 Plain v1:1',
'Hexagon Socket Set Screw ISO 4027 - M3 x 3 Steel 4.6 Plain v1:1',#12063,
#12075,
'Hexagon Socket Set Screw ISO 4027 - M3 x 3 Steel 4.6 Plain v1:1');
#223=NEXT_ASSEMBLY_USAGE_OCCURRENCE(
'Hexagon Socket Set Screw ISO 4027 - M3 x 3 Steel 4.6 Plain v1:2',
'Hexagon Socket Set Screw ISO 4027 - M3 x 3 Steel 4.6 Plain v1:2',
'Hexagon Socket Set Screw ISO 4027 - M3 x 3 Steel 4.6 Plain v1:2',#12063,
#12075,
'Hexagon Socket Set Screw ISO 4027 - M3 x 3 Steel 4.6 Plain v1:2');
#224=NEXT_ASSEMBLY_USAGE_OCCURRENCE(
'Hexagon Socket Set Screw ISO 4027 - M3 x 3 Steel 4.6 Plain v1:3',
'Hexagon Socket Set Screw ISO 4027 - M3 x 3 Steel 4.6 Plain v1:3',
'Hexagon Socket Set Screw ISO 4027 - M3 x 3 Steel 4.6 Plain v1:3',#12063,
#12075,
'Hexagon Socket Set Screw ISO 4027 - M3 x 3 Steel 4.6 Plain v1:3');
#225=NEXT_ASSEMBLY_USAGE_OCCURRENCE(
'Hexagon Socket Set Screw ISO 4027 - M3 x 3 Steel 4.6 Plain v1:4',
'Hexagon Socket Set Screw ISO 4027 - M3 x 3 Steel 4.6 Plain v1:4',
'Hexagon Socket Set Screw ISO 4027 - M3 x 3 Steel 4.6 Plain v1:4',#12063,
#12075,
'Hexagon Socket Set Screw ISO 4027 - M3 x 3 Steel 4.6 Plain v1:4');
#226=NEXT_ASSEMBLY_USAGE_OCCURRENCE(
'Hexagon Socket Head Cap Screw ISO 4762 - M2 x 5 Steel 4.6 Plain v1:1',
'Hexagon Socket Head Cap Screw ISO 4762 - M2 x 5 Steel 4.6 Plain v1:1',
'Hexagon Socket Head Cap Screw ISO 4762 - M2 x 5 Steel 4.6 Plain v1:1',
#12063,#12076,
'Hexagon Socket Head Cap Screw ISO 4762 - M2 x 5 Steel 4.6 Plain v1:1');
#227=NEXT_ASSEMBLY_USAGE_OCCURRENCE(
'Hexagon Socket Head Cap Screw ISO 4762 - M2 x 5 Steel 4.6 Plain v1:2',
'Hexagon Socket Head Cap Screw ISO 4762 - M2 x 5 Steel 4.6 Plain v1:2',
'Hexagon Socket Head Cap Screw ISO 4762 - M2 x 5 Steel 4.6 Plain v1:2',
#12063,#12076,
'Hexagon Socket Head Cap Screw ISO 4762 - M2 x 5 Steel 4.6 Plain v1:2');
#228=NEXT_ASSEMBLY_USAGE_OCCURRENCE(
'Hexagon Socket Head Cap Screw ISO 4762 - M2 x 5 Steel 4.6 Plain v1:3',
'Hexagon Socket Head Cap Screw ISO 4762 - M2 x 5 Steel 4.6 Plain v1:3',
'Hexagon Socket Head Cap Screw ISO 4762 - M2 x 5 Steel 4.6 Plain v1:3',
#12063,#12076,
'Hexagon Socket Head Cap Screw ISO 4762 - M2 x 5 Steel 4.6 Plain v1:3');
#229=NEXT_ASSEMBLY_USAGE_OCCURRENCE(
'Hexagon Socket Head Cap Screw ISO 4762 - M2 x 5 Steel 4.6 Plain v1:4',
'Hexagon Socket Head Cap Screw ISO 4762 - M2 x 5 Steel 4.6 Plain v1:4',
'Hexagon Socket Head Cap Screw ISO 4762 - M2 x 5 Steel 4.6 Plain v1:4',
#12063,#12076,
'Hexagon Socket Head Cap Screw ISO 4762 - M2 x 5 Steel 4.6 Plain v1:4');
#230=NEXT_ASSEMBLY_USAGE_OCCURRENCE(
'Hexagon Socket Head Cap Screw ISO 4762 - M2 x 5 Steel 4.6 Plain v1:5',
'Hexagon Socket Head Cap Screw ISO 4762 - M2 x 5 Steel 4.6 Plain v1:5',
'Hexagon Socket Head Cap Screw ISO 4762 - M2 x 5 Steel 4.6 Plain v1:5',
#12063,#12076,
'Hexagon Socket Head Cap Screw ISO 4762 - M2 x 5 Steel 4.6 Plain v1:5');
#231=NEXT_ASSEMBLY_USAGE_OCCURRENCE(
'Hexagon Socket Head Cap Screw ISO 4762 - M2 x 5 Steel 4.6 Plain v1:6',
'Hexagon Socket Head Cap Screw ISO 4762 - M2 x 5 Steel 4.6 Plain v1:6',
'Hexagon Socket Head Cap Screw ISO 4762 - M2 x 5 Steel 4.6 Plain v1:6',
#12063,#12076,
'Hexagon Socket Head Cap Screw ISO 4762 - M2 x 5 Steel 4.6 Plain v1:6');
#232=NEXT_ASSEMBLY_USAGE_OCCURRENCE(
'Hexagon Socket Head Cap Screw ISO 4762 - M2 x 5 Steel 4.6 Plain v1:7',
'Hexagon Socket Head Cap Screw ISO 4762 - M2 x 5 Steel 4.6 Plain v1:7',
'Hexagon Socket Head Cap Screw ISO 4762 - M2 x 5 Steel 4.6 Plain v1:7',
#12063,#12076,
'Hexagon Socket Head Cap Screw ISO 4762 - M2 x 5 Steel 4.6 Plain v1:7');
#233=NEXT_ASSEMBLY_USAGE_OCCURRENCE(
'Hexagon Socket Head Cap Screw ISO 4762 - M2 x 5 Steel 4.6 Plain v1:8',
'Hexagon Socket Head Cap Screw ISO 4762 - M2 x 5 Steel 4.6 Plain v1:8',
'Hexagon Socket Head Cap Screw ISO 4762 - M2 x 5 Steel 4.6 Plain v1:8',
#12063,#12076,
'Hexagon Socket Head Cap Screw ISO 4762 - M2 x 5 Steel 4.6 Plain v1:8');
#234=NEXT_ASSEMBLY_USAGE_OCCURRENCE('M3 Stud Thermistor:1',
'M3 Stud Thermistor:1','M3 Stud Thermistor:1',#12063,#12077,
'M3 Stud Thermistor:1');
#235=NEXT_ASSEMBLY_USAGE_OCCURRENCE('M3 Stud Thermistor:2',
'M3 Stud Thermistor:2','M3 Stud Thermistor:2',#12063,#12077,
'M3 Stud Thermistor:2');
#236=NEXT_ASSEMBLY_USAGE_OCCURRENCE('Heaters:1','Heaters:1','Heaters:1',
#12063,#12078,'Heaters:1');
#237=CONICAL_SURFACE('',#5855,1.1,0.785398163397448);
#238=CONICAL_SURFACE('',#5866,2.35,0.78539816339745);
#239=CONICAL_SURFACE('',#5873,3.25,0.785398163397448);
#240=CONICAL_SURFACE('',#5886,0.63225,1.02974425867665);
#241=CONICAL_SURFACE('',#5890,0.63225,1.02974425867665);
#242=CONICAL_SURFACE('',#6164,2.78,0.785398163397448);
#243=CONICAL_SURFACE('',#6171,2.78,0.785398163397448);
#244=CONICAL_SURFACE('',#6175,1.3,0.785398163397449);
#245=CONICAL_SURFACE('',#6179,1.,0.523486499329401);
#246=CONICAL_SURFACE('',#6187,2.,0.643501108793284);
#247=CONICAL_SURFACE('',#6312,0.40575,1.02974425867665);
#248=CONICAL_SURFACE('',#6315,0.40575,1.02974425867665);
#249=CONICAL_SURFACE('',#6319,0.63225,1.02974425867665);
#250=CONICAL_SURFACE('',#6322,0.63225,1.02974425867665);
#251=CONICAL_SURFACE('',#6337,1.40324999921334,0.523598775598292);
#252=CONICAL_SURFACE('',#6340,0.952499999999991,1.0471975511966);
#253=CONICAL_SURFACE('',#6359,0.919999999999346,0.78539816339797);
#254=SHAPE_REPRESENTATION_RELATIONSHIP('SRR','None',#12048,#267);
#255=SHAPE_REPRESENTATION_RELATIONSHIP('SRR','None',#12049,#268);
#256=SHAPE_REPRESENTATION_RELATIONSHIP('SRR','None',#12050,#269);
#257=SHAPE_REPRESENTATION_RELATIONSHIP('SRR','None',#12051,#270);
#258=SHAPE_REPRESENTATION_RELATIONSHIP('SRR','None',#12053,#271);
#259=SHAPE_REPRESENTATION_RELATIONSHIP('SRR','None',#12054,#272);
#260=SHAPE_REPRESENTATION_RELATIONSHIP('SRR','None',#12055,#273);
#261=SHAPE_REPRESENTATION_RELATIONSHIP('SRR','None',#12056,#274);
#262=SHAPE_REPRESENTATION_RELATIONSHIP('SRR','None',#12057,#275);
#263=SHAPE_REPRESENTATION_RELATIONSHIP('SRR','None',#12058,#276);
#264=SHAPE_REPRESENTATION_RELATIONSHIP('SRR','None',#12059,#277);
#265=SHAPE_REPRESENTATION_RELATIONSHIP('SRR','None',#12060,#278);
#266=SHAPE_REPRESENTATION_RELATIONSHIP('SRR','None',#12061,#279);
#267=ADVANCED_BREP_SHAPE_REPRESENTATION('',(#320),#11969);
#268=ADVANCED_BREP_SHAPE_REPRESENTATION('',(#321),#11970);
#269=ADVANCED_BREP_SHAPE_REPRESENTATION('',(#322),#11971);
#270=ADVANCED_BREP_SHAPE_REPRESENTATION('',(#323),#11972);
#271=ADVANCED_BREP_SHAPE_REPRESENTATION('',(#324),#11974);
#272=ADVANCED_BREP_SHAPE_REPRESENTATION('',(#325),#11975);
#273=ADVANCED_BREP_SHAPE_REPRESENTATION('',(#326),#11976);
#274=ADVANCED_BREP_SHAPE_REPRESENTATION('',(#327),#11977);
#275=ADVANCED_BREP_SHAPE_REPRESENTATION('',(#328),#11978);
#276=ADVANCED_BREP_SHAPE_REPRESENTATION('',(#329),#11979);
#277=ADVANCED_BREP_SHAPE_REPRESENTATION('',(#330),#11980);
#278=ADVANCED_BREP_SHAPE_REPRESENTATION('',(#331),#11981);
#279=ADVANCED_BREP_SHAPE_REPRESENTATION('',(#332,#333),#11982);
#280=STYLED_ITEM('',(#12132),#320);
#281=STYLED_ITEM('',(#12133),#321);
#282=STYLED_ITEM('',(#12132),#322);
#283=STYLED_ITEM('',(#12134),#323);
#284=STYLED_ITEM('',(#12135),#324);
#285=STYLED_ITEM('',(#12135),#325);
#286=STYLED_ITEM('',(#12131),#326);
#287=STYLED_ITEM('',(#12130),#327);
#288=STYLED_ITEM('',(#12134),#328);
#289=STYLED_ITEM('',(#12130),#329);
#290=STYLED_ITEM('',(#12130),#330);
#291=STYLED_ITEM('',(#12136),#5642);
#292=STYLED_ITEM('',(#12136),#5643);
#293=STYLED_ITEM('',(#12136),#5644);
#294=STYLED_ITEM('',(#12136),#5646);
#295=STYLED_ITEM('',(#12136),#5647);
#296=STYLED_ITEM('',(#12136),#5649);
#297=STYLED_ITEM('',(#12136),#5651);
#298=STYLED_ITEM('',(#12136),#5652);
#299=STYLED_ITEM('',(#12136),#5653);
#300=STYLED_ITEM('',(#12137),#5654);
#301=STYLED_ITEM('',(#12137),#5655);
#302=STYLED_ITEM('',(#12137),#5656);
#303=STYLED_ITEM('',(#12137),#5657);
#304=STYLED_ITEM('',(#12131),#331);
#305=STYLED_ITEM('',(#12136),#5667);
#306=STYLED_ITEM('',(#12136),#5668);
#307=STYLED_ITEM('',(#12136),#5669);
#308=STYLED_ITEM('',(#12138),#5670);
#309=STYLED_ITEM('',(#12138),#5671);
#310=STYLED_ITEM('',(#12138),#5672);
#311=STYLED_ITEM('',(#12135),#332);
#312=STYLED_ITEM('',(#12136),#5676);
#313=STYLED_ITEM('',(#12136),#5677);
#314=STYLED_ITEM('',(#12136),#5678);
#315=STYLED_ITEM('',(#12138),#5679);
#316=STYLED_ITEM('',(#12138),#5680);
#317=STYLED_ITEM('',(#12138),#5681);
#318=STYLED_ITEM('',(#12135),#333);
#319=STYLED_ITEM('',(#12139),#12);
#320=MANIFOLD_SOLID_BREP('Body1',#5685);
#321=MANIFOLD_SOLID_BREP('Body1',#5686);
#322=MANIFOLD_SOLID_BREP('Body1',#5687);
#323=MANIFOLD_SOLID_BREP('Body7',#5688);
#324=MANIFOLD_SOLID_BREP('Body1',#5689);
#325=MANIFOLD_SOLID_BREP('Body1',#5690);
#326=MANIFOLD_SOLID_BREP('Body1',#5691);
#327=MANIFOLD_SOLID_BREP('Body1',#5692);
#328=MANIFOLD_SOLID_BREP('Body1',#5693);
#329=MANIFOLD_SOLID_BREP('Body1',#5694);
#330=MANIFOLD_SOLID_BREP('Body1',#5695);
#331=MANIFOLD_SOLID_BREP('M3 Stud Thermistor (1) (1)',#5696);
#332=MANIFOLD_SOLID_BREP('Body2',#5697);
#333=MANIFOLD_SOLID_BREP('Body3',#5698);
#334=FACE_BOUND('',#929,.T.);
#335=FACE_BOUND('',#931,.T.);
#336=FACE_BOUND('',#935,.T.);
#337=FACE_BOUND('',#937,.T.);
#338=FACE_BOUND('',#942,.T.);
#339=FACE_BOUND('',#946,.T.);
#340=FACE_BOUND('',#949,.T.);
#341=FACE_BOUND('',#963,.T.);
#342=FACE_BOUND('',#964,.T.);
#343=FACE_BOUND('',#965,.T.);
#344=FACE_BOUND('',#966,.T.);
#345=FACE_BOUND('',#967,.T.);
#346=FACE_BOUND('',#977,.T.);
#347=FACE_BOUND('',#978,.T.);
#348=FACE_BOUND('',#979,.T.);
#349=FACE_BOUND('',#980,.T.);
#350=FACE_BOUND('',#981,.T.);
#351=FACE_BOUND('',#983,.T.);
#352=FACE_BOUND('',#984,.T.);
#353=FACE_BOUND('',#985,.T.);
#354=FACE_BOUND('',#986,.T.);
#355=FACE_BOUND('',#987,.T.);
#356=FACE_BOUND('',#998,.T.);
#357=FACE_BOUND('',#1000,.T.);
#358=FACE_BOUND('',#1011,.T.);
#359=FACE_BOUND('',#1013,.T.);
#360=FACE_BOUND('',#1024,.T.);
#361=FACE_BOUND('',#1026,.T.);
#362=FACE_BOUND('',#1037,.T.);
#363=FACE_BOUND('',#1042,.T.);
#364=FACE_BOUND('',#1044,.T.);
#365=FACE_BOUND('',#1045,.T.);
#366=FACE_BOUND('',#1048,.T.);
#367=FACE_BOUND('',#1049,.T.);
#368=FACE_BOUND('',#1053,.T.);
#369=FACE_BOUND('',#1055,.T.);
#370=FACE_BOUND('',#1056,.T.);
#371=FACE_BOUND('',#1057,.T.);
#372=FACE_BOUND('',#1058,.T.);
#373=FACE_BOUND('',#1059,.T.);
#374=FACE_BOUND('',#1062,.T.);
#375=FACE_BOUND('',#1081,.T.);
#376=FACE_BOUND('',#1082,.T.);
#377=FACE_BOUND('',#1083,.T.);
#378=FACE_BOUND('',#1084,.T.);
#379=FACE_BOUND('',#1085,.T.);
#380=FACE_BOUND('',#1091,.T.);
#381=FACE_BOUND('',#1092,.T.);
#382=FACE_BOUND('',#1093,.T.);
#383=FACE_BOUND('',#1094,.T.);
#384=FACE_BOUND('',#1095,.T.);
#385=FACE_BOUND('',#1117,.T.);
#386=FACE_BOUND('',#1118,.T.);
#387=FACE_BOUND('',#1119,.T.);
#388=FACE_BOUND('',#1120,.T.);
#389=FACE_BOUND('',#1121,.T.);
#390=FACE_BOUND('',#1127,.T.);
#391=FACE_BOUND('',#1128,.T.);
#392=FACE_BOUND('',#1129,.T.);
#393=FACE_BOUND('',#1130,.T.);
#394=FACE_BOUND('',#1131,.T.);
#395=FACE_BOUND('',#1139,.T.);
#396=FACE_BOUND('',#1142,.T.);
#397=FACE_BOUND('',#1149,.T.);
#398=FACE_BOUND('',#1158,.T.);
#399=FACE_BOUND('',#1160,.T.);
#400=FACE_BOUND('',#1176,.T.);
#401=FACE_BOUND('',#1178,.T.);
#402=FACE_BOUND('',#1215,.T.);
#403=FACE_BOUND('',#1216,.T.);
#404=FACE_BOUND('',#1217,.T.);
#405=FACE_BOUND('',#1218,.T.);
#406=FACE_BOUND('',#1219,.T.);
#407=FACE_BOUND('',#1220,.T.);
#408=FACE_BOUND('',#1222,.T.);
#409=FACE_BOUND('',#1223,.T.);
#410=FACE_BOUND('',#1224,.T.);
#411=FACE_BOUND('',#1225,.T.);
#412=FACE_BOUND('',#1226,.T.);
#413=FACE_BOUND('',#1227,.T.);
#414=FACE_BOUND('',#1233,.T.);
#415=FACE_BOUND('',#1234,.T.);
#416=FACE_BOUND('',#1235,.T.);
#417=FACE_BOUND('',#1237,.T.);
#418=FACE_BOUND('',#1238,.T.);
#419=FACE_BOUND('',#1239,.T.);
#420=FACE_BOUND('',#1261,.T.);
#421=FACE_BOUND('',#1262,.T.);
#422=FACE_BOUND('',#1263,.T.);
#423=FACE_BOUND('',#1264,.T.);
#424=FACE_BOUND('',#1266,.T.);
#425=FACE_BOUND('',#1267,.T.);
#426=FACE_BOUND('',#1268,.T.);
#427=FACE_BOUND('',#1269,.T.);
#428=FACE_BOUND('',#1285,.T.);
#429=FACE_BOUND('',#1291,.T.);
#430=FACE_BOUND('',#1308,.T.);
#431=FACE_BOUND('',#1334,.T.);
#432=FACE_BOUND('',#1344,.T.);
#433=FACE_BOUND('',#1345,.T.);
#434=FACE_BOUND('',#1355,.T.);
#435=FACE_BOUND('',#1356,.T.);
#436=PLANE('',#5852);
#437=PLANE('',#5853);
#438=PLANE('',#5860);
#439=PLANE('',#5862);
#440=PLANE('',#5871);
#441=PLANE('',#5877);
#442=PLANE('',#5881);
#443=PLANE('',#5918);
#444=PLANE('',#5926);
#445=PLANE('',#5927);
#446=PLANE('',#5930);
#447=PLANE('',#5935);
#448=PLANE('',#5936);
#449=PLANE('',#5942);
#450=PLANE('',#5948);
#451=PLANE('',#5951);
#452=PLANE('',#5953);
#453=PLANE('',#5954);
#454=PLANE('',#5957);
#455=PLANE('',#5963);
#456=PLANE('',#5969);
#457=PLANE('',#5971);
#458=PLANE('',#5974);
#459=PLANE('',#5976);
#460=PLANE('',#5979);
#461=PLANE('',#5984);
#462=PLANE('',#5990);
#463=PLANE('',#5993);
#464=PLANE('',#5995);
#465=PLANE('',#5996);
#466=PLANE('',#6000);
#467=PLANE('',#6005);
#468=PLANE('',#6011);
#469=PLANE('',#6014);
#470=PLANE('',#6016);
#471=PLANE('',#6017);
#472=PLANE('',#6021);
#473=PLANE('',#6034);
#474=PLANE('',#6035);
#475=PLANE('',#6038);
#476=PLANE('',#6043);
#477=PLANE('',#6044);
#478=PLANE('',#6047);
#479=PLANE('',#6052);
#480=PLANE('',#6056);
#481=PLANE('',#6060);
#482=PLANE('',#6064);
#483=PLANE('',#6068);
#484=PLANE('',#6072);
#485=PLANE('',#6079);
#486=PLANE('',#6083);
#487=PLANE('',#6084);
#488=PLANE('',#6093);
#489=PLANE('',#6096);
#490=PLANE('',#6097);
#491=PLANE('',#6107);
#492=PLANE('',#6111);
#493=PLANE('',#6115);
#494=PLANE('',#6119);
#495=PLANE('',#6123);
#496=PLANE('',#6127);
#497=PLANE('',#6134);
#498=PLANE('',#6138);
#499=PLANE('',#6139);
#500=PLANE('',#6148);
#501=PLANE('',#6151);
#502=PLANE('',#6152);
#503=PLANE('',#6169);
#504=PLANE('',#6173);
#505=PLANE('',#6185);
#506=PLANE('',#6189);
#507=PLANE('',#6190);
#508=PLANE('',#6191);
#509=PLANE('',#6192);
#510=PLANE('',#6193);
#511=PLANE('',#6194);
#512=PLANE('',#6195);
#513=PLANE('',#6196);
#514=PLANE('',#6198);
#515=PLANE('',#6199);
#516=PLANE('',#6200);
#517=PLANE('',#6201);
#518=PLANE('',#6202);
#519=PLANE('',#6203);
#520=PLANE('',#6205);
#521=PLANE('',#6208);
#522=PLANE('',#6210);
#523=PLANE('',#6212);
#524=PLANE('',#6214);
#525=PLANE('',#6216);
#526=PLANE('',#6222);
#527=PLANE('',#6223);
#528=PLANE('',#6237);
#529=PLANE('',#6253);
#530=PLANE('',#6267);
#531=PLANE('',#6279);
#532=PLANE('',#6280);
#533=PLANE('',#6281);
#534=PLANE('',#6282);
#535=PLANE('',#6283);
#536=PLANE('',#6284);
#537=PLANE('',#6291);
#538=PLANE('',#6298);
#539=PLANE('',#6299);
#540=PLANE('',#6300);
#541=PLANE('',#6301);
#542=PLANE('',#6302);
#543=PLANE('',#6306);
#544=PLANE('',#6343);
#545=PLANE('',#6344);
#546=PLANE('',#6345);
#547=PLANE('',#6346);
#548=PLANE('',#6347);
#549=PLANE('',#6348);
#550=PLANE('',#6349);
#551=PLANE('',#6350);
#552=PLANE('',#6351);
#553=PLANE('',#6352);
#554=PLANE('',#6353);
#555=PLANE('',#6354);
#556=PLANE('',#6355);
#557=PLANE('',#6357);
#558=PLANE('',#6366);
#559=PLANE('',#6369);
#560=PLANE('',#6370);
#561=PLANE('',#6371);
#562=PLANE('',#6372);
#563=PLANE('',#6373);
#564=PLANE('',#6374);
#565=PLANE('',#6375);
#566=PLANE('',#6376);
#567=PLANE('',#6377);
#568=PLANE('',#6378);
#569=PLANE('',#6379);
#570=PLANE('',#6380);
#571=PLANE('',#6383);
#572=PLANE('',#6384);
#573=PLANE('',#6386);
#574=PLANE('',#6387);
#575=PLANE('',#6388);
#576=PLANE('',#6389);
#577=PLANE('',#6390);
#578=PLANE('',#6397);
#579=PLANE('',#6403);
#580=PLANE('',#6405);
#581=PLANE('',#6409);
#582=PLANE('',#6410);
#583=PLANE('',#6411);
#584=PLANE('',#6412);
#585=PLANE('',#6413);
#586=PLANE('',#6414);
#587=PLANE('',#6418);
#588=PLANE('',#6419);
#589=PLANE('',#6427);
#590=PLANE('',#6434);
#591=PLANE('',#6438);
#592=PLANE('',#6439);
#593=PLANE('',#6446);
#594=PLANE('',#6453);
#595=PLANE('',#6457);
#596=PLANE('',#6458);
#597=FACE_OUTER_BOUND('',#926,.T.);
#598=FACE_OUTER_BOUND('',#927,.T.);
#599=FACE_OUTER_BOUND('',#928,.T.);
#600=FACE_OUTER_BOUND('',#930,.T.);
#601=FACE_OUTER_BOUND('',#932,.T.);
#602=FACE_OUTER_BOUND('',#933,.T.);
#603=FACE_OUTER_BOUND('',#934,.T.);
#604=FACE_OUTER_BOUND('',#936,.T.);
#605=FACE_OUTER_BOUND('',#938,.T.);
#606=FACE_OUTER_BOUND('',#939,.T.);
#607=FACE_OUTER_BOUND('',#940,.T.);
#608=FACE_OUTER_BOUND('',#941,.T.);
#609=FACE_OUTER_BOUND('',#943,.T.);
#610=FACE_OUTER_BOUND('',#944,.T.);
#611=FACE_OUTER_BOUND('',#945,.T.);
#612=FACE_OUTER_BOUND('',#947,.T.);
#613=FACE_OUTER_BOUND('',#948,.T.);
#614=FACE_OUTER_BOUND('',#950,.T.);
#615=FACE_OUTER_BOUND('',#951,.T.);
#616=FACE_OUTER_BOUND('',#952,.T.);
#617=FACE_OUTER_BOUND('',#953,.T.);
#618=FACE_OUTER_BOUND('',#954,.T.);
#619=FACE_OUTER_BOUND('',#955,.T.);
#620=FACE_OUTER_BOUND('',#956,.T.);
#621=FACE_OUTER_BOUND('',#957,.T.);
#622=FACE_OUTER_BOUND('',#958,.T.);
#623=FACE_OUTER_BOUND('',#959,.T.);
#624=FACE_OUTER_BOUND('',#960,.T.);
#625=FACE_OUTER_BOUND('',#961,.T.);
#626=FACE_OUTER_BOUND('',#962,.T.);
#627=FACE_OUTER_BOUND('',#968,.T.);
#628=FACE_OUTER_BOUND('',#969,.T.);
#629=FACE_OUTER_BOUND('',#970,.T.);
#630=FACE_OUTER_BOUND('',#971,.T.);
#631=FACE_OUTER_BOUND('',#972,.T.);
#632=FACE_OUTER_BOUND('',#973,.T.);
#633=FACE_OUTER_BOUND('',#974,.T.);
#634=FACE_OUTER_BOUND('',#975,.T.);
#635=FACE_OUTER_BOUND('',#976,.T.);
#636=FACE_OUTER_BOUND('',#982,.T.);
#637=FACE_OUTER_BOUND('',#988,.T.);
#638=FACE_OUTER_BOUND('',#989,.T.);
#639=FACE_OUTER_BOUND('',#990,.T.);
#640=FACE_OUTER_BOUND('',#991,.T.);
#641=FACE_OUTER_BOUND('',#992,.T.);
#642=FACE_OUTER_BOUND('',#993,.T.);
#643=FACE_OUTER_BOUND('',#994,.T.);
#644=FACE_OUTER_BOUND('',#995,.T.);
#645=FACE_OUTER_BOUND('',#996,.T.);
#646=FACE_OUTER_BOUND('',#997,.T.);
#647=FACE_OUTER_BOUND('',#999,.T.);
#648=FACE_OUTER_BOUND('',#1001,.T.);
#649=FACE_OUTER_BOUND('',#1002,.T.);
#650=FACE_OUTER_BOUND('',#1003,.T.);
#651=FACE_OUTER_BOUND('',#1004,.T.);
#652=FACE_OUTER_BOUND('',#1005,.T.);
#653=FACE_OUTER_BOUND('',#1006,.T.);
#654=FACE_OUTER_BOUND('',#1007,.T.);
#655=FACE_OUTER_BOUND('',#1008,.T.);
#656=FACE_OUTER_BOUND('',#1009,.T.);
#657=FACE_OUTER_BOUND('',#1010,.T.);
#658=FACE_OUTER_BOUND('',#1012,.T.);
#659=FACE_OUTER_BOUND('',#1014,.T.);
#660=FACE_OUTER_BOUND('',#1015,.T.);
#661=FACE_OUTER_BOUND('',#1016,.T.);
#662=FACE_OUTER_BOUND('',#1017,.T.);
#663=FACE_OUTER_BOUND('',#1018,.T.);
#664=FACE_OUTER_BOUND('',#1019,.T.);
#665=FACE_OUTER_BOUND('',#1020,.T.);
#666=FACE_OUTER_BOUND('',#1021,.T.);
#667=FACE_OUTER_BOUND('',#1022,.T.);
#668=FACE_OUTER_BOUND('',#1023,.T.);
#669=FACE_OUTER_BOUND('',#1025,.T.);
#670=FACE_OUTER_BOUND('',#1027,.T.);
#671=FACE_OUTER_BOUND('',#1028,.T.);
#672=FACE_OUTER_BOUND('',#1029,.T.);
#673=FACE_OUTER_BOUND('',#1030,.T.);
#674=FACE_OUTER_BOUND('',#1031,.T.);
#675=FACE_OUTER_BOUND('',#1032,.T.);
#676=FACE_OUTER_BOUND('',#1033,.T.);
#677=FACE_OUTER_BOUND('',#1034,.T.);
#678=FACE_OUTER_BOUND('',#1035,.T.);
#679=FACE_OUTER_BOUND('',#1036,.T.);
#680=FACE_OUTER_BOUND('',#1038,.T.);
#681=FACE_OUTER_BOUND('',#1039,.T.);
#682=FACE_OUTER_BOUND('',#1040,.T.);
#683=FACE_OUTER_BOUND('',#1041,.T.);
#684=FACE_OUTER_BOUND('',#1043,.T.);
#685=FACE_OUTER_BOUND('',#1046,.T.);
#686=FACE_OUTER_BOUND('',#1047,.T.);
#687=FACE_OUTER_BOUND('',#1050,.T.);
#688=FACE_OUTER_BOUND('',#1051,.T.);
#689=FACE_OUTER_BOUND('',#1052,.T.);
#690=FACE_OUTER_BOUND('',#1054,.T.);
#691=FACE_OUTER_BOUND('',#1060,.T.);
#692=FACE_OUTER_BOUND('',#1061,.T.);
#693=FACE_OUTER_BOUND('',#1063,.T.);
#694=FACE_OUTER_BOUND('',#1064,.T.);
#695=FACE_OUTER_BOUND('',#1065,.T.);
#696=FACE_OUTER_BOUND('',#1066,.T.);
#697=FACE_OUTER_BOUND('',#1067,.T.);
#698=FACE_OUTER_BOUND('',#1068,.T.);
#699=FACE_OUTER_BOUND('',#1069,.T.);
#700=FACE_OUTER_BOUND('',#1070,.T.);
#701=FACE_OUTER_BOUND('',#1071,.T.);
#702=FACE_OUTER_BOUND('',#1072,.T.);
#703=FACE_OUTER_BOUND('',#1073,.T.);
#704=FACE_OUTER_BOUND('',#1074,.T.);
#705=FACE_OUTER_BOUND('',#1075,.T.);
#706=FACE_OUTER_BOUND('',#1076,.T.);
#707=FACE_OUTER_BOUND('',#1077,.T.);
#708=FACE_OUTER_BOUND('',#1078,.T.);
#709=FACE_OUTER_BOUND('',#1079,.T.);
#710=FACE_OUTER_BOUND('',#1080,.T.);
#711=FACE_OUTER_BOUND('',#1086,.T.);
#712=FACE_OUTER_BOUND('',#1087,.T.);
#713=FACE_OUTER_BOUND('',#1088,.T.);
#714=FACE_OUTER_BOUND('',#1089,.T.);
#715=FACE_OUTER_BOUND('',#1090,.T.);
#716=FACE_OUTER_BOUND('',#1096,.T.);
#717=FACE_OUTER_BOUND('',#1097,.T.);
#718=FACE_OUTER_BOUND('',#1098,.T.);
#719=FACE_OUTER_BOUND('',#1099,.T.);
#720=FACE_OUTER_BOUND('',#1100,.T.);
#721=FACE_OUTER_BOUND('',#1101,.T.);
#722=FACE_OUTER_BOUND('',#1102,.T.);
#723=FACE_OUTER_BOUND('',#1103,.T.);
#724=FACE_OUTER_BOUND('',#1104,.T.);
#725=FACE_OUTER_BOUND('',#1105,.T.);
#726=FACE_OUTER_BOUND('',#1106,.T.);
#727=FACE_OUTER_BOUND('',#1107,.T.);
#728=FACE_OUTER_BOUND('',#1108,.T.);
#729=FACE_OUTER_BOUND('',#1109,.T.);
#730=FACE_OUTER_BOUND('',#1110,.T.);
#731=FACE_OUTER_BOUND('',#1111,.T.);
#732=FACE_OUTER_BOUND('',#1112,.T.);
#733=FACE_OUTER_BOUND('',#1113,.T.);
#734=FACE_OUTER_BOUND('',#1114,.T.);
#735=FACE_OUTER_BOUND('',#1115,.T.);
#736=FACE_OUTER_BOUND('',#1116,.T.);
#737=FACE_OUTER_BOUND('',#1122,.T.);
#738=FACE_OUTER_BOUND('',#1123,.T.);
#739=FACE_OUTER_BOUND('',#1124,.T.);
#740=FACE_OUTER_BOUND('',#1125,.T.);
#741=FACE_OUTER_BOUND('',#1126,.T.);
#742=FACE_OUTER_BOUND('',#1132,.T.);
#743=FACE_OUTER_BOUND('',#1133,.T.);
#744=FACE_OUTER_BOUND('',#1134,.T.);
#745=FACE_OUTER_BOUND('',#1135,.T.);
#746=FACE_OUTER_BOUND('',#1136,.T.);
#747=FACE_OUTER_BOUND('',#1137,.T.);
#748=FACE_OUTER_BOUND('',#1138,.T.);
#749=FACE_OUTER_BOUND('',#1140,.T.);
#750=FACE_OUTER_BOUND('',#1141,.T.);
#751=FACE_OUTER_BOUND('',#1143,.T.);
#752=FACE_OUTER_BOUND('',#1144,.T.);
#753=FACE_OUTER_BOUND('',#1145,.T.);
#754=FACE_OUTER_BOUND('',#1146,.T.);
#755=FACE_OUTER_BOUND('',#1147,.T.);
#756=FACE_OUTER_BOUND('',#1148,.T.);
#757=FACE_OUTER_BOUND('',#1150,.T.);
#758=FACE_OUTER_BOUND('',#1151,.T.);
#759=FACE_OUTER_BOUND('',#1152,.T.);
#760=FACE_OUTER_BOUND('',#1153,.T.);
#761=FACE_OUTER_BOUND('',#1154,.T.);
#762=FACE_OUTER_BOUND('',#1155,.T.);
#763=FACE_OUTER_BOUND('',#1156,.T.);
#764=FACE_OUTER_BOUND('',#1157,.T.);
#765=FACE_OUTER_BOUND('',#1159,.T.);
#766=FACE_OUTER_BOUND('',#1161,.T.);
#767=FACE_OUTER_BOUND('',#1162,.T.);
#768=FACE_OUTER_BOUND('',#1163,.T.);
#769=FACE_OUTER_BOUND('',#1164,.T.);
#770=FACE_OUTER_BOUND('',#1165,.T.);
#771=FACE_OUTER_BOUND('',#1166,.T.);
#772=FACE_OUTER_BOUND('',#1167,.T.);
#773=FACE_OUTER_BOUND('',#1168,.T.);
#774=FACE_OUTER_BOUND('',#1169,.T.);
#775=FACE_OUTER_BOUND('',#1170,.T.);
#776=FACE_OUTER_BOUND('',#1171,.T.);
#777=FACE_OUTER_BOUND('',#1172,.T.);
#778=FACE_OUTER_BOUND('',#1173,.T.);
#779=FACE_OUTER_BOUND('',#1174,.T.);
#780=FACE_OUTER_BOUND('',#1175,.T.);
#781=FACE_OUTER_BOUND('',#1177,.T.);
#782=FACE_OUTER_BOUND('',#1179,.T.);
#783=FACE_OUTER_BOUND('',#1180,.T.);
#784=FACE_OUTER_BOUND('',#1181,.T.);
#785=FACE_OUTER_BOUND('',#1182,.T.);
#786=FACE_OUTER_BOUND('',#1183,.T.);
#787=FACE_OUTER_BOUND('',#1184,.T.);
#788=FACE_OUTER_BOUND('',#1185,.T.);
#789=FACE_OUTER_BOUND('',#1186,.T.);
#790=FACE_OUTER_BOUND('',#1187,.T.);
#791=FACE_OUTER_BOUND('',#1188,.T.);
#792=FACE_OUTER_BOUND('',#1189,.T.);
#793=FACE_OUTER_BOUND('',#1190,.T.);
#794=FACE_OUTER_BOUND('',#1191,.T.);
#795=FACE_OUTER_BOUND('',#1192,.T.);
#796=FACE_OUTER_BOUND('',#1193,.T.);
#797=FACE_OUTER_BOUND('',#1194,.T.);
#798=FACE_OUTER_BOUND('',#1195,.T.);
#799=FACE_OUTER_BOUND('',#1196,.T.);
#800=FACE_OUTER_BOUND('',#1197,.T.);
#801=FACE_OUTER_BOUND('',#1198,.T.);
#802=FACE_OUTER_BOUND('',#1199,.T.);
#803=FACE_OUTER_BOUND('',#1200,.T.);
#804=FACE_OUTER_BOUND('',#1201,.T.);
#805=FACE_OUTER_BOUND('',#1202,.T.);
#806=FACE_OUTER_BOUND('',#1203,.T.);
#807=FACE_OUTER_BOUND('',#1204,.T.);
#808=FACE_OUTER_BOUND('',#1205,.T.);
#809=FACE_OUTER_BOUND('',#1206,.T.);
#810=FACE_OUTER_BOUND('',#1207,.T.);
#811=FACE_OUTER_BOUND('',#1208,.T.);
#812=FACE_OUTER_BOUND('',#1209,.T.);
#813=FACE_OUTER_BOUND('',#1210,.T.);
#814=FACE_OUTER_BOUND('',#1211,.T.);
#815=FACE_OUTER_BOUND('',#1212,.T.);
#816=FACE_OUTER_BOUND('',#1213,.T.);
#817=FACE_OUTER_BOUND('',#1214,.T.);
#818=FACE_OUTER_BOUND('',#1221,.T.);
#819=FACE_OUTER_BOUND('',#1228,.T.);
#820=FACE_OUTER_BOUND('',#1229,.T.);
#821=FACE_OUTER_BOUND('',#1230,.T.);
#822=FACE_OUTER_BOUND('',#1231,.T.);
#823=FACE_OUTER_BOUND('',#1232,.T.);
#824=FACE_OUTER_BOUND('',#1236,.T.);
#825=FACE_OUTER_BOUND('',#1240,.T.);
#826=FACE_OUTER_BOUND('',#1241,.T.);
#827=FACE_OUTER_BOUND('',#1242,.T.);
#828=FACE_OUTER_BOUND('',#1243,.T.);
#829=FACE_OUTER_BOUND('',#1244,.T.);
#830=FACE_OUTER_BOUND('',#1245,.T.);
#831=FACE_OUTER_BOUND('',#1246,.T.);
#832=FACE_OUTER_BOUND('',#1247,.T.);
#833=FACE_OUTER_BOUND('',#1248,.T.);
#834=FACE_OUTER_BOUND('',#1249,.T.);
#835=FACE_OUTER_BOUND('',#1250,.T.);
#836=FACE_OUTER_BOUND('',#1251,.T.);
#837=FACE_OUTER_BOUND('',#1252,.T.);
#838=FACE_OUTER_BOUND('',#1253,.T.);
#839=FACE_OUTER_BOUND('',#1254,.T.);
#840=FACE_OUTER_BOUND('',#1255,.T.);
#841=FACE_OUTER_BOUND('',#1256,.T.);
#842=FACE_OUTER_BOUND('',#1257,.T.);
#843=FACE_OUTER_BOUND('',#1258,.T.);
#844=FACE_OUTER_BOUND('',#1259,.T.);
#845=FACE_OUTER_BOUND('',#1260,.T.);
#846=FACE_OUTER_BOUND('',#1265,.T.);
#847=FACE_OUTER_BOUND('',#1270,.T.);
#848=FACE_OUTER_BOUND('',#1271,.T.);
#849=FACE_OUTER_BOUND('',#1272,.T.);
#850=FACE_OUTER_BOUND('',#1273,.T.);
#851=FACE_OUTER_BOUND('',#1274,.T.);
#852=FACE_OUTER_BOUND('',#1275,.T.);
#853=FACE_OUTER_BOUND('',#1276,.T.);
#854=FACE_OUTER_BOUND('',#1277,.T.);
#855=FACE_OUTER_BOUND('',#1278,.T.);
#856=FACE_OUTER_BOUND('',#1279,.T.);
#857=FACE_OUTER_BOUND('',#1280,.T.);
#858=FACE_OUTER_BOUND('',#1281,.T.);
#859=FACE_OUTER_BOUND('',#1282,.T.);
#860=FACE_OUTER_BOUND('',#1283,.T.);
#861=FACE_OUTER_BOUND('',#1284,.T.);
#862=FACE_OUTER_BOUND('',#1286,.T.);
#863=FACE_OUTER_BOUND('',#1287,.T.);
#864=FACE_OUTER_BOUND('',#1288,.T.);
#865=FACE_OUTER_BOUND('',#1289,.T.);
#866=FACE_OUTER_BOUND('',#1290,.T.);
#867=FACE_OUTER_BOUND('',#1292,.T.);
#868=FACE_OUTER_BOUND('',#1293,.T.);
#869=FACE_OUTER_BOUND('',#1294,.T.);
#870=FACE_OUTER_BOUND('',#1295,.T.);
#871=FACE_OUTER_BOUND('',#1296,.T.);
#872=FACE_OUTER_BOUND('',#1297,.T.);
#873=FACE_OUTER_BOUND('',#1298,.T.);
#874=FACE_OUTER_BOUND('',#1299,.T.);
#875=FACE_OUTER_BOUND('',#1300,.T.);
#876=FACE_OUTER_BOUND('',#1301,.T.);
#877=FACE_OUTER_BOUND('',#1302,.T.);
#878=FACE_OUTER_BOUND('',#1303,.T.);
#879=FACE_OUTER_BOUND('',#1304,.T.);
#880=FACE_OUTER_BOUND('',#1305,.T.);
#881=FACE_OUTER_BOUND('',#1306,.T.);
#882=FACE_OUTER_BOUND('',#1307,.T.);
#883=FACE_OUTER_BOUND('',#1309,.T.);
#884=FACE_OUTER_BOUND('',#1310,.T.);
#885=FACE_OUTER_BOUND('',#1311,.T.);
#886=FACE_OUTER_BOUND('',#1312,.T.);
#887=FACE_OUTER_BOUND('',#1313,.T.);
#888=FACE_OUTER_BOUND('',#1314,.T.);
#889=FACE_OUTER_BOUND('',#1315,.T.);
#890=FACE_OUTER_BOUND('',#1316,.T.);
#891=FACE_OUTER_BOUND('',#1317,.T.);
#892=FACE_OUTER_BOUND('',#1318,.T.);
#893=FACE_OUTER_BOUND('',#1319,.T.);
#894=FACE_OUTER_BOUND('',#1320,.T.);
#895=FACE_OUTER_BOUND('',#1321,.T.);
#896=FACE_OUTER_BOUND('',#1322,.T.);
#897=FACE_OUTER_BOUND('',#1323,.T.);
#898=FACE_OUTER_BOUND('',#1324,.T.);
#899=FACE_OUTER_BOUND('',#1325,.T.);
#900=FACE_OUTER_BOUND('',#1326,.T.);
#901=FACE_OUTER_BOUND('',#1327,.T.);
#902=FACE_OUTER_BOUND('',#1328,.T.);
#903=FACE_OUTER_BOUND('',#1329,.T.);
#904=FACE_OUTER_BOUND('',#1330,.T.);
#905=FACE_OUTER_BOUND('',#1331,.T.);
#906=FACE_OUTER_BOUND('',#1332,.T.);
#907=FACE_OUTER_BOUND('',#1333,.T.);
#908=FACE_OUTER_BOUND('',#1335,.T.);
#909=FACE_OUTER_BOUND('',#1336,.T.);
#910=FACE_OUTER_BOUND('',#1337,.T.);
#911=FACE_OUTER_BOUND('',#1338,.T.);
#912=FACE_OUTER_BOUND('',#1339,.T.);
#913=FACE_OUTER_BOUND('',#1340,.T.);
#914=FACE_OUTER_BOUND('',#1341,.T.);
#915=FACE_OUTER_BOUND('',#1342,.T.);
#916=FACE_OUTER_BOUND('',#1343,.T.);
#917=FACE_OUTER_BOUND('',#1346,.T.);
#918=FACE_OUTER_BOUND('',#1347,.T.);
#919=FACE_OUTER_BOUND('',#1348,.T.);
#920=FACE_OUTER_BOUND('',#1349,.T.);
#921=FACE_OUTER_BOUND('',#1350,.T.);
#922=FACE_OUTER_BOUND('',#1351,.T.);
#923=FACE_OUTER_BOUND('',#1352,.T.);
#924=FACE_OUTER_BOUND('',#1353,.T.);
#925=FACE_OUTER_BOUND('',#1354,.T.);
#926=EDGE_LOOP('',(#3714,#3715,#3716,#3717));
#927=EDGE_LOOP('',(#3718,#3719,#3720,#3721));
#928=EDGE_LOOP('',(#3722));
#929=EDGE_LOOP('',(#3723));
#930=EDGE_LOOP('',(#3724));
#931=EDGE_LOOP('',(#3725));
#932=EDGE_LOOP('',(#3726,#3727,#3728,#3729));
#933=EDGE_LOOP('',(#3730,#3731,#3732,#3733));
#934=EDGE_LOOP('',(#3734));
#935=EDGE_LOOP('',(#3735));
#936=EDGE_LOOP('',(#3736));
#937=EDGE_LOOP('',(#3737));
#938=EDGE_LOOP('',(#3738,#3739,#3740,#3741));
#939=EDGE_LOOP('',(#3742,#3743,#3744,#3745));
#940=EDGE_LOOP('',(#3746,#3747,#3748,#3749));
#941=EDGE_LOOP('',(#3750));
#942=EDGE_LOOP('',(#3751));
#943=EDGE_LOOP('',(#3752,#3753,#3754,#3755));
#944=EDGE_LOOP('',(#3756,#3757,#3758,#3759));
#945=EDGE_LOOP('',(#3760));
#946=EDGE_LOOP('',(#3761));
#947=EDGE_LOOP('',(#3762,#3763,#3764,#3765));
#948=EDGE_LOOP('',(#3766));
#949=EDGE_LOOP('',(#3767));
#950=EDGE_LOOP('',(#3768,#3769,#3770));
#951=EDGE_LOOP('',(#3771,#3772,#3773,#3774));
#952=EDGE_LOOP('',(#3775,#3776,#3777));
#953=EDGE_LOOP('',(#3778,#3779,#3780,#3781));
#954=EDGE_LOOP('',(#3782,#3783,#3784,#3785));
#955=EDGE_LOOP('',(#3786,#3787,#3788,#3789));
#956=EDGE_LOOP('',(#3790,#3791,#3792,#3793));
#957=EDGE_LOOP('',(#3794,#3795,#3796,#3797));
#958=EDGE_LOOP('',(#3798,#3799,#3800,#3801));
#959=EDGE_LOOP('',(#3802,#3803,#3804,#3805));
#960=EDGE_LOOP('',(#3806,#3807,#3808,#3809));
#961=EDGE_LOOP('',(#3810,#3811,#3812,#3813));
#962=EDGE_LOOP('',(#3814,#3815,#3816,#3817,#3818,#3819,#3820,#3821));
#963=EDGE_LOOP('',(#3822));
#964=EDGE_LOOP('',(#3823));
#965=EDGE_LOOP('',(#3824));
#966=EDGE_LOOP('',(#3825));
#967=EDGE_LOOP('',(#3826));
#968=EDGE_LOOP('',(#3827,#3828,#3829,#3830));
#969=EDGE_LOOP('',(#3831,#3832,#3833,#3834));
#970=EDGE_LOOP('',(#3835,#3836,#3837,#3838));
#971=EDGE_LOOP('',(#3839,#3840,#3841,#3842));
#972=EDGE_LOOP('',(#3843,#3844,#3845,#3846));
#973=EDGE_LOOP('',(#3847,#3848,#3849,#3850));
#974=EDGE_LOOP('',(#3851,#3852,#3853,#3854));
#975=EDGE_LOOP('',(#3855,#3856,#3857,#3858));
#976=EDGE_LOOP('',(#3859,#3860,#3861,#3862,#3863,#3864,#3865,#3866));
#977=EDGE_LOOP('',(#3867));
#978=EDGE_LOOP('',(#3868));
#979=EDGE_LOOP('',(#3869));
#980=EDGE_LOOP('',(#3870));
#981=EDGE_LOOP('',(#3871));
#982=EDGE_LOOP('',(#3872,#3873,#3874,#3875,#3876,#3877,#3878,#3879));
#983=EDGE_LOOP('',(#3880));
#984=EDGE_LOOP('',(#3881));
#985=EDGE_LOOP('',(#3882));
#986=EDGE_LOOP('',(#3883));
#987=EDGE_LOOP('',(#3884));
#988=EDGE_LOOP('',(#3885,#3886,#3887,#3888));
#989=EDGE_LOOP('',(#3889,#3890,#3891,#3892));
#990=EDGE_LOOP('',(#3893,#3894,#3895,#3896));
#991=EDGE_LOOP('',(#3897,#3898,#3899,#3900));
#992=EDGE_LOOP('',(#3901,#3902,#3903,#3904));
#993=EDGE_LOOP('',(#3905,#3906,#3907,#3908));
#994=EDGE_LOOP('',(#3909,#3910,#3911,#3912));
#995=EDGE_LOOP('',(#3913,#3914,#3915,#3916));
#996=EDGE_LOOP('',(#3917,#3918,#3919,#3920));
#997=EDGE_LOOP('',(#3921,#3922,#3923,#3924,#3925,#3926,#3927,#3928));
#998=EDGE_LOOP('',(#3929));
#999=EDGE_LOOP('',(#3930,#3931,#3932,#3933,#3934,#3935,#3936,#3937));
#1000=EDGE_LOOP('',(#3938));
#1001=EDGE_LOOP('',(#3939,#3940,#3941,#3942));
#1002=EDGE_LOOP('',(#3943,#3944,#3945,#3946));
#1003=EDGE_LOOP('',(#3947,#3948,#3949,#3950));
#1004=EDGE_LOOP('',(#3951,#3952,#3953,#3954));
#1005=EDGE_LOOP('',(#3955,#3956,#3957,#3958));
#1006=EDGE_LOOP('',(#3959,#3960,#3961,#3962));
#1007=EDGE_LOOP('',(#3963,#3964,#3965,#3966));
#1008=EDGE_LOOP('',(#3967,#3968,#3969,#3970));
#1009=EDGE_LOOP('',(#3971,#3972,#3973,#3974));
#1010=EDGE_LOOP('',(#3975,#3976,#3977,#3978,#3979,#3980,#3981,#3982));
#1011=EDGE_LOOP('',(#3983));
#1012=EDGE_LOOP('',(#3984,#3985,#3986,#3987,#3988,#3989,#3990,#3991));
#1013=EDGE_LOOP('',(#3992));
#1014=EDGE_LOOP('',(#3993,#3994,#3995,#3996));
#1015=EDGE_LOOP('',(#3997,#3998,#3999,#4000));
#1016=EDGE_LOOP('',(#4001,#4002,#4003,#4004));
#1017=EDGE_LOOP('',(#4005,#4006,#4007,#4008));
#1018=EDGE_LOOP('',(#4009,#4010,#4011,#4012));
#1019=EDGE_LOOP('',(#4013,#4014,#4015,#4016));
#1020=EDGE_LOOP('',(#4017,#4018,#4019,#4020));
#1021=EDGE_LOOP('',(#4021,#4022,#4023,#4024));
#1022=EDGE_LOOP('',(#4025,#4026,#4027,#4028));
#1023=EDGE_LOOP('',(#4029,#4030,#4031,#4032,#4033,#4034,#4035,#4036));
#1024=EDGE_LOOP('',(#4037));
#1025=EDGE_LOOP('',(#4038,#4039,#4040,#4041,#4042,#4043,#4044,#4045));
#1026=EDGE_LOOP('',(#4046));
#1027=EDGE_LOOP('',(#4047,#4048,#4049,#4050));
#1028=EDGE_LOOP('',(#4051,#4052,#4053,#4054));
#1029=EDGE_LOOP('',(#4055,#4056,#4057,#4058));
#1030=EDGE_LOOP('',(#4059,#4060,#4061,#4062));
#1031=EDGE_LOOP('',(#4063,#4064,#4065,#4066));
#1032=EDGE_LOOP('',(#4067,#4068,#4069,#4070));
#1033=EDGE_LOOP('',(#4071,#4072,#4073,#4074));
#1034=EDGE_LOOP('',(#4075,#4076,#4077,#4078));
#1035=EDGE_LOOP('',(#4079,#4080,#4081,#4082));
#1036=EDGE_LOOP('',(#4083,#4084,#4085,#4086,#4087,#4088,#4089,#4090));
#1037=EDGE_LOOP('',(#4091));
#1038=EDGE_LOOP('',(#4092,#4093,#4094,#4095));
#1039=EDGE_LOOP('',(#4096,#4097,#4098,#4099));
#1040=EDGE_LOOP('',(#4100,#4101,#4102,#4103));
#1041=EDGE_LOOP('',(#4104,#4105,#4106,#4107));
#1042=EDGE_LOOP('',(#4108));
#1043=EDGE_LOOP('',(#4109,#4110,#4111,#4112));
#1044=EDGE_LOOP('',(#4113));
#1045=EDGE_LOOP('',(#4114));
#1046=EDGE_LOOP('',(#4115,#4116,#4117,#4118));
#1047=EDGE_LOOP('',(#4119,#4120,#4121,#4122));
#1048=EDGE_LOOP('',(#4123));
#1049=EDGE_LOOP('',(#4124));
#1050=EDGE_LOOP('',(#4125,#4126,#4127,#4128));
#1051=EDGE_LOOP('',(#4129,#4130,#4131,#4132));
#1052=EDGE_LOOP('',(#4133,#4134,#4135,#4136));
#1053=EDGE_LOOP('',(#4137));
#1054=EDGE_LOOP('',(#4138,#4139,#4140,#4141,#4142,#4143,#4144,#4145));
#1055=EDGE_LOOP('',(#4146));
#1056=EDGE_LOOP('',(#4147));
#1057=EDGE_LOOP('',(#4148));
#1058=EDGE_LOOP('',(#4149));
#1059=EDGE_LOOP('',(#4150));
#1060=EDGE_LOOP('',(#4151,#4152,#4153,#4154));
#1061=EDGE_LOOP('',(#4155,#4156,#4157,#4158,#4159,#4160,#4161,#4162));
#1062=EDGE_LOOP('',(#4163));
#1063=EDGE_LOOP('',(#4164,#4165,#4166,#4167));
#1064=EDGE_LOOP('',(#4168,#4169,#4170,#4171));
#1065=EDGE_LOOP('',(#4172,#4173,#4174,#4175));
#1066=EDGE_LOOP('',(#4176,#4177,#4178,#4179));
#1067=EDGE_LOOP('',(#4180,#4181,#4182,#4183));
#1068=EDGE_LOOP('',(#4184,#4185,#4186,#4187));
#1069=EDGE_LOOP('',(#4188,#4189,#4190,#4191));
#1070=EDGE_LOOP('',(#4192,#4193,#4194,#4195));
#1071=EDGE_LOOP('',(#4196,#4197,#4198,#4199));
#1072=EDGE_LOOP('',(#4200,#4201,#4202,#4203));
#1073=EDGE_LOOP('',(#4204,#4205,#4206,#4207));
#1074=EDGE_LOOP('',(#4208,#4209,#4210,#4211));
#1075=EDGE_LOOP('',(#4212,#4213,#4214,#4215));
#1076=EDGE_LOOP('',(#4216,#4217,#4218,#4219));
#1077=EDGE_LOOP('',(#4220,#4221,#4222,#4223));
#1078=EDGE_LOOP('',(#4224,#4225,#4226,#4227));
#1079=EDGE_LOOP('',(#4228,#4229,#4230,#4231));
#1080=EDGE_LOOP('',(#4232,#4233,#4234,#4235,#4236,#4237,#4238,#4239,#4240,
#4241,#4242,#4243));
#1081=EDGE_LOOP('',(#4244,#4245,#4246,#4247,#4248,#4249,#4250,#4251));
#1082=EDGE_LOOP('',(#4252));
#1083=EDGE_LOOP('',(#4253));
#1084=EDGE_LOOP('',(#4254));
#1085=EDGE_LOOP('',(#4255));
#1086=EDGE_LOOP('',(#4256,#4257,#4258,#4259));
#1087=EDGE_LOOP('',(#4260,#4261,#4262,#4263));
#1088=EDGE_LOOP('',(#4264,#4265,#4266,#4267));
#1089=EDGE_LOOP('',(#4268,#4269,#4270,#4271));
#1090=EDGE_LOOP('',(#4272,#4273,#4274,#4275,#4276,#4277,#4278,#4279,#4280,
#4281,#4282,#4283));
#1091=EDGE_LOOP('',(#4284,#4285,#4286,#4287,#4288,#4289,#4290,#4291));
#1092=EDGE_LOOP('',(#4292));
#1093=EDGE_LOOP('',(#4293));
#1094=EDGE_LOOP('',(#4294));
#1095=EDGE_LOOP('',(#4295));
#1096=EDGE_LOOP('',(#4296,#4297,#4298,#4299));
#1097=EDGE_LOOP('',(#4300,#4301,#4302,#4303));
#1098=EDGE_LOOP('',(#4304,#4305,#4306,#4307));
#1099=EDGE_LOOP('',(#4308,#4309,#4310,#4311));
#1100=EDGE_LOOP('',(#4312,#4313,#4314,#4315));
#1101=EDGE_LOOP('',(#4316,#4317,#4318,#4319));
#1102=EDGE_LOOP('',(#4320,#4321,#4322,#4323));
#1103=EDGE_LOOP('',(#4324,#4325,#4326,#4327));
#1104=EDGE_LOOP('',(#4328,#4329,#4330,#4331));
#1105=EDGE_LOOP('',(#4332,#4333,#4334,#4335));
#1106=EDGE_LOOP('',(#4336,#4337,#4338,#4339));
#1107=EDGE_LOOP('',(#4340,#4341,#4342,#4343));
#1108=EDGE_LOOP('',(#4344,#4345,#4346,#4347));
#1109=EDGE_LOOP('',(#4348,#4349,#4350,#4351));
#1110=EDGE_LOOP('',(#4352,#4353,#4354,#4355));
#1111=EDGE_LOOP('',(#4356,#4357,#4358,#4359));
#1112=EDGE_LOOP('',(#4360,#4361,#4362,#4363));
#1113=EDGE_LOOP('',(#4364,#4365,#4366,#4367));
#1114=EDGE_LOOP('',(#4368,#4369,#4370,#4371));
#1115=EDGE_LOOP('',(#4372,#4373,#4374,#4375));
#1116=EDGE_LOOP('',(#4376,#4377,#4378,#4379,#4380,#4381,#4382,#4383,#4384,
#4385,#4386,#4387));
#1117=EDGE_LOOP('',(#4388,#4389,#4390,#4391,#4392,#4393,#4394,#4395));
#1118=EDGE_LOOP('',(#4396));
#1119=EDGE_LOOP('',(#4397));
#1120=EDGE_LOOP('',(#4398));
#1121=EDGE_LOOP('',(#4399));
#1122=EDGE_LOOP('',(#4400,#4401,#4402,#4403));
#1123=EDGE_LOOP('',(#4404,#4405,#4406,#4407));
#1124=EDGE_LOOP('',(#4408,#4409,#4410,#4411));
#1125=EDGE_LOOP('',(#4412,#4413,#4414,#4415));
#1126=EDGE_LOOP('',(#4416,#4417,#4418,#4419,#4420,#4421,#4422,#4423,#4424,
#4425,#4426,#4427));
#1127=EDGE_LOOP('',(#4428,#4429,#4430,#4431,#4432,#4433,#4434,#4435));
#1128=EDGE_LOOP('',(#4436));
#1129=EDGE_LOOP('',(#4437));
#1130=EDGE_LOOP('',(#4438));
#1131=EDGE_LOOP('',(#4439));
#1132=EDGE_LOOP('',(#4440,#4441,#4442,#4443));
#1133=EDGE_LOOP('',(#4444,#4445,#4446,#4447));
#1134=EDGE_LOOP('',(#4448,#4449,#4450,#4451));
#1135=EDGE_LOOP('',(#4452,#4453,#4454,#4455));
#1136=EDGE_LOOP('',(#4456,#4457,#4458,#4459));
#1137=EDGE_LOOP('',(#4460,#4461,#4462,#4463));
#1138=EDGE_LOOP('',(#4464));
#1139=EDGE_LOOP('',(#4465));
#1140=EDGE_LOOP('',(#4466,#4467,#4468,#4469));
#1141=EDGE_LOOP('',(#4470));
#1142=EDGE_LOOP('',(#4471));
#1143=EDGE_LOOP('',(#4472,#4473,#4474,#4475));
#1144=EDGE_LOOP('',(#4476,#4477,#4478,#4479));
#1145=EDGE_LOOP('',(#4480,#4481,#4482,#4483));
#1146=EDGE_LOOP('',(#4484,#4485,#4486,#4487));
#1147=EDGE_LOOP('',(#4488,#4489,#4490,#4491));
#1148=EDGE_LOOP('',(#4492));
#1149=EDGE_LOOP('',(#4493));
#1150=EDGE_LOOP('',(#4494,#4495,#4496,#4497));
#1151=EDGE_LOOP('',(#4498,#4499,#4500,#4501));
#1152=EDGE_LOOP('',(#4502,#4503,#4504,#4505));
#1153=EDGE_LOOP('',(#4506,#4507,#4508,#4509));
#1154=EDGE_LOOP('',(#4510,#4511,#4512,#4513));
#1155=EDGE_LOOP('',(#4514,#4515,#4516,#4517));
#1156=EDGE_LOOP('',(#4518,#4519,#4520,#4521));
#1157=EDGE_LOOP('',(#4522,#4523,#4524,#4525,#4526,#4527));
#1158=EDGE_LOOP('',(#4528));
#1159=EDGE_LOOP('',(#4529,#4530,#4531,#4532,#4533,#4534));
#1160=EDGE_LOOP('',(#4535));
#1161=EDGE_LOOP('',(#4536,#4537,#4538,#4539,#4540));
#1162=EDGE_LOOP('',(#4541,#4542,#4543,#4544,#4545));
#1163=EDGE_LOOP('',(#4546,#4547,#4548,#4549,#4550));
#1164=EDGE_LOOP('',(#4551,#4552,#4553,#4554,#4555));
#1165=EDGE_LOOP('',(#4556,#4557,#4558,#4559,#4560));
#1166=EDGE_LOOP('',(#4561,#4562,#4563));
#1167=EDGE_LOOP('',(#4564,#4565,#4566,#4567));
#1168=EDGE_LOOP('',(#4568,#4569,#4570));
#1169=EDGE_LOOP('',(#4571,#4572,#4573));
#1170=EDGE_LOOP('',(#4574,#4575,#4576));
#1171=EDGE_LOOP('',(#4577,#4578,#4579));
#1172=EDGE_LOOP('',(#4580,#4581,#4582,#4583,#4584));
#1173=EDGE_LOOP('',(#4585,#4586,#4587,#4588,#4589,#4590,#4591,#4592,#4593,
#4594));
#1174=EDGE_LOOP('',(#4595,#4596,#4597,#4598));
#1175=EDGE_LOOP('',(#4599));
#1176=EDGE_LOOP('',(#4600,#4601,#4602,#4603,#4604,#4605));
#1177=EDGE_LOOP('',(#4606));
#1178=EDGE_LOOP('',(#4607));
#1179=EDGE_LOOP('',(#4608,#4609,#4610,#4611));
#1180=EDGE_LOOP('',(#4612,#4613,#4614,#4615));
#1181=EDGE_LOOP('',(#4616,#4617,#4618));
#1182=EDGE_LOOP('',(#4619,#4620,#4621,#4622));
#1183=EDGE_LOOP('',(#4623,#4624,#4625,#4626));
#1184=EDGE_LOOP('',(#4627,#4628,#4629));
#1185=EDGE_LOOP('',(#4630,#4631,#4632,#4633));
#1186=EDGE_LOOP('',(#4634,#4635,#4636,#4637,#4638,#4639,#4640,#4641,#4642,
#4643));
#1187=EDGE_LOOP('',(#4644,#4645,#4646,#4647));
#1188=EDGE_LOOP('',(#4648,#4649,#4650,#4651));
#1189=EDGE_LOOP('',(#4652,#4653,#4654));
#1190=EDGE_LOOP('',(#4655,#4656,#4657,#4658));
#1191=EDGE_LOOP('',(#4659,#4660,#4661,#4662));
#1192=EDGE_LOOP('',(#4663,#4664,#4665));
#1193=EDGE_LOOP('',(#4666,#4667,#4668,#4669));
#1194=EDGE_LOOP('',(#4670,#4671,#4672,#4673,#4674,#4675,#4676,#4677,#4678,
#4679));
#1195=EDGE_LOOP('',(#4680,#4681,#4682,#4683));
#1196=EDGE_LOOP('',(#4684,#4685,#4686,#4687));
#1197=EDGE_LOOP('',(#4688,#4689,#4690));
#1198=EDGE_LOOP('',(#4691,#4692,#4693,#4694));
#1199=EDGE_LOOP('',(#4695,#4696,#4697,#4698));
#1200=EDGE_LOOP('',(#4699,#4700,#4701));
#1201=EDGE_LOOP('',(#4702,#4703,#4704,#4705));
#1202=EDGE_LOOP('',(#4706,#4707,#4708,#4709));
#1203=EDGE_LOOP('',(#4710,#4711,#4712,#4713));
#1204=EDGE_LOOP('',(#4714,#4715,#4716));
#1205=EDGE_LOOP('',(#4717,#4718,#4719,#4720));
#1206=EDGE_LOOP('',(#4721,#4722,#4723,#4724));
#1207=EDGE_LOOP('',(#4725,#4726,#4727));
#1208=EDGE_LOOP('',(#4728,#4729,#4730,#4731));
#1209=EDGE_LOOP('',(#4732,#4733,#4734,#4735));
#1210=EDGE_LOOP('',(#4736,#4737,#4738,#4739));
#1211=EDGE_LOOP('',(#4740,#4741,#4742,#4743,#4744,#4745,#4746));
#1212=EDGE_LOOP('',(#4747,#4748,#4749,#4750,#4751,#4752,#4753));
#1213=EDGE_LOOP('',(#4754,#4755,#4756,#4757));
#1214=EDGE_LOOP('',(#4758,#4759,#4760,#4761,#4762,#4763,#4764,#4765,#4766,
#4767,#4768,#4769,#4770,#4771,#4772,#4773));
#1215=EDGE_LOOP('',(#4774));
#1216=EDGE_LOOP('',(#4775));
#1217=EDGE_LOOP('',(#4776));
#1218=EDGE_LOOP('',(#4777));
#1219=EDGE_LOOP('',(#4778));
#1220=EDGE_LOOP('',(#4779));
#1221=EDGE_LOOP('',(#4780,#4781,#4782,#4783,#4784,#4785,#4786,#4787,#4788,
#4789,#4790,#4791,#4792,#4793,#4794,#4795));
#1222=EDGE_LOOP('',(#4796));
#1223=EDGE_LOOP('',(#4797));
#1224=EDGE_LOOP('',(#4798));
#1225=EDGE_LOOP('',(#4799));
#1226=EDGE_LOOP('',(#4800));
#1227=EDGE_LOOP('',(#4801));
#1228=EDGE_LOOP('',(#4802,#4803,#4804,#4805));
#1229=EDGE_LOOP('',(#4806,#4807,#4808,#4809,#4810,#4811,#4812));
#1230=EDGE_LOOP('',(#4813,#4814,#4815,#4816,#4817,#4818,#4819));
#1231=EDGE_LOOP('',(#4820,#4821,#4822,#4823));
#1232=EDGE_LOOP('',(#4824,#4825,#4826,#4827));
#1233=EDGE_LOOP('',(#4828));
#1234=EDGE_LOOP('',(#4829));
#1235=EDGE_LOOP('',(#4830));
#1236=EDGE_LOOP('',(#4831,#4832,#4833,#4834));
#1237=EDGE_LOOP('',(#4835));
#1238=EDGE_LOOP('',(#4836));
#1239=EDGE_LOOP('',(#4837));
#1240=EDGE_LOOP('',(#4838,#4839,#4840,#4841));
#1241=EDGE_LOOP('',(#4842,#4843,#4844,#4845));
#1242=EDGE_LOOP('',(#4846,#4847,#4848));
#1243=EDGE_LOOP('',(#4849,#4850,#4851,#4852));
#1244=EDGE_LOOP('',(#4853,#4854,#4855));
#1245=EDGE_LOOP('',(#4856,#4857,#4858,#4859));
#1246=EDGE_LOOP('',(#4860,#4861,#4862,#4863));
#1247=EDGE_LOOP('',(#4864,#4865,#4866));
#1248=EDGE_LOOP('',(#4867,#4868,#4869,#4870));
#1249=EDGE_LOOP('',(#4871,#4872,#4873));
#1250=EDGE_LOOP('',(#4874,#4875,#4876,#4877));
#1251=EDGE_LOOP('',(#4878,#4879,#4880,#4881));
#1252=EDGE_LOOP('',(#4882,#4883,#4884,#4885));
#1253=EDGE_LOOP('',(#4886,#4887,#4888,#4889));
#1254=EDGE_LOOP('',(#4890,#4891,#4892,#4893));
#1255=EDGE_LOOP('',(#4894,#4895,#4896,#4897));
#1256=EDGE_LOOP('',(#4898,#4899,#4900,#4901));
#1257=EDGE_LOOP('',(#4902,#4903,#4904,#4905));
#1258=EDGE_LOOP('',(#4906,#4907,#4908,#4909));
#1259=EDGE_LOOP('',(#4910,#4911,#4912,#4913));
#1260=EDGE_LOOP('',(#4914,#4915,#4916,#4917));
#1261=EDGE_LOOP('',(#4918));
#1262=EDGE_LOOP('',(#4919));
#1263=EDGE_LOOP('',(#4920));
#1264=EDGE_LOOP('',(#4921));
#1265=EDGE_LOOP('',(#4922,#4923,#4924,#4925));
#1266=EDGE_LOOP('',(#4926));
#1267=EDGE_LOOP('',(#4927));
#1268=EDGE_LOOP('',(#4928));
#1269=EDGE_LOOP('',(#4929));
#1270=EDGE_LOOP('',(#4930,#4931,#4932,#4933));
#1271=EDGE_LOOP('',(#4934,#4935,#4936,#4937));
#1272=EDGE_LOOP('',(#4938,#4939,#4940));
#1273=EDGE_LOOP('',(#4941,#4942,#4943));
#1274=EDGE_LOOP('',(#4944,#4945,#4946));
#1275=EDGE_LOOP('',(#4947,#4948,#4949));
#1276=EDGE_LOOP('',(#4950,#4951,#4952));
#1277=EDGE_LOOP('',(#4953,#4954,#4955));
#1278=EDGE_LOOP('',(#4956,#4957,#4958,#4959));
#1279=EDGE_LOOP('',(#4960,#4961,#4962,#4963));
#1280=EDGE_LOOP('',(#4964,#4965,#4966,#4967));
#1281=EDGE_LOOP('',(#4968,#4969,#4970,#4971));
#1282=EDGE_LOOP('',(#4972,#4973,#4974,#4975));
#1283=EDGE_LOOP('',(#4976,#4977,#4978,#4979));
#1284=EDGE_LOOP('',(#4980));
#1285=EDGE_LOOP('',(#4981,#4982,#4983,#4984,#4985,#4986));
#1286=EDGE_LOOP('',(#4987,#4988,#4989,#4990));
#1287=EDGE_LOOP('',(#4991));
#1288=EDGE_LOOP('',(#4992,#4993,#4994,#4995));
#1289=EDGE_LOOP('',(#4996,#4997,#4998,#4999));
#1290=EDGE_LOOP('',(#5000));
#1291=EDGE_LOOP('',(#5001,#5002,#5003,#5004,#5005,#5006));
#1292=EDGE_LOOP('',(#5007,#5008,#5009,#5010));
#1293=EDGE_LOOP('',(#5011,#5012,#5013));
#1294=EDGE_LOOP('',(#5014,#5015,#5016));
#1295=EDGE_LOOP('',(#5017,#5018,#5019));
#1296=EDGE_LOOP('',(#5020,#5021,#5022));
#1297=EDGE_LOOP('',(#5023,#5024,#5025));
#1298=EDGE_LOOP('',(#5026,#5027,#5028));
#1299=EDGE_LOOP('',(#5029,#5030,#5031,#5032));
#1300=EDGE_LOOP('',(#5033,#5034,#5035,#5036));
#1301=EDGE_LOOP('',(#5037,#5038,#5039,#5040));
#1302=EDGE_LOOP('',(#5041,#5042,#5043,#5044));
#1303=EDGE_LOOP('',(#5045,#5046,#5047,#5048));
#1304=EDGE_LOOP('',(#5049,#5050,#5051,#5052));
#1305=EDGE_LOOP('',(#5053,#5054,#5055,#5056));
#1306=EDGE_LOOP('',(#5057));
#1307=EDGE_LOOP('',(#5058));
#1308=EDGE_LOOP('',(#5059));
#1309=EDGE_LOOP('',(#5060,#5061));
#1310=EDGE_LOOP('',(#5062,#5063));
#1311=EDGE_LOOP('',(#5064,#5065));
#1312=EDGE_LOOP('',(#5066,#5067));
#1313=EDGE_LOOP('',(#5068,#5069,#5070,#5071,#5072));
#1314=EDGE_LOOP('',(#5073,#5074,#5075,#5076,#5077));
#1315=EDGE_LOOP('',(#5078,#5079,#5080,#5081,#5082,#5083));
#1316=EDGE_LOOP('',(#5084,#5085,#5086,#5087,#5088,#5089,#5090,#5091,#5092,
#5093));
#1317=EDGE_LOOP('',(#5094,#5095,#5096,#5097,#5098,#5099));
#1318=EDGE_LOOP('',(#5100,#5101,#5102,#5103,#5104));
#1319=EDGE_LOOP('',(#5105,#5106,#5107,#5108,#5109));
#1320=EDGE_LOOP('',(#5110,#5111,#5112,#5113,#5114,#5115,#5116,#5117,#5118));
#1321=EDGE_LOOP('',(#5119));
#1322=EDGE_LOOP('',(#5120));
#1323=EDGE_LOOP('',(#5121,#5122,#5123,#5124));
#1324=EDGE_LOOP('',(#5125,#5126,#5127,#5128,#5129));
#1325=EDGE_LOOP('',(#5130,#5131,#5132,#5133));
#1326=EDGE_LOOP('',(#5134,#5135,#5136,#5137,#5138,#5139));
#1327=EDGE_LOOP('',(#5140,#5141,#5142,#5143,#5144,#5145,#5146));
#1328=EDGE_LOOP('',(#5147,#5148,#5149,#5150));
#1329=EDGE_LOOP('',(#5151,#5152,#5153,#5154,#5155,#5156,#5157));
#1330=EDGE_LOOP('',(#5158,#5159,#5160,#5161,#5162,#5163));
#1331=EDGE_LOOP('',(#5164,#5165,#5166,#5167));
#1332=EDGE_LOOP('',(#5168));
#1333=EDGE_LOOP('',(#5169,#5170,#5171,#5172,#5173,#5174));
#1334=EDGE_LOOP('',(#5175));
#1335=EDGE_LOOP('',(#5176,#5177,#5178,#5179,#5180,#5181));
#1336=EDGE_LOOP('',(#5182,#5183,#5184,#5185,#5186,#5187));
#1337=EDGE_LOOP('',(#5188));
#1338=EDGE_LOOP('',(#5189,#5190,#5191,#5192,#5193,#5194));
#1339=EDGE_LOOP('',(#5195,#5196,#5197,#5198,#5199,#5200));
#1340=EDGE_LOOP('',(#5201));
#1341=EDGE_LOOP('',(#5202,#5203,#5204,#5205));
#1342=EDGE_LOOP('',(#5206));
#1343=EDGE_LOOP('',(#5207));
#1344=EDGE_LOOP('',(#5208));
#1345=EDGE_LOOP('',(#5209));
#1346=EDGE_LOOP('',(#5210,#5211,#5212,#5213,#5214,#5215));
#1347=EDGE_LOOP('',(#5216,#5217,#5218,#5219,#5220,#5221));
#1348=EDGE_LOOP('',(#5222));
#1349=EDGE_LOOP('',(#5223,#5224,#5225,#5226,#5227,#5228));
#1350=EDGE_LOOP('',(#5229,#5230,#5231,#5232,#5233,#5234));
#1351=EDGE_LOOP('',(#5235));
#1352=EDGE_LOOP('',(#5236,#5237,#5238,#5239));
#1353=EDGE_LOOP('',(#5240));
#1354=EDGE_LOOP('',(#5241));
#1355=EDGE_LOOP('',(#5242));
#1356=EDGE_LOOP('',(#5243));
#1357=LINE('',#8179,#1772);
#1358=LINE('',#8185,#1773);
#1359=LINE('',#8194,#1774);
#1360=LINE('',#8198,#1775);
#1361=LINE('',#8207,#1776);
#1362=LINE('',#8213,#1777);
#1363=LINE('',#8217,#1778);
#1364=LINE('',#8226,#1779);
#1365=LINE('',#8229,#1780);
#1366=LINE('',#8236,#1781);
#1367=LINE('',#8246,#1782);
#1368=LINE('',#8250,#1783);
#1369=LINE('',#8255,#1784);
#1370=LINE('',#8259,#1785);
#1371=LINE('',#8264,#1786);
#1372=LINE('',#8270,#1787);
#1373=LINE('',#8276,#1788);
#1374=LINE('',#8282,#1789);
#1375=LINE('',#8288,#1790);
#1376=LINE('',#8294,#1791);
#1377=LINE('',#8300,#1792);
#1378=LINE('',#8306,#1793);
#1379=LINE('',#8313,#1794);
#1380=LINE('',#8317,#1795);
#1381=LINE('',#8321,#1796);
#1382=LINE('',#8324,#1797);
#1383=LINE('',#8329,#1798);
#1384=LINE('',#8332,#1799);
#1385=LINE('',#8335,#1800);
#1386=LINE('',#8336,#1801);
#1387=LINE('',#8339,#1802);
#1388=LINE('',#8340,#1803);
#1389=LINE('',#8343,#1804);
#1390=LINE('',#8347,#1805);
#1391=LINE('',#8348,#1806);
#1392=LINE('',#8352,#1807);
#1393=LINE('',#8355,#1808);
#1394=LINE('',#8358,#1809);
#1395=LINE('',#8364,#1810);
#1396=LINE('',#8368,#1811);
#1397=LINE('',#8372,#1812);
#1398=LINE('',#8375,#1813);
#1399=LINE('',#8383,#1814);
#1400=LINE('',#8387,#1815);
#1401=LINE('',#8391,#1816);
#1402=LINE('',#8394,#1817);
#1403=LINE('',#8398,#1818);
#1404=LINE('',#8399,#1819);
#1405=LINE('',#8401,#1820);
#1406=LINE('',#8403,#1821);
#1407=LINE('',#8405,#1822);
#1408=LINE('',#8407,#1823);
#1409=LINE('',#8409,#1824);
#1410=LINE('',#8411,#1825);
#1411=LINE('',#8414,#1826);
#1412=LINE('',#8420,#1827);
#1413=LINE('',#8424,#1828);
#1414=LINE('',#8428,#1829);
#1415=LINE('',#8431,#1830);
#1416=LINE('',#8439,#1831);
#1417=LINE('',#8443,#1832);
#1418=LINE('',#8447,#1833);
#1419=LINE('',#8450,#1834);
#1420=LINE('',#8454,#1835);
#1421=LINE('',#8455,#1836);
#1422=LINE('',#8457,#1837);
#1423=LINE('',#8459,#1838);
#1424=LINE('',#8460,#1839);
#1425=LINE('',#8463,#1840);
#1426=LINE('',#8465,#1841);
#1427=LINE('',#8467,#1842);
#1428=LINE('',#8472,#1843);
#1429=LINE('',#8478,#1844);
#1430=LINE('',#8482,#1845);
#1431=LINE('',#8486,#1846);
#1432=LINE('',#8489,#1847);
#1433=LINE('',#8495,#1848);
#1434=LINE('',#8499,#1849);
#1435=LINE('',#8503,#1850);
#1436=LINE('',#8506,#1851);
#1437=LINE('',#8510,#1852);
#1438=LINE('',#8511,#1853);
#1439=LINE('',#8513,#1854);
#1440=LINE('',#8515,#1855);
#1441=LINE('',#8517,#1856);
#1442=LINE('',#8519,#1857);
#1443=LINE('',#8521,#1858);
#1444=LINE('',#8523,#1859);
#1445=LINE('',#8528,#1860);
#1446=LINE('',#8534,#1861);
#1447=LINE('',#8538,#1862);
#1448=LINE('',#8542,#1863);
#1449=LINE('',#8545,#1864);
#1450=LINE('',#8551,#1865);
#1451=LINE('',#8555,#1866);
#1452=LINE('',#8559,#1867);
#1453=LINE('',#8562,#1868);
#1454=LINE('',#8566,#1869);
#1455=LINE('',#8567,#1870);
#1456=LINE('',#8569,#1871);
#1457=LINE('',#8571,#1872);
#1458=LINE('',#8573,#1873);
#1459=LINE('',#8575,#1874);
#1460=LINE('',#8577,#1875);
#1461=LINE('',#8579,#1876);
#1462=LINE('',#8584,#1877);
#1463=LINE('',#8590,#1878);
#1464=LINE('',#8594,#1879);
#1465=LINE('',#8598,#1880);
#1466=LINE('',#8601,#1881);
#1467=LINE('',#8606,#1882);
#1468=LINE('',#8612,#1883);
#1469=LINE('',#8616,#1884);
#1470=LINE('',#8619,#1885);
#1471=LINE('',#8622,#1886);
#1472=LINE('',#8623,#1887);
#1473=LINE('',#8626,#1888);
#1474=LINE('',#8627,#1889);
#1475=LINE('',#8631,#1890);
#1476=LINE('',#8634,#1891);
#1477=LINE('',#8635,#1892);
#1478=LINE('',#8638,#1893);
#1479=LINE('',#8643,#1894);
#1480=LINE('',#8645,#1895);
#1481=LINE('',#8650,#1896);
#1482=LINE('',#8655,#1897);
#1483=LINE('',#8661,#1898);
#1484=LINE('',#8663,#1899);
#1485=LINE('',#8665,#1900);
#1486=LINE('',#8666,#1901);
#1487=LINE('',#8671,#1902);
#1488=LINE('',#8675,#1903);
#1489=LINE('',#8677,#1904);
#1490=LINE('',#8678,#1905);
#1491=LINE('',#8683,#1906);
#1492=LINE('',#8687,#1907);
#1493=LINE('',#8689,#1908);
#1494=LINE('',#8690,#1909);
#1495=LINE('',#8695,#1910);
#1496=LINE('',#8699,#1911);
#1497=LINE('',#8701,#1912);
#1498=LINE('',#8702,#1913);
#1499=LINE('',#8707,#1914);
#1500=LINE('',#8711,#1915);
#1501=LINE('',#8713,#1916);
#1502=LINE('',#8714,#1917);
#1503=LINE('',#8719,#1918);
#1504=LINE('',#8723,#1919);
#1505=LINE('',#8725,#1920);
#1506=LINE('',#8726,#1921);
#1507=LINE('',#8735,#1922);
#1508=LINE('',#8738,#1923);
#1509=LINE('',#8741,#1924);
#1510=LINE('',#8743,#1925);
#1511=LINE('',#8744,#1926);
#1512=LINE('',#8749,#1927);
#1513=LINE('',#8753,#1928);
#1514=LINE('',#8755,#1929);
#1515=LINE('',#8756,#1930);
#1516=LINE('',#8761,#1931);
#1517=LINE('',#8764,#1932);
#1518=LINE('',#8776,#1933);
#1519=LINE('',#8779,#1934);
#1520=LINE('',#8780,#1935);
#1521=LINE('',#8784,#1936);
#1522=LINE('',#8786,#1937);
#1523=LINE('',#8797,#1938);
#1524=LINE('',#8799,#1939);
#1525=LINE('',#8801,#1940);
#1526=LINE('',#8803,#1941);
#1527=LINE('',#8808,#1942);
#1528=LINE('',#8810,#1943);
#1529=LINE('',#8812,#1944);
#1530=LINE('',#8813,#1945);
#1531=LINE('',#8818,#1946);
#1532=LINE('',#8822,#1947);
#1533=LINE('',#8824,#1948);
#1534=LINE('',#8825,#1949);
#1535=LINE('',#8830,#1950);
#1536=LINE('',#8834,#1951);
#1537=LINE('',#8836,#1952);
#1538=LINE('',#8837,#1953);
#1539=LINE('',#8842,#1954);
#1540=LINE('',#8846,#1955);
#1541=LINE('',#8848,#1956);
#1542=LINE('',#8849,#1957);
#1543=LINE('',#8854,#1958);
#1544=LINE('',#8858,#1959);
#1545=LINE('',#8860,#1960);
#1546=LINE('',#8861,#1961);
#1547=LINE('',#8866,#1962);
#1548=LINE('',#8870,#1963);
#1549=LINE('',#8872,#1964);
#1550=LINE('',#8873,#1965);
#1551=LINE('',#8882,#1966);
#1552=LINE('',#8885,#1967);
#1553=LINE('',#8888,#1968);
#1554=LINE('',#8890,#1969);
#1555=LINE('',#8891,#1970);
#1556=LINE('',#8896,#1971);
#1557=LINE('',#8900,#1972);
#1558=LINE('',#8902,#1973);
#1559=LINE('',#8903,#1974);
#1560=LINE('',#8908,#1975);
#1561=LINE('',#8911,#1976);
#1562=LINE('',#8923,#1977);
#1563=LINE('',#8926,#1978);
#1564=LINE('',#8927,#1979);
#1565=LINE('',#8931,#1980);
#1566=LINE('',#8933,#1981);
#1567=LINE('',#8944,#1982);
#1568=LINE('',#8946,#1983);
#1569=LINE('',#8948,#1984);
#1570=LINE('',#8950,#1985);
#1571=LINE('',#8958,#1986);
#1572=LINE('',#8962,#1987);
#1573=LINE('',#8969,#1988);
#1574=LINE('',#8977,#1989);
#1575=LINE('',#8981,#1990);
#1576=LINE('',#8985,#1991);
#1577=LINE('',#8989,#1992);
#1578=LINE('',#8992,#1993);
#1579=LINE('',#9000,#1994);
#1580=LINE('',#9004,#1995);
#1581=LINE('',#9006,#1996);
#1582=LINE('',#9008,#1997);
#1583=LINE('',#9009,#1998);
#1584=LINE('',#9012,#1999);
#1585=LINE('',#9014,#2000);
#1586=LINE('',#9015,#2001);
#1587=LINE('',#9018,#2002);
#1588=LINE('',#9020,#2003);
#1589=LINE('',#9021,#2004);
#1590=LINE('',#9024,#2005);
#1591=LINE('',#9026,#2006);
#1592=LINE('',#9027,#2007);
#1593=LINE('',#9030,#2008);
#1594=LINE('',#9032,#2009);
#1595=LINE('',#9033,#2010);
#1596=LINE('',#9035,#2011);
#1597=LINE('',#9036,#2012);
#1598=LINE('',#9043,#2013);
#1599=LINE('',#9045,#2014);
#1600=LINE('',#9047,#2015);
#1601=LINE('',#9049,#2016);
#1602=LINE('',#9050,#2017);
#1603=LINE('',#9053,#2018);
#1604=LINE('',#9055,#2019);
#1605=LINE('',#9057,#2020);
#1606=LINE('',#9058,#2021);
#1607=LINE('',#9061,#2022);
#1608=LINE('',#9063,#2023);
#1609=LINE('',#9065,#2024);
#1610=LINE('',#9066,#2025);
#1611=LINE('',#9069,#2026);
#1612=LINE('',#9071,#2027);
#1613=LINE('',#9073,#2028);
#1614=LINE('',#9074,#2029);
#1615=LINE('',#9077,#2030);
#1616=LINE('',#9079,#2031);
#1617=LINE('',#9081,#2032);
#1618=LINE('',#9082,#2033);
#1619=LINE('',#9086,#2034);
#1620=LINE('',#9099,#2035);
#1621=LINE('',#9101,#2036);
#1622=LINE('',#9104,#2037);
#1623=LINE('',#9110,#2038);
#1624=LINE('',#9217,#2039);
#1625=LINE('',#9340,#2040);
#1626=LINE('',#9351,#2041);
#1627=LINE('',#9352,#2042);
#1628=LINE('',#9355,#2043);
#1629=LINE('',#9376,#2044);
#1630=LINE('',#9479,#2045);
#1631=LINE('',#9602,#2046);
#1632=LINE('',#9613,#2047);
#1633=LINE('',#9614,#2048);
#1634=LINE('',#9617,#2049);
#1635=LINE('',#9638,#2050);
#1636=LINE('',#9731,#2051);
#1637=LINE('',#9851,#2052);
#1638=LINE('',#9854,#2053);
#1639=LINE('',#9855,#2054);
#1640=LINE('',#9975,#2055);
#1641=LINE('',#10068,#2056);
#1642=LINE('',#10070,#2057);
#1643=LINE('',#10073,#2058);
#1644=LINE('',#10074,#2059);
#1645=LINE('',#10077,#2060);
#1646=LINE('',#10078,#2061);
#1647=LINE('',#10081,#2062);
#1648=LINE('',#10083,#2063);
#1649=LINE('',#10084,#2064);
#1650=LINE('',#10087,#2065);
#1651=LINE('',#10089,#2066);
#1652=LINE('',#10091,#2067);
#1653=LINE('',#10092,#2068);
#1654=LINE('',#10094,#2069);
#1655=LINE('',#10096,#2070);
#1656=LINE('',#10098,#2071);
#1657=LINE('',#10100,#2072);
#1658=LINE('',#10102,#2073);
#1659=LINE('',#10103,#2074);
#1660=LINE('',#10104,#2075);
#1661=LINE('',#10118,#2076);
#1662=LINE('',#10119,#2077);
#1663=LINE('',#10121,#2078);
#1664=LINE('',#10123,#2079);
#1665=LINE('',#10125,#2080);
#1666=LINE('',#10126,#2081);
#1667=LINE('',#10127,#2082);
#1668=LINE('',#10141,#2083);
#1669=LINE('',#10143,#2084);
#1670=LINE('',#10145,#2085);
#1671=LINE('',#10146,#2086);
#1672=LINE('',#10168,#2087);
#1673=LINE('',#10170,#2088);
#1674=LINE('',#10175,#2089);
#1675=LINE('',#10177,#2090);
#1676=LINE('',#10179,#2091);
#1677=LINE('',#10184,#2092);
#1678=LINE('',#10186,#2093);
#1679=LINE('',#10191,#2094);
#1680=LINE('',#10193,#2095);
#1681=LINE('',#10196,#2096);
#1682=LINE('',#10267,#2097);
#1683=LINE('',#10270,#2098);
#1684=LINE('',#10341,#2099);
#1685=LINE('',#10344,#2100);
#1686=LINE('',#10415,#2101);
#1687=LINE('',#10418,#2102);
#1688=LINE('',#10489,#2103);
#1689=LINE('',#10492,#2104);
#1690=LINE('',#10494,#2105);
#1691=LINE('',#10500,#2106);
#1692=LINE('',#10506,#2107);
#1693=LINE('',#10511,#2108);
#1694=LINE('',#10513,#2109);
#1695=LINE('',#10514,#2110);
#1696=LINE('',#10517,#2111);
#1697=LINE('',#10518,#2112);
#1698=LINE('',#10521,#2113);
#1699=LINE('',#10522,#2114);
#1700=LINE('',#10525,#2115);
#1701=LINE('',#10526,#2116);
#1702=LINE('',#10529,#2117);
#1703=LINE('',#10530,#2118);
#1704=LINE('',#10532,#2119);
#1705=LINE('',#10536,#2120);
#1706=LINE('',#10537,#2121);
#1707=LINE('',#10538,#2122);
#1708=LINE('',#10541,#2123);
#1709=LINE('',#10542,#2124);
#1710=LINE('',#10545,#2125);
#1711=LINE('',#10546,#2126);
#1712=LINE('',#10549,#2127);
#1713=LINE('',#10550,#2128);
#1714=LINE('',#10553,#2129);
#1715=LINE('',#10554,#2130);
#1716=LINE('',#10556,#2131);
#1717=LINE('',#10559,#2132);
#1718=LINE('',#10566,#2133);
#1719=LINE('',#10577,#2134);
#1720=LINE('',#10579,#2135);
#1721=LINE('',#10581,#2136);
#1722=LINE('',#10583,#2137);
#1723=LINE('',#10585,#2138);
#1724=LINE('',#10586,#2139);
#1725=LINE('',#10590,#2140);
#1726=LINE('',#10594,#2141);
#1727=LINE('',#10596,#2142);
#1728=LINE('',#10597,#2143);
#1729=LINE('',#10600,#2144);
#1730=LINE('',#10601,#2145);
#1731=LINE('',#10604,#2146);
#1732=LINE('',#10605,#2147);
#1733=LINE('',#10608,#2148);
#1734=LINE('',#10609,#2149);
#1735=LINE('',#10612,#2150);
#1736=LINE('',#10613,#2151);
#1737=LINE('',#10615,#2152);
#1738=LINE('',#10617,#2153);
#1739=LINE('',#10618,#2154);
#1740=LINE('',#10620,#2155);
#1741=LINE('',#10622,#2156);
#1742=LINE('',#10624,#2157);
#1743=LINE('',#10626,#2158);
#1744=LINE('',#10630,#2159);
#1745=LINE('',#10638,#2160);
#1746=LINE('',#10666,#2161);
#1747=LINE('',#10694,#2162);
#1748=LINE('',#10725,#2163);
#1749=LINE('',#11170,#2164);
#1750=LINE('',#11172,#2165);
#1751=LINE('',#11174,#2166);
#1752=LINE('',#11175,#2167);
#1753=LINE('',#11205,#2168);
#1754=LINE('',#11207,#2169);
#1755=LINE('',#11208,#2170);
#1756=LINE('',#11642,#2171);
#1757=LINE('',#11644,#2172);
#1758=LINE('',#11647,#2173);
#1759=LINE('',#11649,#2174);
#1760=LINE('',#11650,#2175);
#1761=LINE('',#11652,#2176);
#1762=LINE('',#11654,#2177);
#1763=LINE('',#11655,#2178);
#1764=LINE('',#11658,#2179);
#1765=LINE('',#11659,#2180);
#1766=LINE('',#11662,#2181);
#1767=LINE('',#11663,#2182);
#1768=LINE('',#11666,#2183);
#1769=LINE('',#11671,#2184);
#1770=LINE('',#11798,#2185);
#1771=LINE('',#11924,#2186);
#1772=VECTOR('',#6491,1.);
#1773=VECTOR('',#6498,3.);
#1774=VECTOR('',#6511,1.1);
#1775=VECTOR('',#6516,1.);
#1776=VECTOR('',#6529,1.125);
#1777=VECTOR('',#6536,2.35);
#1778=VECTOR('',#6541,2.1);
#1779=VECTOR('',#6552,3.25);
#1780=VECTOR('',#6557,3.5);
#1781=VECTOR('',#6566,1.125);
#1782=VECTOR('',#6581,0.63225);
#1783=VECTOR('',#6586,1.2645);
#1784=VECTOR('',#6591,0.63225);
#1785=VECTOR('',#6596,1.2645);
#1786=VECTOR('',#6601,1.5);
#1787=VECTOR('',#6608,1.5);
#1788=VECTOR('',#6615,1.5);
#1789=VECTOR('',#6622,1.5);
#1790=VECTOR('',#6629,1.5);
#1791=VECTOR('',#6636,1.5);
#1792=VECTOR('',#6643,1.5);
#1793=VECTOR('',#6650,1.5);
#1794=VECTOR('',#6657,10.);
#1795=VECTOR('',#6660,10.);
#1796=VECTOR('',#6663,10.);
#1797=VECTOR('',#6666,10.);
#1798=VECTOR('',#6671,10.);
#1799=VECTOR('',#6674,10.);
#1800=VECTOR('',#6677,10.);
#1801=VECTOR('',#6678,10.);
#1802=VECTOR('',#6681,10.);
#1803=VECTOR('',#6682,10.);
#1804=VECTOR('',#6685,10.);
#1805=VECTOR('',#6690,10.);
#1806=VECTOR('',#6691,10.);
#1807=VECTOR('',#6696,10.);
#1808=VECTOR('',#6699,10.);
#1809=VECTOR('',#6704,10.);
#1810=VECTOR('',#6709,10.);
#1811=VECTOR('',#6712,10.);
#1812=VECTOR('',#6715,10.);
#1813=VECTOR('',#6718,10.);
#1814=VECTOR('',#6725,10.);
#1815=VECTOR('',#6728,10.);
#1816=VECTOR('',#6731,10.);
#1817=VECTOR('',#6734,10.);
#1818=VECTOR('',#6739,10.);
#1819=VECTOR('',#6740,10.);
#1820=VECTOR('',#6743,10.);
#1821=VECTOR('',#6746,10.);
#1822=VECTOR('',#6749,10.);
#1823=VECTOR('',#6752,10.);
#1824=VECTOR('',#6755,10.);
#1825=VECTOR('',#6758,10.);
#1826=VECTOR('',#6763,4.);
#1827=VECTOR('',#6768,10.);
#1828=VECTOR('',#6771,10.);
#1829=VECTOR('',#6774,10.);
#1830=VECTOR('',#6777,10.);
#1831=VECTOR('',#6784,10.);
#1832=VECTOR('',#6787,10.);
#1833=VECTOR('',#6790,10.);
#1834=VECTOR('',#6793,10.);
#1835=VECTOR('',#6798,10.);
#1836=VECTOR('',#6799,10.);
#1837=VECTOR('',#6802,10.);
#1838=VECTOR('',#6805,10.);
#1839=VECTOR('',#6806,10.);
#1840=VECTOR('',#6811,10.);
#1841=VECTOR('',#6814,10.);
#1842=VECTOR('',#6817,10.);
#1843=VECTOR('',#6824,4.);
#1844=VECTOR('',#6829,10.);
#1845=VECTOR('',#6832,10.);
#1846=VECTOR('',#6835,10.);
#1847=VECTOR('',#6838,10.);
#1848=VECTOR('',#6843,10.);
#1849=VECTOR('',#6846,10.);
#1850=VECTOR('',#6849,10.);
#1851=VECTOR('',#6852,10.);
#1852=VECTOR('',#6857,10.);
#1853=VECTOR('',#6858,10.);
#1854=VECTOR('',#6861,10.);
#1855=VECTOR('',#6864,10.);
#1856=VECTOR('',#6867,10.);
#1857=VECTOR('',#6870,10.);
#1858=VECTOR('',#6873,10.);
#1859=VECTOR('',#6876,10.);
#1860=VECTOR('',#6883,4.);
#1861=VECTOR('',#6888,10.);
#1862=VECTOR('',#6891,10.);
#1863=VECTOR('',#6894,10.);
#1864=VECTOR('',#6897,10.);
#1865=VECTOR('',#6902,10.);
#1866=VECTOR('',#6905,10.);
#1867=VECTOR('',#6908,10.);
#1868=VECTOR('',#6911,10.);
#1869=VECTOR('',#6916,10.);
#1870=VECTOR('',#6917,10.);
#1871=VECTOR('',#6920,10.);
#1872=VECTOR('',#6923,10.);
#1873=VECTOR('',#6926,10.);
#1874=VECTOR('',#6929,10.);
#1875=VECTOR('',#6932,10.);
#1876=VECTOR('',#6935,10.);
#1877=VECTOR('',#6942,4.);
#1878=VECTOR('',#6947,10.);
#1879=VECTOR('',#6950,10.);
#1880=VECTOR('',#6953,10.);
#1881=VECTOR('',#6956,10.);
#1882=VECTOR('',#6961,1.05);
#1883=VECTOR('',#6968,1.05);
#1884=VECTOR('',#6973,10.);
#1885=VECTOR('',#6976,10.);
#1886=VECTOR('',#6979,10.);
#1887=VECTOR('',#6980,10.);
#1888=VECTOR('',#6983,10.);
#1889=VECTOR('',#6984,10.);
#1890=VECTOR('',#6989,10.);
#1891=VECTOR('',#6992,10.);
#1892=VECTOR('',#6993,10.);
#1893=VECTOR('',#6996,10.);
#1894=VECTOR('',#7003,10.);
#1895=VECTOR('',#7006,10.);
#1896=VECTOR('',#7013,4.);
#1897=VECTOR('',#7020,2.5175);
#1898=VECTOR('',#7027,10.);
#1899=VECTOR('',#7028,10.);
#1900=VECTOR('',#7029,10.);
#1901=VECTOR('',#7030,10.);
#1902=VECTOR('',#7035,10.);
#1903=VECTOR('',#7040,10.);
#1904=VECTOR('',#7041,10.);
#1905=VECTOR('',#7042,10.);
#1906=VECTOR('',#7047,10.);
#1907=VECTOR('',#7052,10.);
#1908=VECTOR('',#7053,10.);
#1909=VECTOR('',#7054,10.);
#1910=VECTOR('',#7059,10.);
#1911=VECTOR('',#7064,10.);
#1912=VECTOR('',#7065,10.);
#1913=VECTOR('',#7066,10.);
#1914=VECTOR('',#7071,10.);
#1915=VECTOR('',#7076,10.);
#1916=VECTOR('',#7077,10.);
#1917=VECTOR('',#7078,10.);
#1918=VECTOR('',#7083,10.);
#1919=VECTOR('',#7088,10.);
#1920=VECTOR('',#7089,10.);
#1921=VECTOR('',#7090,10.);
#1922=VECTOR('',#7101,10.);
#1923=VECTOR('',#7104,10.);
#1924=VECTOR('',#7107,10.);
#1925=VECTOR('',#7108,10.);
#1926=VECTOR('',#7109,10.);
#1927=VECTOR('',#7114,10.);
#1928=VECTOR('',#7119,10.);
#1929=VECTOR('',#7120,10.);
#1930=VECTOR('',#7121,10.);
#1931=VECTOR('',#7126,10.);
#1932=VECTOR('',#7129,10.);
#1933=VECTOR('',#7142,10.);
#1934=VECTOR('',#7145,10.);
#1935=VECTOR('',#7146,10.);
#1936=VECTOR('',#7151,10.);
#1937=VECTOR('',#7154,10.);
#1938=VECTOR('',#7167,1.05);
#1939=VECTOR('',#7170,1.05);
#1940=VECTOR('',#7173,1.05);
#1941=VECTOR('',#7176,1.05);
#1942=VECTOR('',#7181,10.);
#1943=VECTOR('',#7182,10.);
#1944=VECTOR('',#7183,10.);
#1945=VECTOR('',#7184,10.);
#1946=VECTOR('',#7189,10.);
#1947=VECTOR('',#7194,10.);
#1948=VECTOR('',#7195,10.);
#1949=VECTOR('',#7196,10.);
#1950=VECTOR('',#7201,10.);
#1951=VECTOR('',#7206,10.);
#1952=VECTOR('',#7207,10.);
#1953=VECTOR('',#7208,10.);
#1954=VECTOR('',#7213,10.);
#1955=VECTOR('',#7218,10.);
#1956=VECTOR('',#7219,10.);
#1957=VECTOR('',#7220,10.);
#1958=VECTOR('',#7225,10.);
#1959=VECTOR('',#7230,10.);
#1960=VECTOR('',#7231,10.);
#1961=VECTOR('',#7232,10.);
#1962=VECTOR('',#7237,10.);
#1963=VECTOR('',#7242,10.);
#1964=VECTOR('',#7243,10.);
#1965=VECTOR('',#7244,10.);
#1966=VECTOR('',#7255,10.);
#1967=VECTOR('',#7258,10.);
#1968=VECTOR('',#7261,10.);
#1969=VECTOR('',#7262,10.);
#1970=VECTOR('',#7263,10.);
#1971=VECTOR('',#7268,10.);
#1972=VECTOR('',#7273,10.);
#1973=VECTOR('',#7274,10.);
#1974=VECTOR('',#7275,10.);
#1975=VECTOR('',#7280,10.);
#1976=VECTOR('',#7283,10.);
#1977=VECTOR('',#7296,10.);
#1978=VECTOR('',#7299,10.);
#1979=VECTOR('',#7300,10.);
#1980=VECTOR('',#7305,10.);
#1981=VECTOR('',#7308,10.);
#1982=VECTOR('',#7321,1.05);
#1983=VECTOR('',#7324,1.05);
#1984=VECTOR('',#7327,1.05);
#1985=VECTOR('',#7330,1.05);
#1986=VECTOR('',#7341,2.78);
#1987=VECTOR('',#7346,2.942);
#1988=VECTOR('',#7355,2.78);
#1989=VECTOR('',#7366,1.3);
#1990=VECTOR('',#7371,1.);
#1991=VECTOR('',#7376,1.);
#1992=VECTOR('',#7381,0.2);
#1993=VECTOR('',#7384,2.5);
#1994=VECTOR('',#7395,2.);
#1995=VECTOR('',#7398,10.);
#1996=VECTOR('',#7399,10.);
#1997=VECTOR('',#7400,10.);
#1998=VECTOR('',#7401,10.);
#1999=VECTOR('',#7404,10.);
#2000=VECTOR('',#7405,10.);
#2001=VECTOR('',#7406,10.);
#2002=VECTOR('',#7409,10.);
#2003=VECTOR('',#7410,10.);
#2004=VECTOR('',#7411,10.);
#2005=VECTOR('',#7414,10.);
#2006=VECTOR('',#7415,10.);
#2007=VECTOR('',#7416,10.);
#2008=VECTOR('',#7419,10.);
#2009=VECTOR('',#7420,10.);
#2010=VECTOR('',#7421,10.);
#2011=VECTOR('',#7424,9.99999999999999);
#2012=VECTOR('',#7425,9.99999999999999);
#2013=VECTOR('',#7434,10.);
#2014=VECTOR('',#7435,10.);
#2015=VECTOR('',#7436,10.);
#2016=VECTOR('',#7437,10.);
#2017=VECTOR('',#7438,10.);
#2018=VECTOR('',#7441,10.);
#2019=VECTOR('',#7442,10.);
#2020=VECTOR('',#7443,10.);
#2021=VECTOR('',#7444,10.);
#2022=VECTOR('',#7447,10.);
#2023=VECTOR('',#7448,10.);
#2024=VECTOR('',#7449,10.);
#2025=VECTOR('',#7450,10.);
#2026=VECTOR('',#7453,10.);
#2027=VECTOR('',#7454,10.);
#2028=VECTOR('',#7455,10.);
#2029=VECTOR('',#7456,10.);
#2030=VECTOR('',#7459,10.);
#2031=VECTOR('',#7460,10.);
#2032=VECTOR('',#7461,10.);
#2033=VECTOR('',#7462,10.);
#2034=VECTOR('',#7467,10.);
#2035=VECTOR('',#7490,10.);
#2036=VECTOR('',#7493,10.);
#2037=VECTOR('',#7496,1.);
#2038=VECTOR('',#7503,3.);
#2039=VECTOR('',#7524,10.);
#2040=VECTOR('',#7537,10.);
#2041=VECTOR('',#7540,10.);
#2042=VECTOR('',#7541,10.);
#2043=VECTOR('',#7544,10.);
#2044=VECTOR('',#7549,10.);
#2045=VECTOR('',#7562,10.);
#2046=VECTOR('',#7575,10.);
#2047=VECTOR('',#7578,10.);
#2048=VECTOR('',#7579,10.);
#2049=VECTOR('',#7582,10.);
#2050=VECTOR('',#7587,10.);
#2051=VECTOR('',#7598,10.);
#2052=VECTOR('',#7609,10.);
#2053=VECTOR('',#7612,10.);
#2054=VECTOR('',#7613,10.);
#2055=VECTOR('',#7624,10.);
#2056=VECTOR('',#7635,10.);
#2057=VECTOR('',#7638,10.);
#2058=VECTOR('',#7641,10.);
#2059=VECTOR('',#7642,10.);
#2060=VECTOR('',#7645,10.);
#2061=VECTOR('',#7646,10.);
#2062=VECTOR('',#7649,10.);
#2063=VECTOR('',#7650,10.);
#2064=VECTOR('',#7651,10.);
#2065=VECTOR('',#7654,10.);
#2066=VECTOR('',#7655,10.);
#2067=VECTOR('',#7656,10.);
#2068=VECTOR('',#7657,10.);
#2069=VECTOR('',#7660,10.);
#2070=VECTOR('',#7663,10.);
#2071=VECTOR('',#7664,10.);
#2072=VECTOR('',#7665,10.);
#2073=VECTOR('',#7666,10.);
#2074=VECTOR('',#7667,10.);
#2075=VECTOR('',#7668,10.);
#2076=VECTOR('',#7683,10.);
#2077=VECTOR('',#7684,10.);
#2078=VECTOR('',#7685,10.);
#2079=VECTOR('',#7686,10.);
#2080=VECTOR('',#7687,10.);
#2081=VECTOR('',#7688,10.);
#2082=VECTOR('',#7689,10.);
#2083=VECTOR('',#7704,10.);
#2084=VECTOR('',#7707,10.);
#2085=VECTOR('',#7710,10.);
#2086=VECTOR('',#7711,10.);
#2087=VECTOR('',#7738,0.40575);
#2088=VECTOR('',#7741,0.8115);
#2089=VECTOR('',#7746,0.40575);
#2090=VECTOR('',#7749,0.8115);
#2091=VECTOR('',#7752,3.);
#2092=VECTOR('',#7757,0.63225);
#2093=VECTOR('',#7760,1.2645);
#2094=VECTOR('',#7765,0.63225);
#2095=VECTOR('',#7768,1.2645);
#2096=VECTOR('',#7771,1.5);
#2097=VECTOR('',#7774,1.5);
#2098=VECTOR('',#7777,1.5);
#2099=VECTOR('',#7780,1.5);
#2100=VECTOR('',#7783,1.5);
#2101=VECTOR('',#7786,1.5);
#2102=VECTOR('',#7789,1.5);
#2103=VECTOR('',#7792,1.5);
#2104=VECTOR('',#7797,3.);
#2105=VECTOR('',#7800,3.);
#2106=VECTOR('',#7807,1.40324999921334);
#2107=VECTOR('',#7814,0.952499999999991);
#2108=VECTOR('',#7819,10.);
#2109=VECTOR('',#7820,10.);
#2110=VECTOR('',#7821,10.);
#2111=VECTOR('',#7824,10.);
#2112=VECTOR('',#7825,10.);
#2113=VECTOR('',#7828,10.);
#2114=VECTOR('',#7829,10.);
#2115=VECTOR('',#7832,10.);
#2116=VECTOR('',#7833,10.);
#2117=VECTOR('',#7836,10.);
#2118=VECTOR('',#7837,10.);
#2119=VECTOR('',#7840,10.);
#2120=VECTOR('',#7843,10.);
#2121=VECTOR('',#7844,10.);
#2122=VECTOR('',#7845,10.);
#2123=VECTOR('',#7848,10.);
#2124=VECTOR('',#7849,10.);
#2125=VECTOR('',#7852,10.);
#2126=VECTOR('',#7853,10.);
#2127=VECTOR('',#7856,10.);
#2128=VECTOR('',#7857,10.);
#2129=VECTOR('',#7860,10.);
#2130=VECTOR('',#7861,10.);
#2131=VECTOR('',#7864,10.);
#2132=VECTOR('',#7869,1.5);
#2133=VECTOR('',#7878,0.919999999999346);
#2134=VECTOR('',#7891,10.);
#2135=VECTOR('',#7892,10.);
#2136=VECTOR('',#7893,10.);
#2137=VECTOR('',#7894,10.);
#2138=VECTOR('',#7895,10.);
#2139=VECTOR('',#7896,10.);
#2140=VECTOR('',#7901,1.89999999999999);
#2141=VECTOR('',#7904,10.);
#2142=VECTOR('',#7905,10.);
#2143=VECTOR('',#7906,10.);
#2144=VECTOR('',#7909,10.);
#2145=VECTOR('',#7910,10.);
#2146=VECTOR('',#7913,10.);
#2147=VECTOR('',#7914,10.);
#2148=VECTOR('',#7917,10.);
#2149=VECTOR('',#7918,10.);
#2150=VECTOR('',#7921,10.);
#2151=VECTOR('',#7922,10.);
#2152=VECTOR('',#7925,10.);
#2153=VECTOR('',#7928,10.);
#2154=VECTOR('',#7929,10.);
#2155=VECTOR('',#7932,10.);
#2156=VECTOR('',#7935,10.);
#2157=VECTOR('',#7938,10.);
#2158=VECTOR('',#7941,10.);
#2159=VECTOR('',#7946,0.999999999999994);
#2160=VECTOR('',#7957,10.);
#2161=VECTOR('',#7960,10.);
#2162=VECTOR('',#7963,10.);
#2163=VECTOR('',#7966,10.);
#2164=VECTOR('',#7969,10.);
#2165=VECTOR('',#7970,10.);
#2166=VECTOR('',#7971,10.);
#2167=VECTOR('',#7972,10.);
#2168=VECTOR('',#7987,10.);
#2169=VECTOR('',#7988,10.);
#2170=VECTOR('',#7989,10.);
#2171=VECTOR('',#8010,0.499999999999998);
#2172=VECTOR('',#8013,0.5);
#2173=VECTOR('',#8016,10.);
#2174=VECTOR('',#8017,10.);
#2175=VECTOR('',#8018,10.);
#2176=VECTOR('',#8021,10.);
#2177=VECTOR('',#8022,10.);
#2178=VECTOR('',#8023,10.);
#2179=VECTOR('',#8026,10.);
#2180=VECTOR('',#8027,10.);
#2181=VECTOR('',#8030,10.);
#2182=VECTOR('',#8031,10.);
#2183=VECTOR('',#8036,10.);
#2184=VECTOR('',#8041,1.5);
#2185=VECTOR('',#8082,3.);
#2186=VECTOR('',#8121,3.);
#2187=CIRCLE('',#5847,1.);
#2188=CIRCLE('',#5848,1.);
#2189=CIRCLE('',#5850,2.942);
#2190=CIRCLE('',#5851,2.942);
#2191=CIRCLE('',#5856,1.2);
#2192=CIRCLE('',#5857,1.);
#2193=CIRCLE('',#5859,1.);
#2194=CIRCLE('',#5861,1.375);
#2195=CIRCLE('',#5863,1.375);
#2196=CIRCLE('',#5867,2.6);
#2197=CIRCLE('',#5868,2.1);
#2198=CIRCLE('',#5870,2.1);
#2199=CIRCLE('',#5872,3.5);
#2200=CIRCLE('',#5874,3.);
#2201=CIRCLE('',#5875,3.5);
#2202=CIRCLE('',#5878,1.375);
#2203=CIRCLE('',#5880,1.375);
#2204=CIRCLE('',#5887,1.2645);
#2205=CIRCLE('',#5889,1.2645);
#2206=CIRCLE('',#5891,1.2645);
#2207=CIRCLE('',#5893,1.2645);
#2208=CIRCLE('',#5895,1.2645);
#2209=CIRCLE('',#5896,1.2645);
#2210=CIRCLE('',#5898,1.2645);
#2211=CIRCLE('',#5899,1.2645);
#2212=CIRCLE('',#5901,1.2645);
#2213=CIRCLE('',#5902,1.2645);
#2214=CIRCLE('',#5904,1.2645);
#2215=CIRCLE('',#5905,1.2645);
#2216=CIRCLE('',#5907,1.2645);
#2217=CIRCLE('',#5908,1.2645);
#2218=CIRCLE('',#5910,1.2645);
#2219=CIRCLE('',#5911,1.2645);
#2220=CIRCLE('',#5913,1.2645);
#2221=CIRCLE('',#5914,1.2645);
#2222=CIRCLE('',#5916,1.2645);
#2223=CIRCLE('',#5917,1.2645);
#2224=CIRCLE('',#5919,2.);
#2225=CIRCLE('',#5920,2.);
#2226=CIRCLE('',#5921,1.99999999996219);
#2227=CIRCLE('',#5922,2.);
#2228=CIRCLE('',#5923,4.);
#2229=CIRCLE('',#5925,1.99999999996219);
#2230=CIRCLE('',#5929,2.);
#2231=CIRCLE('',#5932,2.);
#2232=CIRCLE('',#5934,2.);
#2233=CIRCLE('',#5937,2.);
#2234=CIRCLE('',#5938,2.);
#2235=CIRCLE('',#5939,1.99999999996219);
#2236=CIRCLE('',#5940,2.);
#2237=CIRCLE('',#5941,4.);
#2238=CIRCLE('',#5943,2.);
#2239=CIRCLE('',#5944,2.);
#2240=CIRCLE('',#5945,1.99999999996219);
#2241=CIRCLE('',#5946,2.);
#2242=CIRCLE('',#5947,4.);
#2243=CIRCLE('',#5958,2.);
#2244=CIRCLE('',#5959,2.);
#2245=CIRCLE('',#5960,1.99999999996219);
#2246=CIRCLE('',#5961,2.);
#2247=CIRCLE('',#5962,4.);
#2248=CIRCLE('',#5964,2.);
#2249=CIRCLE('',#5965,2.);
#2250=CIRCLE('',#5966,1.99999999996219);
#2251=CIRCLE('',#5967,2.);
#2252=CIRCLE('',#5968,4.);
#2253=CIRCLE('',#5978,4.);
#2254=CIRCLE('',#5980,2.);
#2255=CIRCLE('',#5981,2.);
#2256=CIRCLE('',#5982,1.99999999996219);
#2257=CIRCLE('',#5983,2.);
#2258=CIRCLE('',#5985,2.);
#2259=CIRCLE('',#5986,2.);
#2260=CIRCLE('',#5987,1.99999999996219);
#2261=CIRCLE('',#5988,2.);
#2262=CIRCLE('',#5989,4.);
#2263=CIRCLE('',#5999,4.);
#2264=CIRCLE('',#6001,2.);
#2265=CIRCLE('',#6002,2.);
#2266=CIRCLE('',#6003,1.99999999996219);
#2267=CIRCLE('',#6004,2.);
#2268=CIRCLE('',#6006,2.);
#2269=CIRCLE('',#6007,2.);
#2270=CIRCLE('',#6008,1.99999999996219);
#2271=CIRCLE('',#6009,2.);
#2272=CIRCLE('',#6010,4.);
#2273=CIRCLE('',#6020,4.);
#2274=CIRCLE('',#6022,2.);
#2275=CIRCLE('',#6023,2.);
#2276=CIRCLE('',#6024,1.99999999996219);
#2277=CIRCLE('',#6025,2.);
#2278=CIRCLE('',#6027,0.8115);
#2279=CIRCLE('',#6028,0.8115);
#2280=CIRCLE('',#6030,0.8115);
#2281=CIRCLE('',#6031,0.8115);
#2282=CIRCLE('',#6033,1.99999999996219);
#2283=CIRCLE('',#6037,2.);
#2284=CIRCLE('',#6040,2.);
#2285=CIRCLE('',#6042,2.);
#2286=CIRCLE('',#6045,2.55);
#2287=CIRCLE('',#6048,2.55);
#2288=CIRCLE('',#6054,1.9);
#2289=CIRCLE('',#6055,1.9);
#2290=CIRCLE('',#6058,1.90000000000005);
#2291=CIRCLE('',#6059,1.90000000000005);
#2292=CIRCLE('',#6062,1.9);
#2293=CIRCLE('',#6063,1.9);
#2294=CIRCLE('',#6066,1.9);
#2295=CIRCLE('',#6067,1.9);
#2296=CIRCLE('',#6070,1.90000000000004);
#2297=CIRCLE('',#6071,1.90000000000004);
#2298=CIRCLE('',#6074,1.9);
#2299=CIRCLE('',#6075,1.9);
#2300=CIRCLE('',#6077,1.);
#2301=CIRCLE('',#6078,1.);
#2302=CIRCLE('',#6081,1.);
#2303=CIRCLE('',#6082,1.);
#2304=CIRCLE('',#6085,2.);
#2305=CIRCLE('',#6086,2.);
#2306=CIRCLE('',#6087,1.05);
#2307=CIRCLE('',#6088,1.05);
#2308=CIRCLE('',#6089,1.05);
#2309=CIRCLE('',#6090,1.05);
#2310=CIRCLE('',#6092,2.);
#2311=CIRCLE('',#6095,2.);
#2312=CIRCLE('',#6098,1.05);
#2313=CIRCLE('',#6099,1.05);
#2314=CIRCLE('',#6100,1.05);
#2315=CIRCLE('',#6101,1.05);
#2316=CIRCLE('',#6109,1.9);
#2317=CIRCLE('',#6110,1.9);
#2318=CIRCLE('',#6113,1.90000000000005);
#2319=CIRCLE('',#6114,1.90000000000005);
#2320=CIRCLE('',#6117,1.9);
#2321=CIRCLE('',#6118,1.9);
#2322=CIRCLE('',#6121,1.9);
#2323=CIRCLE('',#6122,1.9);
#2324=CIRCLE('',#6125,1.90000000000004);
#2325=CIRCLE('',#6126,1.90000000000004);
#2326=CIRCLE('',#6129,1.9);
#2327=CIRCLE('',#6130,1.9);
#2328=CIRCLE('',#6132,1.);
#2329=CIRCLE('',#6133,1.);
#2330=CIRCLE('',#6136,1.);
#2331=CIRCLE('',#6137,1.);
#2332=CIRCLE('',#6140,2.);
#2333=CIRCLE('',#6141,2.);
#2334=CIRCLE('',#6142,1.05);
#2335=CIRCLE('',#6143,1.05);
#2336=CIRCLE('',#6144,1.05);
#2337=CIRCLE('',#6145,1.05);
#2338=CIRCLE('',#6147,2.);
#2339=CIRCLE('',#6150,2.);
#2340=CIRCLE('',#6153,1.05);
#2341=CIRCLE('',#6154,1.05);
#2342=CIRCLE('',#6155,1.05);
#2343=CIRCLE('',#6156,1.05);
#2344=CIRCLE('',#6165,2.942);
#2345=CIRCLE('',#6166,2.56);
#2346=CIRCLE('',#6168,2.942);
#2347=CIRCLE('',#6170,1.3);
#2348=CIRCLE('',#6172,2.56);
#2349=CIRCLE('',#6174,2.5);
#2350=CIRCLE('',#6176,1.);
#2351=CIRCLE('',#6178,1.);
#2352=CIRCLE('',#6180,0.2);
#2353=CIRCLE('',#6182,0.2);
#2354=CIRCLE('',#6184,2.5);
#2355=CIRCLE('',#6186,0.5);
#2356=CIRCLE('',#6188,2.);
#2357=CIRCLE('',#6204,1.);
#2358=CIRCLE('',#6206,1.);
#2359=CIRCLE('',#6207,1.);
#2360=CIRCLE('',#6209,1.);
#2361=CIRCLE('',#6211,1.);
#2362=CIRCLE('',#6213,1.);
#2363=CIRCLE('',#6215,1.);
#2364=CIRCLE('',#6218,1.);
#2365=CIRCLE('',#6220,2.942);
#2366=CIRCLE('',#6221,2.942);
#2367=CIRCLE('',#6225,1.);
#2368=CIRCLE('',#6227,1.);
#2369=CIRCLE('',#6231,1.);
#2370=CIRCLE('',#6233,0.999999999999999);
#2371=CIRCLE('',#6241,0.999999999999992);
#2372=CIRCLE('',#6244,1.);
#2373=CIRCLE('',#6247,1.);
#2374=CIRCLE('',#6249,1.);
#2375=CIRCLE('',#6257,1.);
#2376=CIRCLE('',#6259,1.);
#2377=CIRCLE('',#6262,1.);
#2378=CIRCLE('',#6264,1.);
#2379=CIRCLE('',#6268,1.00000000000001);
#2380=CIRCLE('',#6270,1.);
#2381=CIRCLE('',#6273,1.);
#2382=CIRCLE('',#6275,1.);
#2383=CIRCLE('',#6285,1.2645);
#2384=CIRCLE('',#6286,1.2645);
#2385=CIRCLE('',#6287,1.2645);
#2386=CIRCLE('',#6288,0.8115);
#2387=CIRCLE('',#6289,1.2645);
#2388=CIRCLE('',#6290,0.8115);
#2389=CIRCLE('',#6292,1.2645);
#2390=CIRCLE('',#6293,1.2645);
#2391=CIRCLE('',#6294,1.2645);
#2392=CIRCLE('',#6295,1.2645);
#2393=CIRCLE('',#6296,1.2645);
#2394=CIRCLE('',#6297,1.2645);
#2395=CIRCLE('',#6303,3.);
#2396=CIRCLE('',#6304,3.);
#2397=CIRCLE('',#6305,2.5175);
#2398=CIRCLE('',#6307,3.);
#2399=CIRCLE('',#6308,3.);
#2400=CIRCLE('',#6309,2.5175);
#2401=CIRCLE('',#6313,0.8115);
#2402=CIRCLE('',#6316,0.8115);
#2403=CIRCLE('',#6320,1.2645);
#2404=CIRCLE('',#6323,1.2645);
#2405=CIRCLE('',#6338,1.27650002502291);
#2406=CIRCLE('',#6339,1.4635);
#2407=CIRCLE('',#6341,1.4635);
#2408=CIRCLE('',#6342,0.375);
#2409=CIRCLE('',#6360,0.96675);
#2410=CIRCLE('',#6361,0.819999999999244);
#2411=CIRCLE('',#6363,1.89999999999999);
#2412=CIRCLE('',#6364,0.2);
#2413=CIRCLE('',#6365,1.69999999999999);
#2414=CIRCLE('',#6368,1.89999999999999);
#2415=CIRCLE('',#6382,0.96675);
#2416=CIRCLE('',#6392,0.5);
#2417=CIRCLE('',#6393,0.5);
#2418=CIRCLE('',#6394,2.);
#2419=CIRCLE('',#6395,1.49991200387166);
#2420=CIRCLE('',#6396,1.49991200387166);
#2421=CIRCLE('',#6399,0.499999999999998);
#2422=CIRCLE('',#6400,2.);
#2423=CIRCLE('',#6401,1.49991200387166);
#2424=CIRCLE('',#6402,1.49991200387166);
#2425=CIRCLE('',#6404,0.499999999999998);
#2426=CIRCLE('',#6406,0.5);
#2427=CIRCLE('',#6416,1.4635);
#2428=CIRCLE('',#6417,1.4635);
#2429=CIRCLE('',#6421,1.);
#2430=CIRCLE('',#6422,1.);
#2431=CIRCLE('',#6423,1.);
#2432=CIRCLE('',#6424,1.);
#2433=CIRCLE('',#6425,1.);
#2434=CIRCLE('',#6426,1.80277563773193);
#2435=CIRCLE('',#6428,1.);
#2436=CIRCLE('',#6429,1.);
#2437=CIRCLE('',#6430,1.);
#2438=CIRCLE('',#6431,1.);
#2439=CIRCLE('',#6432,1.);
#2440=CIRCLE('',#6433,1.80277563773193);
#2441=CIRCLE('',#6436,3.);
#2442=CIRCLE('',#6437,3.);
#2443=CIRCLE('',#6440,1.);
#2444=CIRCLE('',#6441,1.);
#2445=CIRCLE('',#6442,1.);
#2446=CIRCLE('',#6443,1.);
#2447=CIRCLE('',#6444,1.);
#2448=CIRCLE('',#6445,1.80277563773193);
#2449=CIRCLE('',#6447,1.);
#2450=CIRCLE('',#6448,1.);
#2451=CIRCLE('',#6449,1.);
#2452=CIRCLE('',#6450,1.);
#2453=CIRCLE('',#6451,1.);
#2454=CIRCLE('',#6452,1.80277563773193);
#2455=CIRCLE('',#6455,3.);
#2456=CIRCLE('',#6456,3.);
#2457=VERTEX_POINT('',#8176);
#2458=VERTEX_POINT('',#8178);
#2459=VERTEX_POINT('',#8182);
#2460=VERTEX_POINT('',#8184);
#2461=VERTEX_POINT('',#8191);
#2462=VERTEX_POINT('',#8193);
#2463=VERTEX_POINT('',#8197);
#2464=VERTEX_POINT('',#8201);
#2465=VERTEX_POINT('',#8204);
#2466=VERTEX_POINT('',#8210);
#2467=VERTEX_POINT('',#8212);
#2468=VERTEX_POINT('',#8216);
#2469=VERTEX_POINT('',#8220);
#2470=VERTEX_POINT('',#8223);
#2471=VERTEX_POINT('',#8225);
#2472=VERTEX_POINT('',#8231);
#2473=VERTEX_POINT('',#8234);
#2474=VERTEX_POINT('',#8243);
#2475=VERTEX_POINT('',#8245);
#2476=VERTEX_POINT('',#8248);
#2477=VERTEX_POINT('',#8252);
#2478=VERTEX_POINT('',#8254);
#2479=VERTEX_POINT('',#8257);
#2480=VERTEX_POINT('',#8261);
#2481=VERTEX_POINT('',#8263);
#2482=VERTEX_POINT('',#8267);
#2483=VERTEX_POINT('',#8269);
#2484=VERTEX_POINT('',#8273);
#2485=VERTEX_POINT('',#8275);
#2486=VERTEX_POINT('',#8279);
#2487=VERTEX_POINT('',#8281);
#2488=VERTEX_POINT('',#8285);
#2489=VERTEX_POINT('',#8287);
#2490=VERTEX_POINT('',#8291);
#2491=VERTEX_POINT('',#8293);
#2492=VERTEX_POINT('',#8297);
#2493=VERTEX_POINT('',#8299);
#2494=VERTEX_POINT('',#8303);
#2495=VERTEX_POINT('',#8305);
#2496=VERTEX_POINT('',#8309);
#2497=VERTEX_POINT('',#8310);
#2498=VERTEX_POINT('',#8312);
#2499=VERTEX_POINT('',#8314);
#2500=VERTEX_POINT('',#8316);
#2501=VERTEX_POINT('',#8318);
#2502=VERTEX_POINT('',#8320);
#2503=VERTEX_POINT('',#8322);
#2504=VERTEX_POINT('',#8325);
#2505=VERTEX_POINT('',#8328);
#2506=VERTEX_POINT('',#8330);
#2507=VERTEX_POINT('',#8334);
#2508=VERTEX_POINT('',#8338);
#2509=VERTEX_POINT('',#8342);
#2510=VERTEX_POINT('',#8346);
#2511=VERTEX_POINT('',#8350);
#2512=VERTEX_POINT('',#8354);
#2513=VERTEX_POINT('',#8360);
#2514=VERTEX_POINT('',#8361);
#2515=VERTEX_POINT('',#8363);
#2516=VERTEX_POINT('',#8365);
#2517=VERTEX_POINT('',#8367);
#2518=VERTEX_POINT('',#8369);
#2519=VERTEX_POINT('',#8371);
#2520=VERTEX_POINT('',#8373);
#2521=VERTEX_POINT('',#8376);
#2522=VERTEX_POINT('',#8379);
#2523=VERTEX_POINT('',#8380);
#2524=VERTEX_POINT('',#8382);
#2525=VERTEX_POINT('',#8384);
#2526=VERTEX_POINT('',#8386);
#2527=VERTEX_POINT('',#8388);
#2528=VERTEX_POINT('',#8390);
#2529=VERTEX_POINT('',#8392);
#2530=VERTEX_POINT('',#8395);
#2531=VERTEX_POINT('',#8416);
#2532=VERTEX_POINT('',#8417);
#2533=VERTEX_POINT('',#8419);
#2534=VERTEX_POINT('',#8421);
#2535=VERTEX_POINT('',#8423);
#2536=VERTEX_POINT('',#8425);
#2537=VERTEX_POINT('',#8427);
#2538=VERTEX_POINT('',#8429);
#2539=VERTEX_POINT('',#8432);
#2540=VERTEX_POINT('',#8435);
#2541=VERTEX_POINT('',#8436);
#2542=VERTEX_POINT('',#8438);
#2543=VERTEX_POINT('',#8440);
#2544=VERTEX_POINT('',#8442);
#2545=VERTEX_POINT('',#8444);
#2546=VERTEX_POINT('',#8446);
#2547=VERTEX_POINT('',#8448);
#2548=VERTEX_POINT('',#8451);
#2549=VERTEX_POINT('',#8470);
#2550=VERTEX_POINT('',#8474);
#2551=VERTEX_POINT('',#8475);
#2552=VERTEX_POINT('',#8477);
#2553=VERTEX_POINT('',#8479);
#2554=VERTEX_POINT('',#8481);
#2555=VERTEX_POINT('',#8483);
#2556=VERTEX_POINT('',#8485);
#2557=VERTEX_POINT('',#8487);
#2558=VERTEX_POINT('',#8491);
#2559=VERTEX_POINT('',#8492);
#2560=VERTEX_POINT('',#8494);
#2561=VERTEX_POINT('',#8496);
#2562=VERTEX_POINT('',#8498);
#2563=VERTEX_POINT('',#8500);
#2564=VERTEX_POINT('',#8502);
#2565=VERTEX_POINT('',#8504);
#2566=VERTEX_POINT('',#8507);
#2567=VERTEX_POINT('',#8526);
#2568=VERTEX_POINT('',#8530);
#2569=VERTEX_POINT('',#8531);
#2570=VERTEX_POINT('',#8533);
#2571=VERTEX_POINT('',#8535);
#2572=VERTEX_POINT('',#8537);
#2573=VERTEX_POINT('',#8539);
#2574=VERTEX_POINT('',#8541);
#2575=VERTEX_POINT('',#8543);
#2576=VERTEX_POINT('',#8547);
#2577=VERTEX_POINT('',#8548);
#2578=VERTEX_POINT('',#8550);
#2579=VERTEX_POINT('',#8552);
#2580=VERTEX_POINT('',#8554);
#2581=VERTEX_POINT('',#8556);
#2582=VERTEX_POINT('',#8558);
#2583=VERTEX_POINT('',#8560);
#2584=VERTEX_POINT('',#8563);
#2585=VERTEX_POINT('',#8582);
#2586=VERTEX_POINT('',#8586);
#2587=VERTEX_POINT('',#8587);
#2588=VERTEX_POINT('',#8589);
#2589=VERTEX_POINT('',#8591);
#2590=VERTEX_POINT('',#8593);
#2591=VERTEX_POINT('',#8595);
#2592=VERTEX_POINT('',#8597);
#2593=VERTEX_POINT('',#8599);
#2594=VERTEX_POINT('',#8603);
#2595=VERTEX_POINT('',#8605);
#2596=VERTEX_POINT('',#8609);
#2597=VERTEX_POINT('',#8611);
#2598=VERTEX_POINT('',#8615);
#2599=VERTEX_POINT('',#8617);
#2600=VERTEX_POINT('',#8621);
#2601=VERTEX_POINT('',#8625);
#2602=VERTEX_POINT('',#8629);
#2603=VERTEX_POINT('',#8633);
#2604=VERTEX_POINT('',#8637);
#2605=VERTEX_POINT('',#8641);
#2606=VERTEX_POINT('',#8647);
#2607=VERTEX_POINT('',#8652);
#2608=VERTEX_POINT('',#8659);
#2609=VERTEX_POINT('',#8660);
#2610=VERTEX_POINT('',#8662);
#2611=VERTEX_POINT('',#8664);
#2612=VERTEX_POINT('',#8668);
#2613=VERTEX_POINT('',#8670);
#2614=VERTEX_POINT('',#8674);
#2615=VERTEX_POINT('',#8676);
#2616=VERTEX_POINT('',#8680);
#2617=VERTEX_POINT('',#8682);
#2618=VERTEX_POINT('',#8686);
#2619=VERTEX_POINT('',#8688);
#2620=VERTEX_POINT('',#8692);
#2621=VERTEX_POINT('',#8694);
#2622=VERTEX_POINT('',#8698);
#2623=VERTEX_POINT('',#8700);
#2624=VERTEX_POINT('',#8704);
#2625=VERTEX_POINT('',#8706);
#2626=VERTEX_POINT('',#8710);
#2627=VERTEX_POINT('',#8712);
#2628=VERTEX_POINT('',#8716);
#2629=VERTEX_POINT('',#8718);
#2630=VERTEX_POINT('',#8722);
#2631=VERTEX_POINT('',#8724);
#2632=VERTEX_POINT('',#8731);
#2633=VERTEX_POINT('',#8732);
#2634=VERTEX_POINT('',#8734);
#2635=VERTEX_POINT('',#8736);
#2636=VERTEX_POINT('',#8740);
#2637=VERTEX_POINT('',#8742);
#2638=VERTEX_POINT('',#8746);
#2639=VERTEX_POINT('',#8748);
#2640=VERTEX_POINT('',#8752);
#2641=VERTEX_POINT('',#8754);
#2642=VERTEX_POINT('',#8758);
#2643=VERTEX_POINT('',#8760);
#2644=VERTEX_POINT('',#8762);
#2645=VERTEX_POINT('',#8765);
#2646=VERTEX_POINT('',#8767);
#2647=VERTEX_POINT('',#8769);
#2648=VERTEX_POINT('',#8771);
#2649=VERTEX_POINT('',#8774);
#2650=VERTEX_POINT('',#8778);
#2651=VERTEX_POINT('',#8782);
#2652=VERTEX_POINT('',#8788);
#2653=VERTEX_POINT('',#8790);
#2654=VERTEX_POINT('',#8792);
#2655=VERTEX_POINT('',#8794);
#2656=VERTEX_POINT('',#8806);
#2657=VERTEX_POINT('',#8807);
#2658=VERTEX_POINT('',#8809);
#2659=VERTEX_POINT('',#8811);
#2660=VERTEX_POINT('',#8815);
#2661=VERTEX_POINT('',#8817);
#2662=VERTEX_POINT('',#8821);
#2663=VERTEX_POINT('',#8823);
#2664=VERTEX_POINT('',#8827);
#2665=VERTEX_POINT('',#8829);
#2666=VERTEX_POINT('',#8833);
#2667=VERTEX_POINT('',#8835);
#2668=VERTEX_POINT('',#8839);
#2669=VERTEX_POINT('',#8841);
#2670=VERTEX_POINT('',#8845);
#2671=VERTEX_POINT('',#8847);
#2672=VERTEX_POINT('',#8851);
#2673=VERTEX_POINT('',#8853);
#2674=VERTEX_POINT('',#8857);
#2675=VERTEX_POINT('',#8859);
#2676=VERTEX_POINT('',#8863);
#2677=VERTEX_POINT('',#8865);
#2678=VERTEX_POINT('',#8869);
#2679=VERTEX_POINT('',#8871);
#2680=VERTEX_POINT('',#8878);
#2681=VERTEX_POINT('',#8879);
#2682=VERTEX_POINT('',#8881);
#2683=VERTEX_POINT('',#8883);
#2684=VERTEX_POINT('',#8887);
#2685=VERTEX_POINT('',#8889);
#2686=VERTEX_POINT('',#8893);
#2687=VERTEX_POINT('',#8895);
#2688=VERTEX_POINT('',#8899);
#2689=VERTEX_POINT('',#8901);
#2690=VERTEX_POINT('',#8905);
#2691=VERTEX_POINT('',#8907);
#2692=VERTEX_POINT('',#8909);
#2693=VERTEX_POINT('',#8912);
#2694=VERTEX_POINT('',#8914);
#2695=VERTEX_POINT('',#8916);
#2696=VERTEX_POINT('',#8918);
#2697=VERTEX_POINT('',#8921);
#2698=VERTEX_POINT('',#8925);
#2699=VERTEX_POINT('',#8929);
#2700=VERTEX_POINT('',#8935);
#2701=VERTEX_POINT('',#8937);
#2702=VERTEX_POINT('',#8939);
#2703=VERTEX_POINT('',#8941);
#2704=VERTEX_POINT('',#8955);
#2705=VERTEX_POINT('',#8957);
#2706=VERTEX_POINT('',#8961);
#2707=VERTEX_POINT('',#8965);
#2708=VERTEX_POINT('',#8968);
#2709=VERTEX_POINT('',#8972);
#2710=VERTEX_POINT('',#8975);
#2711=VERTEX_POINT('',#8979);
#2712=VERTEX_POINT('',#8983);
#2713=VERTEX_POINT('',#8987);
#2714=VERTEX_POINT('',#8991);
#2715=VERTEX_POINT('',#8995);
#2716=VERTEX_POINT('',#8998);
#2717=VERTEX_POINT('',#9002);
#2718=VERTEX_POINT('',#9003);
#2719=VERTEX_POINT('',#9005);
#2720=VERTEX_POINT('',#9007);
#2721=VERTEX_POINT('',#9011);
#2722=VERTEX_POINT('',#9013);
#2723=VERTEX_POINT('',#9017);
#2724=VERTEX_POINT('',#9019);
#2725=VERTEX_POINT('',#9023);
#2726=VERTEX_POINT('',#9025);
#2727=VERTEX_POINT('',#9029);
#2728=VERTEX_POINT('',#9031);
#2729=VERTEX_POINT('',#9041);
#2730=VERTEX_POINT('',#9042);
#2731=VERTEX_POINT('',#9044);
#2732=VERTEX_POINT('',#9046);
#2733=VERTEX_POINT('',#9048);
#2734=VERTEX_POINT('',#9052);
#2735=VERTEX_POINT('',#9054);
#2736=VERTEX_POINT('',#9056);
#2737=VERTEX_POINT('',#9060);
#2738=VERTEX_POINT('',#9062);
#2739=VERTEX_POINT('',#9064);
#2740=VERTEX_POINT('',#9068);
#2741=VERTEX_POINT('',#9070);
#2742=VERTEX_POINT('',#9072);
#2743=VERTEX_POINT('',#9076);
#2744=VERTEX_POINT('',#9078);
#2745=VERTEX_POINT('',#9080);
#2746=VERTEX_POINT('',#9084);
#2747=VERTEX_POINT('',#9088);
#2748=VERTEX_POINT('',#9103);
#2749=VERTEX_POINT('',#9107);
#2750=VERTEX_POINT('',#9109);
#2751=VERTEX_POINT('',#9140);
#2752=VERTEX_POINT('',#9141);
#2753=VERTEX_POINT('',#9143);
#2754=VERTEX_POINT('',#9145);
#2755=VERTEX_POINT('',#9164);
#2756=VERTEX_POINT('',#9165);
#2757=VERTEX_POINT('',#9210);
#2758=VERTEX_POINT('',#9243);
#2759=VERTEX_POINT('',#9244);
#2760=VERTEX_POINT('',#9246);
#2761=VERTEX_POINT('',#9248);
#2762=VERTEX_POINT('',#9267);
#2763=VERTEX_POINT('',#9268);
#2764=VERTEX_POINT('',#9350);
#2765=VERTEX_POINT('',#9354);
#2766=VERTEX_POINT('',#9356);
#2767=VERTEX_POINT('',#9358);
#2768=VERTEX_POINT('',#9367);
#2769=VERTEX_POINT('',#9374);
#2770=VERTEX_POINT('',#9393);
#2771=VERTEX_POINT('',#9394);
#2772=VERTEX_POINT('',#9396);
#2773=VERTEX_POINT('',#9398);
#2774=VERTEX_POINT('',#9437);
#2775=VERTEX_POINT('',#9438);
#2776=VERTEX_POINT('',#9472);
#2777=VERTEX_POINT('',#9505);
#2778=VERTEX_POINT('',#9506);
#2779=VERTEX_POINT('',#9508);
#2780=VERTEX_POINT('',#9510);
#2781=VERTEX_POINT('',#9529);
#2782=VERTEX_POINT('',#9530);
#2783=VERTEX_POINT('',#9612);
#2784=VERTEX_POINT('',#9616);
#2785=VERTEX_POINT('',#9618);
#2786=VERTEX_POINT('',#9620);
#2787=VERTEX_POINT('',#9629);
#2788=VERTEX_POINT('',#9636);
#2789=VERTEX_POINT('',#9664);
#2790=VERTEX_POINT('',#9666);
#2791=VERTEX_POINT('',#9685);
#2792=VERTEX_POINT('',#9686);
#2793=VERTEX_POINT('',#9757);
#2794=VERTEX_POINT('',#9759);
#2795=VERTEX_POINT('',#9778);
#2796=VERTEX_POINT('',#9779);
#2797=VERTEX_POINT('',#9853);
#2798=VERTEX_POINT('',#9881);
#2799=VERTEX_POINT('',#9883);
#2800=VERTEX_POINT('',#9902);
#2801=VERTEX_POINT('',#9903);
#2802=VERTEX_POINT('',#10001);
#2803=VERTEX_POINT('',#10003);
#2804=VERTEX_POINT('',#10022);
#2805=VERTEX_POINT('',#10023);
#2806=VERTEX_POINT('',#10072);
#2807=VERTEX_POINT('',#10076);
#2808=VERTEX_POINT('',#10080);
#2809=VERTEX_POINT('',#10082);
#2810=VERTEX_POINT('',#10086);
#2811=VERTEX_POINT('',#10088);
#2812=VERTEX_POINT('',#10090);
#2813=VERTEX_POINT('',#10097);
#2814=VERTEX_POINT('',#10099);
#2815=VERTEX_POINT('',#10101);
#2816=VERTEX_POINT('',#10105);
#2817=VERTEX_POINT('',#10107);
#2818=VERTEX_POINT('',#10109);
#2819=VERTEX_POINT('',#10111);
#2820=VERTEX_POINT('',#10113);
#2821=VERTEX_POINT('',#10115);
#2822=VERTEX_POINT('',#10120);
#2823=VERTEX_POINT('',#10122);
#2824=VERTEX_POINT('',#10124);
#2825=VERTEX_POINT('',#10128);
#2826=VERTEX_POINT('',#10130);
#2827=VERTEX_POINT('',#10132);
#2828=VERTEX_POINT('',#10134);
#2829=VERTEX_POINT('',#10136);
#2830=VERTEX_POINT('',#10138);
#2831=VERTEX_POINT('',#10149);
#2832=VERTEX_POINT('',#10151);
#2833=VERTEX_POINT('',#10153);
#2834=VERTEX_POINT('',#10156);
#2835=VERTEX_POINT('',#10158);
#2836=VERTEX_POINT('',#10160);
#2837=VERTEX_POINT('',#10165);
#2838=VERTEX_POINT('',#10167);
#2839=VERTEX_POINT('',#10172);
#2840=VERTEX_POINT('',#10174);
#2841=VERTEX_POINT('',#10181);
#2842=VERTEX_POINT('',#10183);
#2843=VERTEX_POINT('',#10188);
#2844=VERTEX_POINT('',#10190);
#2845=VERTEX_POINT('',#10195);
#2846=VERTEX_POINT('',#10232);
#2847=VERTEX_POINT('',#10269);
#2848=VERTEX_POINT('',#10306);
#2849=VERTEX_POINT('',#10343);
#2850=VERTEX_POINT('',#10380);
#2851=VERTEX_POINT('',#10417);
#2852=VERTEX_POINT('',#10454);
#2853=VERTEX_POINT('',#10497);
#2854=VERTEX_POINT('',#10499);
#2855=VERTEX_POINT('',#10503);
#2856=VERTEX_POINT('',#10505);
#2857=VERTEX_POINT('',#10509);
#2858=VERTEX_POINT('',#10510);
#2859=VERTEX_POINT('',#10512);
#2860=VERTEX_POINT('',#10516);
#2861=VERTEX_POINT('',#10520);
#2862=VERTEX_POINT('',#10524);
#2863=VERTEX_POINT('',#10528);
#2864=VERTEX_POINT('',#10534);
#2865=VERTEX_POINT('',#10535);
#2866=VERTEX_POINT('',#10540);
#2867=VERTEX_POINT('',#10544);
#2868=VERTEX_POINT('',#10548);
#2869=VERTEX_POINT('',#10552);
#2870=VERTEX_POINT('',#10563);
#2871=VERTEX_POINT('',#10565);
#2872=VERTEX_POINT('',#10569);
#2873=VERTEX_POINT('',#10571);
#2874=VERTEX_POINT('',#10575);
#2875=VERTEX_POINT('',#10576);
#2876=VERTEX_POINT('',#10578);
#2877=VERTEX_POINT('',#10580);
#2878=VERTEX_POINT('',#10582);
#2879=VERTEX_POINT('',#10584);
#2880=VERTEX_POINT('',#10588);
#2881=VERTEX_POINT('',#10592);
#2882=VERTEX_POINT('',#10593);
#2883=VERTEX_POINT('',#10595);
#2884=VERTEX_POINT('',#10599);
#2885=VERTEX_POINT('',#10603);
#2886=VERTEX_POINT('',#10607);
#2887=VERTEX_POINT('',#10611);
#2888=VERTEX_POINT('',#10629);
#2889=VERTEX_POINT('',#10636);
#2890=VERTEX_POINT('',#10637);
#2891=VERTEX_POINT('',#10664);
#2892=VERTEX_POINT('',#10665);
#2893=VERTEX_POINT('',#10692);
#2894=VERTEX_POINT('',#10693);
#2895=VERTEX_POINT('',#10723);
#2896=VERTEX_POINT('',#10724);
#2897=VERTEX_POINT('',#10928);
#2898=VERTEX_POINT('',#10933);
#2899=VERTEX_POINT('',#10946);
#2900=VERTEX_POINT('',#11127);
#2901=VERTEX_POINT('',#11169);
#2902=VERTEX_POINT('',#11171);
#2903=VERTEX_POINT('',#11173);
#2904=VERTEX_POINT('',#11177);
#2905=VERTEX_POINT('',#11178);
#2906=VERTEX_POINT('',#11181);
#2907=VERTEX_POINT('',#11183);
#2908=VERTEX_POINT('',#11193);
#2909=VERTEX_POINT('',#11204);
#2910=VERTEX_POINT('',#11206);
#2911=VERTEX_POINT('',#11384);
#2912=VERTEX_POINT('',#11385);
#2913=VERTEX_POINT('',#11425);
#2914=VERTEX_POINT('',#11592);
#2915=VERTEX_POINT('',#11630);
#2916=VERTEX_POINT('',#11636);
#2917=VERTEX_POINT('',#11639);
#2918=VERTEX_POINT('',#11646);
#2919=VERTEX_POINT('',#11648);
#2920=VERTEX_POINT('',#11653);
#2921=VERTEX_POINT('',#11657);
#2922=VERTEX_POINT('',#11661);
#2923=VERTEX_POINT('',#11668);
#2924=VERTEX_POINT('',#11670);
#2925=VERTEX_POINT('',#11694);
#2926=VERTEX_POINT('',#11696);
#2927=VERTEX_POINT('',#11699);
#2928=VERTEX_POINT('',#11701);
#2929=VERTEX_POINT('',#11731);
#2930=VERTEX_POINT('',#11753);
#2931=VERTEX_POINT('',#11755);
#2932=VERTEX_POINT('',#11758);
#2933=VERTEX_POINT('',#11760);
#2934=VERTEX_POINT('',#11790);
#2935=VERTEX_POINT('',#11795);
#2936=VERTEX_POINT('',#11797);
#2937=VERTEX_POINT('',#11820);
#2938=VERTEX_POINT('',#11822);
#2939=VERTEX_POINT('',#11825);
#2940=VERTEX_POINT('',#11827);
#2941=VERTEX_POINT('',#11857);
#2942=VERTEX_POINT('',#11879);
#2943=VERTEX_POINT('',#11881);
#2944=VERTEX_POINT('',#11884);
#2945=VERTEX_POINT('',#11886);
#2946=VERTEX_POINT('',#11916);
#2947=VERTEX_POINT('',#11921);
#2948=VERTEX_POINT('',#11923);
#2949=EDGE_CURVE('',#2457,#2457,#2187,.T.);
#2950=EDGE_CURVE('',#2457,#2458,#1357,.T.);
#2951=EDGE_CURVE('',#2458,#2458,#2188,.T.);
#2952=EDGE_CURVE('',#2459,#2459,#2189,.F.);
#2953=EDGE_CURVE('',#2459,#2460,#1358,.T.);
#2954=EDGE_CURVE('',#2460,#2460,#2190,.F.);
#2955=EDGE_CURVE('',#2461,#2461,#2191,.T.);
#2956=EDGE_CURVE('',#2461,#2462,#1359,.T.);
#2957=EDGE_CURVE('',#2462,#2462,#2192,.T.);
#2958=EDGE_CURVE('',#2462,#2463,#1360,.T.);
#2959=EDGE_CURVE('',#2463,#2463,#2193,.T.);
#2960=EDGE_CURVE('',#2464,#2464,#2194,.T.);
#2961=EDGE_CURVE('',#2465,#2465,#2195,.F.);
#2962=EDGE_CURVE('',#2465,#2464,#1361,.T.);
#2963=EDGE_CURVE('',#2466,#2466,#2196,.T.);
#2964=EDGE_CURVE('',#2466,#2467,#1362,.T.);
#2965=EDGE_CURVE('',#2467,#2467,#2197,.T.);
#2966=EDGE_CURVE('',#2467,#2468,#1363,.T.);
#2967=EDGE_CURVE('',#2468,#2468,#2198,.T.);
#2968=EDGE_CURVE('',#2469,#2469,#2199,.T.);
#2969=EDGE_CURVE('',#2470,#2470,#2200,.T.);
#2970=EDGE_CURVE('',#2470,#2471,#1364,.T.);
#2971=EDGE_CURVE('',#2471,#2471,#2201,.T.);
#2972=EDGE_CURVE('',#2469,#2471,#1365,.T.);
#2973=EDGE_CURVE('',#2472,#2472,#2202,.T.);
#2974=EDGE_CURVE('',#2473,#2473,#2203,.T.);
#2975=EDGE_CURVE('',#2473,#2472,#1366,.T.);
#2976=EDGE_CURVE('',#2474,#2474,#2204,.T.);
#2977=EDGE_CURVE('',#2474,#2475,#1367,.T.);
#2978=EDGE_CURVE('',#2476,#2476,#2205,.T.);
#2979=EDGE_CURVE('',#2476,#2474,#1368,.T.);
#2980=EDGE_CURVE('',#2477,#2477,#2206,.T.);
#2981=EDGE_CURVE('',#2477,#2478,#1369,.T.);
#2982=EDGE_CURVE('',#2479,#2479,#2207,.T.);
#2983=EDGE_CURVE('',#2479,#2477,#1370,.T.);
#2984=EDGE_CURVE('',#2480,#2480,#2208,.F.);
#2985=EDGE_CURVE('',#2480,#2481,#1371,.T.);
#2986=EDGE_CURVE('',#2481,#2481,#2209,.F.);
#2987=EDGE_CURVE('',#2482,#2482,#2210,.T.);
#2988=EDGE_CURVE('',#2482,#2483,#1372,.T.);
#2989=EDGE_CURVE('',#2483,#2483,#2211,.F.);
#2990=EDGE_CURVE('',#2484,#2484,#2212,.F.);
#2991=EDGE_CURVE('',#2484,#2485,#1373,.T.);
#2992=EDGE_CURVE('',#2485,#2485,#2213,.F.);
#2993=EDGE_CURVE('',#2486,#2486,#2214,.T.);
#2994=EDGE_CURVE('',#2486,#2487,#1374,.T.);
#2995=EDGE_CURVE('',#2487,#2487,#2215,.F.);
#2996=EDGE_CURVE('',#2488,#2488,#2216,.F.);
#2997=EDGE_CURVE('',#2488,#2489,#1375,.T.);
#2998=EDGE_CURVE('',#2489,#2489,#2217,.F.);
#2999=EDGE_CURVE('',#2490,#2490,#2218,.T.);
#3000=EDGE_CURVE('',#2490,#2491,#1376,.T.);
#3001=EDGE_CURVE('',#2491,#2491,#2219,.F.);
#3002=EDGE_CURVE('',#2492,#2492,#2220,.F.);
#3003=EDGE_CURVE('',#2492,#2493,#1377,.T.);
#3004=EDGE_CURVE('',#2493,#2493,#2221,.F.);
#3005=EDGE_CURVE('',#2494,#2494,#2222,.T.);
#3006=EDGE_CURVE('',#2494,#2495,#1378,.T.);
#3007=EDGE_CURVE('',#2495,#2495,#2223,.F.);
#3008=EDGE_CURVE('',#2496,#2497,#2224,.T.);
#3009=EDGE_CURVE('',#2498,#2496,#1379,.T.);
#3010=EDGE_CURVE('',#2499,#2498,#2225,.T.);
#3011=EDGE_CURVE('',#2500,#2499,#1380,.T.);
#3012=EDGE_CURVE('',#2501,#2500,#2226,.T.);
#3013=EDGE_CURVE('',#2502,#2501,#1381,.T.);
#3014=EDGE_CURVE('',#2503,#2502,#2227,.T.);
#3015=EDGE_CURVE('',#2497,#2503,#1382,.T.);
#3016=EDGE_CURVE('',#2504,#2504,#2228,.T.);
#3017=EDGE_CURVE('',#2500,#2505,#1383,.T.);
#3018=EDGE_CURVE('',#2506,#2505,#2229,.T.);
#3019=EDGE_CURVE('',#2501,#2506,#1384,.T.);
#3020=EDGE_CURVE('',#2499,#2507,#1385,.T.);
#3021=EDGE_CURVE('',#2505,#2507,#1386,.T.);
#3022=EDGE_CURVE('',#2508,#2506,#1387,.T.);
#3023=EDGE_CURVE('',#2502,#2508,#1388,.T.);
#3024=EDGE_CURVE('',#2498,#2509,#1389,.T.);
#3025=EDGE_CURVE('',#2507,#2509,#2230,.T.);
#3026=EDGE_CURVE('',#2496,#2510,#1390,.T.);
#3027=EDGE_CURVE('',#2509,#2510,#1391,.T.);
#3028=EDGE_CURVE('',#2511,#2508,#2231,.T.);
#3029=EDGE_CURVE('',#2503,#2511,#1392,.T.);
#3030=EDGE_CURVE('',#2497,#2512,#1393,.T.);
#3031=EDGE_CURVE('',#2510,#2512,#2232,.T.);
#3032=EDGE_CURVE('',#2512,#2511,#1394,.T.);
#3033=EDGE_CURVE('',#2513,#2514,#2233,.T.);
#3034=EDGE_CURVE('',#2515,#2513,#1395,.T.);
#3035=EDGE_CURVE('',#2516,#2515,#2234,.T.);
#3036=EDGE_CURVE('',#2517,#2516,#1396,.T.);
#3037=EDGE_CURVE('',#2518,#2517,#2235,.T.);
#3038=EDGE_CURVE('',#2519,#2518,#1397,.T.);
#3039=EDGE_CURVE('',#2520,#2519,#2236,.T.);
#3040=EDGE_CURVE('',#2514,#2520,#1398,.T.);
#3041=EDGE_CURVE('',#2521,#2521,#2237,.T.);
#3042=EDGE_CURVE('',#2522,#2523,#2238,.T.);
#3043=EDGE_CURVE('',#2524,#2522,#1399,.T.);
#3044=EDGE_CURVE('',#2525,#2524,#2239,.T.);
#3045=EDGE_CURVE('',#2526,#2525,#1400,.T.);
#3046=EDGE_CURVE('',#2527,#2526,#2240,.T.);
#3047=EDGE_CURVE('',#2528,#2527,#1401,.T.);
#3048=EDGE_CURVE('',#2529,#2528,#2241,.T.);
#3049=EDGE_CURVE('',#2523,#2529,#1402,.T.);
#3050=EDGE_CURVE('',#2530,#2530,#2242,.T.);
#3051=EDGE_CURVE('',#2520,#2524,#1403,.T.);
#3052=EDGE_CURVE('',#2514,#2522,#1404,.T.);
#3053=EDGE_CURVE('',#2513,#2523,#1405,.T.);
#3054=EDGE_CURVE('',#2519,#2525,#1406,.T.);
#3055=EDGE_CURVE('',#2515,#2529,#1407,.T.);
#3056=EDGE_CURVE('',#2516,#2528,#1408,.T.);
#3057=EDGE_CURVE('',#2518,#2526,#1409,.T.);
#3058=EDGE_CURVE('',#2517,#2527,#1410,.T.);
#3059=EDGE_CURVE('',#2530,#2504,#1411,.T.);
#3060=EDGE_CURVE('',#2531,#2532,#2243,.T.);
#3061=EDGE_CURVE('',#2533,#2531,#1412,.T.);
#3062=EDGE_CURVE('',#2534,#2533,#2244,.T.);
#3063=EDGE_CURVE('',#2535,#2534,#1413,.T.);
#3064=EDGE_CURVE('',#2536,#2535,#2245,.T.);
#3065=EDGE_CURVE('',#2537,#2536,#1414,.T.);
#3066=EDGE_CURVE('',#2538,#2537,#2246,.T.);
#3067=EDGE_CURVE('',#2532,#2538,#1415,.T.);
#3068=EDGE_CURVE('',#2539,#2539,#2247,.T.);
#3069=EDGE_CURVE('',#2540,#2541,#2248,.T.);
#3070=EDGE_CURVE('',#2542,#2540,#1416,.T.);
#3071=EDGE_CURVE('',#2543,#2542,#2249,.T.);
#3072=EDGE_CURVE('',#2544,#2543,#1417,.T.);
#3073=EDGE_CURVE('',#2545,#2544,#2250,.T.);
#3074=EDGE_CURVE('',#2546,#2545,#1418,.T.);
#3075=EDGE_CURVE('',#2547,#2546,#2251,.T.);
#3076=EDGE_CURVE('',#2541,#2547,#1419,.T.);
#3077=EDGE_CURVE('',#2548,#2548,#2252,.T.);
#3078=EDGE_CURVE('',#2543,#2537,#1420,.T.);
#3079=EDGE_CURVE('',#2544,#2536,#1421,.T.);
#3080=EDGE_CURVE('',#2545,#2535,#1422,.T.);
#3081=EDGE_CURVE('',#2540,#2532,#1423,.T.);
#3082=EDGE_CURVE('',#2542,#2538,#1424,.T.);
#3083=EDGE_CURVE('',#2541,#2531,#1425,.T.);
#3084=EDGE_CURVE('',#2546,#2534,#1426,.T.);
#3085=EDGE_CURVE('',#2547,#2533,#1427,.T.);
#3086=EDGE_CURVE('',#2549,#2549,#2253,.T.);
#3087=EDGE_CURVE('',#2549,#2548,#1428,.T.);
#3088=EDGE_CURVE('',#2550,#2551,#2254,.T.);
#3089=EDGE_CURVE('',#2552,#2550,#1429,.T.);
#3090=EDGE_CURVE('',#2553,#2552,#2255,.T.);
#3091=EDGE_CURVE('',#2554,#2553,#1430,.T.);
#3092=EDGE_CURVE('',#2555,#2554,#2256,.T.);
#3093=EDGE_CURVE('',#2556,#2555,#1431,.T.);
#3094=EDGE_CURVE('',#2557,#2556,#2257,.T.);
#3095=EDGE_CURVE('',#2551,#2557,#1432,.T.);
#3096=EDGE_CURVE('',#2558,#2559,#2258,.T.);
#3097=EDGE_CURVE('',#2560,#2558,#1433,.T.);
#3098=EDGE_CURVE('',#2561,#2560,#2259,.T.);
#3099=EDGE_CURVE('',#2562,#2561,#1434,.T.);
#3100=EDGE_CURVE('',#2563,#2562,#2260,.T.);
#3101=EDGE_CURVE('',#2564,#2563,#1435,.T.);
#3102=EDGE_CURVE('',#2565,#2564,#2261,.T.);
#3103=EDGE_CURVE('',#2559,#2565,#1436,.T.);
#3104=EDGE_CURVE('',#2566,#2566,#2262,.T.);
#3105=EDGE_CURVE('',#2559,#2550,#1437,.T.);
#3106=EDGE_CURVE('',#2565,#2552,#1438,.T.);
#3107=EDGE_CURVE('',#2558,#2551,#1439,.T.);
#3108=EDGE_CURVE('',#2564,#2553,#1440,.T.);
#3109=EDGE_CURVE('',#2560,#2557,#1441,.T.);
#3110=EDGE_CURVE('',#2561,#2556,#1442,.T.);
#3111=EDGE_CURVE('',#2563,#2554,#1443,.T.);
#3112=EDGE_CURVE('',#2562,#2555,#1444,.T.);
#3113=EDGE_CURVE('',#2567,#2567,#2263,.T.);
#3114=EDGE_CURVE('',#2567,#2566,#1445,.T.);
#3115=EDGE_CURVE('',#2568,#2569,#2264,.T.);
#3116=EDGE_CURVE('',#2570,#2568,#1446,.T.);
#3117=EDGE_CURVE('',#2571,#2570,#2265,.T.);
#3118=EDGE_CURVE('',#2572,#2571,#1447,.T.);
#3119=EDGE_CURVE('',#2573,#2572,#2266,.T.);
#3120=EDGE_CURVE('',#2574,#2573,#1448,.T.);
#3121=EDGE_CURVE('',#2575,#2574,#2267,.T.);
#3122=EDGE_CURVE('',#2569,#2575,#1449,.T.);
#3123=EDGE_CURVE('',#2576,#2577,#2268,.T.);
#3124=EDGE_CURVE('',#2578,#2576,#1450,.T.);
#3125=EDGE_CURVE('',#2579,#2578,#2269,.T.);
#3126=EDGE_CURVE('',#2580,#2579,#1451,.T.);
#3127=EDGE_CURVE('',#2581,#2580,#2270,.T.);
#3128=EDGE_CURVE('',#2582,#2581,#1452,.T.);
#3129=EDGE_CURVE('',#2583,#2582,#2271,.T.);
#3130=EDGE_CURVE('',#2577,#2583,#1453,.T.);
#3131=EDGE_CURVE('',#2584,#2584,#2272,.T.);
#3132=EDGE_CURVE('',#2577,#2568,#1454,.T.);
#3133=EDGE_CURVE('',#2583,#2570,#1455,.T.);
#3134=EDGE_CURVE('',#2576,#2569,#1456,.T.);
#3135=EDGE_CURVE('',#2582,#2571,#1457,.T.);
#3136=EDGE_CURVE('',#2578,#2575,#1458,.T.);
#3137=EDGE_CURVE('',#2579,#2574,#1459,.T.);
#3138=EDGE_CURVE('',#2581,#2572,#1460,.T.);
#3139=EDGE_CURVE('',#2580,#2573,#1461,.T.);
#3140=EDGE_CURVE('',#2585,#2585,#2273,.T.);
#3141=EDGE_CURVE('',#2585,#2584,#1462,.T.);
#3142=EDGE_CURVE('',#2586,#2587,#2274,.T.);
#3143=EDGE_CURVE('',#2588,#2586,#1463,.T.);
#3144=EDGE_CURVE('',#2589,#2588,#2275,.T.);
#3145=EDGE_CURVE('',#2590,#2589,#1464,.T.);
#3146=EDGE_CURVE('',#2591,#2590,#2276,.T.);
#3147=EDGE_CURVE('',#2592,#2591,#1465,.T.);
#3148=EDGE_CURVE('',#2593,#2592,#2277,.T.);
#3149=EDGE_CURVE('',#2587,#2593,#1466,.T.);
#3150=EDGE_CURVE('',#2594,#2594,#2278,.T.);
#3151=EDGE_CURVE('',#2594,#2595,#1467,.T.);
#3152=EDGE_CURVE('',#2595,#2595,#2279,.T.);
#3153=EDGE_CURVE('',#2596,#2596,#2280,.T.);
#3154=EDGE_CURVE('',#2596,#2597,#1468,.T.);
#3155=EDGE_CURVE('',#2597,#2597,#2281,.T.);
#3156=EDGE_CURVE('',#2598,#2590,#1469,.T.);
#3157=EDGE_CURVE('',#2598,#2599,#2282,.T.);
#3158=EDGE_CURVE('',#2599,#2591,#1470,.T.);
#3159=EDGE_CURVE('',#2599,#2600,#1471,.T.);
#3160=EDGE_CURVE('',#2600,#2592,#1472,.T.);
#3161=EDGE_CURVE('',#2601,#2589,#1473,.T.);
#3162=EDGE_CURVE('',#2601,#2598,#1474,.T.);
#3163=EDGE_CURVE('',#2600,#2602,#2283,.T.);
#3164=EDGE_CURVE('',#2602,#2593,#1475,.T.);
#3165=EDGE_CURVE('',#2602,#2603,#1476,.T.);
#3166=EDGE_CURVE('',#2603,#2587,#1477,.T.);
#3167=EDGE_CURVE('',#2604,#2588,#1478,.T.);
#3168=EDGE_CURVE('',#2604,#2601,#2284,.T.);
#3169=EDGE_CURVE('',#2603,#2605,#2285,.T.);
#3170=EDGE_CURVE('',#2605,#2586,#1479,.T.);
#3171=EDGE_CURVE('',#2605,#2604,#1480,.T.);
#3172=EDGE_CURVE('',#2606,#2606,#2286,.F.);
#3173=EDGE_CURVE('',#2539,#2521,#1481,.T.);
#3174=EDGE_CURVE('',#2607,#2607,#2287,.F.);
#3175=EDGE_CURVE('',#2606,#2607,#1482,.T.);
#3176=EDGE_CURVE('',#2608,#2609,#1483,.T.);
#3177=EDGE_CURVE('',#2608,#2610,#1484,.T.);
#3178=EDGE_CURVE('',#2611,#2610,#1485,.T.);
#3179=EDGE_CURVE('',#2609,#2611,#1486,.T.);
#3180=EDGE_CURVE('',#2612,#2608,#2288,.T.);
#3181=EDGE_CURVE('',#2612,#2613,#1487,.T.);
#3182=EDGE_CURVE('',#2610,#2613,#2289,.T.);
#3183=EDGE_CURVE('',#2614,#2612,#1488,.T.);
#3184=EDGE_CURVE('',#2614,#2615,#1489,.T.);
#3185=EDGE_CURVE('',#2613,#2615,#1490,.T.);
#3186=EDGE_CURVE('',#2616,#2614,#2290,.T.);
#3187=EDGE_CURVE('',#2616,#2617,#1491,.T.);
#3188=EDGE_CURVE('',#2615,#2617,#2291,.T.);
#3189=EDGE_CURVE('',#2618,#2616,#1492,.T.);
#3190=EDGE_CURVE('',#2618,#2619,#1493,.T.);
#3191=EDGE_CURVE('',#2617,#2619,#1494,.T.);
#3192=EDGE_CURVE('',#2620,#2618,#2292,.T.);
#3193=EDGE_CURVE('',#2620,#2621,#1495,.T.);
#3194=EDGE_CURVE('',#2619,#2621,#2293,.T.);
#3195=EDGE_CURVE('',#2622,#2620,#1496,.T.);
#3196=EDGE_CURVE('',#2622,#2623,#1497,.T.);
#3197=EDGE_CURVE('',#2621,#2623,#1498,.T.);
#3198=EDGE_CURVE('',#2624,#2622,#2294,.T.);
#3199=EDGE_CURVE('',#2624,#2625,#1499,.T.);
#3200=EDGE_CURVE('',#2623,#2625,#2295,.T.);
#3201=EDGE_CURVE('',#2626,#2624,#1500,.T.);
#3202=EDGE_CURVE('',#2626,#2627,#1501,.T.);
#3203=EDGE_CURVE('',#2625,#2627,#1502,.T.);
#3204=EDGE_CURVE('',#2628,#2626,#2296,.T.);
#3205=EDGE_CURVE('',#2628,#2629,#1503,.T.);
#3206=EDGE_CURVE('',#2627,#2629,#2297,.T.);
#3207=EDGE_CURVE('',#2630,#2628,#1504,.T.);
#3208=EDGE_CURVE('',#2630,#2631,#1505,.T.);
#3209=EDGE_CURVE('',#2629,#2631,#1506,.T.);
#3210=EDGE_CURVE('',#2609,#2630,#2298,.T.);
#3211=EDGE_CURVE('',#2631,#2611,#2299,.T.);
#3212=EDGE_CURVE('',#2632,#2633,#2300,.T.);
#3213=EDGE_CURVE('',#2633,#2634,#1507,.T.);
#3214=EDGE_CURVE('',#2634,#2635,#2301,.T.);
#3215=EDGE_CURVE('',#2635,#2632,#1508,.T.);
#3216=EDGE_CURVE('',#2633,#2636,#1509,.T.);
#3217=EDGE_CURVE('',#2637,#2636,#1510,.T.);
#3218=EDGE_CURVE('',#2634,#2637,#1511,.T.);
#3219=EDGE_CURVE('',#2636,#2638,#2302,.T.);
#3220=EDGE_CURVE('',#2638,#2639,#1512,.T.);
#3221=EDGE_CURVE('',#2639,#2637,#2303,.T.);
#3222=EDGE_CURVE('',#2638,#2640,#1513,.T.);
#3223=EDGE_CURVE('',#2641,#2640,#1514,.T.);
#3224=EDGE_CURVE('',#2639,#2641,#1515,.T.);
#3225=EDGE_CURVE('',#2642,#2641,#2304,.T.);
#3226=EDGE_CURVE('',#2642,#2643,#1516,.T.);
#3227=EDGE_CURVE('',#2644,#2643,#2305,.T.);
#3228=EDGE_CURVE('',#2644,#2635,#1517,.T.);
#3229=EDGE_CURVE('',#2645,#2645,#2306,.T.);
#3230=EDGE_CURVE('',#2646,#2646,#2307,.T.);
#3231=EDGE_CURVE('',#2647,#2647,#2308,.T.);
#3232=EDGE_CURVE('',#2648,#2648,#2309,.T.);
#3233=EDGE_CURVE('',#2640,#2649,#2310,.T.);
#3234=EDGE_CURVE('',#2649,#2642,#1518,.T.);
#3235=EDGE_CURVE('',#2649,#2650,#1519,.T.);
#3236=EDGE_CURVE('',#2643,#2650,#1520,.T.);
#3237=EDGE_CURVE('',#2650,#2651,#2311,.T.);
#3238=EDGE_CURVE('',#2651,#2644,#1521,.T.);
#3239=EDGE_CURVE('',#2651,#2632,#1522,.T.);
#3240=EDGE_CURVE('',#2652,#2652,#2312,.T.);
#3241=EDGE_CURVE('',#2653,#2653,#2313,.T.);
#3242=EDGE_CURVE('',#2654,#2654,#2314,.T.);
#3243=EDGE_CURVE('',#2655,#2655,#2315,.T.);
#3244=EDGE_CURVE('',#2645,#2655,#1523,.T.);
#3245=EDGE_CURVE('',#2646,#2654,#1524,.T.);
#3246=EDGE_CURVE('',#2647,#2653,#1525,.T.);
#3247=EDGE_CURVE('',#2648,#2652,#1526,.T.);
#3248=EDGE_CURVE('',#2656,#2657,#1527,.T.);
#3249=EDGE_CURVE('',#2656,#2658,#1528,.T.);
#3250=EDGE_CURVE('',#2659,#2658,#1529,.T.);
#3251=EDGE_CURVE('',#2657,#2659,#1530,.T.);
#3252=EDGE_CURVE('',#2660,#2656,#2316,.T.);
#3253=EDGE_CURVE('',#2660,#2661,#1531,.T.);
#3254=EDGE_CURVE('',#2658,#2661,#2317,.T.);
#3255=EDGE_CURVE('',#2662,#2660,#1532,.T.);
#3256=EDGE_CURVE('',#2662,#2663,#1533,.T.);
#3257=EDGE_CURVE('',#2661,#2663,#1534,.T.);
#3258=EDGE_CURVE('',#2664,#2662,#2318,.T.);
#3259=EDGE_CURVE('',#2664,#2665,#1535,.T.);
#3260=EDGE_CURVE('',#2663,#2665,#2319,.T.);
#3261=EDGE_CURVE('',#2666,#2664,#1536,.T.);
#3262=EDGE_CURVE('',#2666,#2667,#1537,.T.);
#3263=EDGE_CURVE('',#2665,#2667,#1538,.T.);
#3264=EDGE_CURVE('',#2668,#2666,#2320,.T.);
#3265=EDGE_CURVE('',#2668,#2669,#1539,.T.);
#3266=EDGE_CURVE('',#2667,#2669,#2321,.T.);
#3267=EDGE_CURVE('',#2670,#2668,#1540,.T.);
#3268=EDGE_CURVE('',#2670,#2671,#1541,.T.);
#3269=EDGE_CURVE('',#2669,#2671,#1542,.T.);
#3270=EDGE_CURVE('',#2672,#2670,#2322,.T.);
#3271=EDGE_CURVE('',#2672,#2673,#1543,.T.);
#3272=EDGE_CURVE('',#2671,#2673,#2323,.T.);
#3273=EDGE_CURVE('',#2674,#2672,#1544,.T.);
#3274=EDGE_CURVE('',#2674,#2675,#1545,.T.);
#3275=EDGE_CURVE('',#2673,#2675,#1546,.T.);
#3276=EDGE_CURVE('',#2676,#2674,#2324,.T.);
#3277=EDGE_CURVE('',#2676,#2677,#1547,.T.);
#3278=EDGE_CURVE('',#2675,#2677,#2325,.T.);
#3279=EDGE_CURVE('',#2678,#2676,#1548,.T.);
#3280=EDGE_CURVE('',#2678,#2679,#1549,.T.);
#3281=EDGE_CURVE('',#2677,#2679,#1550,.T.);
#3282=EDGE_CURVE('',#2657,#2678,#2326,.T.);
#3283=EDGE_CURVE('',#2679,#2659,#2327,.T.);
#3284=EDGE_CURVE('',#2680,#2681,#2328,.T.);
#3285=EDGE_CURVE('',#2681,#2682,#1551,.T.);
#3286=EDGE_CURVE('',#2682,#2683,#2329,.T.);
#3287=EDGE_CURVE('',#2683,#2680,#1552,.T.);
#3288=EDGE_CURVE('',#2681,#2684,#1553,.T.);
#3289=EDGE_CURVE('',#2685,#2684,#1554,.T.);
#3290=EDGE_CURVE('',#2682,#2685,#1555,.T.);
#3291=EDGE_CURVE('',#2684,#2686,#2330,.T.);
#3292=EDGE_CURVE('',#2686,#2687,#1556,.T.);
#3293=EDGE_CURVE('',#2687,#2685,#2331,.T.);
#3294=EDGE_CURVE('',#2686,#2688,#1557,.T.);
#3295=EDGE_CURVE('',#2689,#2688,#1558,.T.);
#3296=EDGE_CURVE('',#2687,#2689,#1559,.T.);
#3297=EDGE_CURVE('',#2690,#2689,#2332,.T.);
#3298=EDGE_CURVE('',#2690,#2691,#1560,.T.);
#3299=EDGE_CURVE('',#2692,#2691,#2333,.T.);
#3300=EDGE_CURVE('',#2692,#2683,#1561,.T.);
#3301=EDGE_CURVE('',#2693,#2693,#2334,.T.);
#3302=EDGE_CURVE('',#2694,#2694,#2335,.T.);
#3303=EDGE_CURVE('',#2695,#2695,#2336,.T.);
#3304=EDGE_CURVE('',#2696,#2696,#2337,.T.);
#3305=EDGE_CURVE('',#2688,#2697,#2338,.T.);
#3306=EDGE_CURVE('',#2697,#2690,#1562,.T.);
#3307=EDGE_CURVE('',#2697,#2698,#1563,.T.);
#3308=EDGE_CURVE('',#2691,#2698,#1564,.T.);
#3309=EDGE_CURVE('',#2698,#2699,#2339,.T.);
#3310=EDGE_CURVE('',#2699,#2692,#1565,.T.);
#3311=EDGE_CURVE('',#2699,#2680,#1566,.T.);
#3312=EDGE_CURVE('',#2700,#2700,#2340,.T.);
#3313=EDGE_CURVE('',#2701,#2701,#2341,.T.);
#3314=EDGE_CURVE('',#2702,#2702,#2342,.T.);
#3315=EDGE_CURVE('',#2703,#2703,#2343,.T.);
#3316=EDGE_CURVE('',#2693,#2703,#1567,.T.);
#3317=EDGE_CURVE('',#2694,#2702,#1568,.T.);
#3318=EDGE_CURVE('',#2695,#2701,#1569,.T.);
#3319=EDGE_CURVE('',#2696,#2700,#1570,.T.);
#3320=EDGE_CURVE('',#2704,#2704,#2344,.F.);
#3321=EDGE_CURVE('',#2704,#2705,#1571,.T.);
#3322=EDGE_CURVE('',#2705,#2705,#2345,.T.);
#3323=EDGE_CURVE('',#2704,#2706,#1572,.T.);
#3324=EDGE_CURVE('',#2706,#2706,#2346,.F.);
#3325=EDGE_CURVE('',#2707,#2707,#2347,.T.);
#3326=EDGE_CURVE('',#2706,#2708,#1573,.T.);
#3327=EDGE_CURVE('',#2708,#2708,#2348,.T.);
#3328=EDGE_CURVE('',#2709,#2709,#2349,.T.);
#3329=EDGE_CURVE('',#2710,#2710,#2350,.T.);
#3330=EDGE_CURVE('',#2710,#2707,#1574,.T.);
#3331=EDGE_CURVE('',#2711,#2711,#2351,.T.);
#3332=EDGE_CURVE('',#2711,#2710,#1575,.T.);
#3333=EDGE_CURVE('',#2712,#2712,#2352,.T.);
#3334=EDGE_CURVE('',#2712,#2711,#1576,.T.);
#3335=EDGE_CURVE('',#2713,#2713,#2353,.T.);
#3336=EDGE_CURVE('',#2713,#2712,#1577,.T.);
#3337=EDGE_CURVE('',#2709,#2714,#1578,.T.);
#3338=EDGE_CURVE('',#2714,#2714,#2354,.T.);
#3339=EDGE_CURVE('',#2715,#2715,#2355,.T.);
#3340=EDGE_CURVE('',#2716,#2716,#2356,.T.);
#3341=EDGE_CURVE('',#2716,#2715,#1579,.T.);
#3342=EDGE_CURVE('',#2717,#2718,#1580,.T.);
#3343=EDGE_CURVE('',#2718,#2719,#1581,.T.);
#3344=EDGE_CURVE('',#2720,#2719,#1582,.T.);
#3345=EDGE_CURVE('',#2717,#2720,#1583,.T.);
#3346=EDGE_CURVE('',#2721,#2717,#1584,.T.);
#3347=EDGE_CURVE('',#2722,#2720,#1585,.T.);
#3348=EDGE_CURVE('',#2721,#2722,#1586,.T.);
#3349=EDGE_CURVE('',#2723,#2721,#1587,.T.);
#3350=EDGE_CURVE('',#2724,#2722,#1588,.T.);
#3351=EDGE_CURVE('',#2723,#2724,#1589,.T.);
#3352=EDGE_CURVE('',#2725,#2723,#1590,.T.);
#3353=EDGE_CURVE('',#2726,#2724,#1591,.T.);
#3354=EDGE_CURVE('',#2725,#2726,#1592,.T.);
#3355=EDGE_CURVE('',#2727,#2725,#1593,.T.);
#3356=EDGE_CURVE('',#2728,#2726,#1594,.T.);
#3357=EDGE_CURVE('',#2727,#2728,#1595,.T.);
#3358=EDGE_CURVE('',#2718,#2727,#1596,.T.);
#3359=EDGE_CURVE('',#2719,#2728,#1597,.T.);
#3360=EDGE_CURVE('',#2729,#2730,#1598,.T.);
#3361=EDGE_CURVE('',#2729,#2731,#1599,.T.);
#3362=EDGE_CURVE('',#2731,#2732,#1600,.T.);
#3363=EDGE_CURVE('',#2732,#2733,#1601,.T.);
#3364=EDGE_CURVE('',#2730,#2733,#1602,.T.);
#3365=EDGE_CURVE('',#2730,#2734,#1603,.T.);
#3366=EDGE_CURVE('',#2733,#2735,#1604,.T.);
#3367=EDGE_CURVE('',#2735,#2736,#1605,.T.);
#3368=EDGE_CURVE('',#2734,#2736,#1606,.T.);
#3369=EDGE_CURVE('',#2737,#2729,#1607,.T.);
#3370=EDGE_CURVE('',#2737,#2738,#1608,.T.);
#3371=EDGE_CURVE('',#2738,#2739,#1609,.T.);
#3372=EDGE_CURVE('',#2739,#2731,#1610,.T.);
#3373=EDGE_CURVE('',#2734,#2740,#1611,.T.);
#3374=EDGE_CURVE('',#2736,#2741,#1612,.T.);
#3375=EDGE_CURVE('',#2741,#2742,#1613,.T.);
#3376=EDGE_CURVE('',#2740,#2742,#1614,.T.);
#3377=EDGE_CURVE('',#2743,#2737,#1615,.T.);
#3378=EDGE_CURVE('',#2743,#2744,#1616,.T.);
#3379=EDGE_CURVE('',#2744,#2745,#1617,.T.);
#3380=EDGE_CURVE('',#2745,#2738,#1618,.T.);
#3381=EDGE_CURVE('',#2746,#2741,#2357,.T.);
#3382=EDGE_CURVE('',#2742,#2746,#1619,.T.);
#3383=EDGE_CURVE('',#2741,#2747,#2358,.T.);
#3384=EDGE_CURVE('',#2747,#2735,#2359,.T.);
#3385=EDGE_CURVE('',#2735,#2732,#2360,.T.);
#3386=EDGE_CURVE('',#2732,#2739,#2361,.T.);
#3387=EDGE_CURVE('',#2739,#2745,#2362,.T.);
#3388=EDGE_CURVE('',#2745,#2746,#2363,.T.);
#3389=EDGE_CURVE('',#2746,#2744,#1620,.T.);
#3390=EDGE_CURVE('',#2740,#2743,#1621,.T.);
#3391=EDGE_CURVE('',#2747,#2748,#1622,.T.);
#3392=EDGE_CURVE('',#2748,#2748,#2364,.T.);
#3393=EDGE_CURVE('',#2749,#2749,#2365,.F.);
#3394=EDGE_CURVE('',#2749,#2750,#1623,.T.);
#3395=EDGE_CURVE('',#2750,#2750,#2366,.F.);
#3396=EDGE_CURVE('',#2751,#2752,#2367,.T.);
#3397=EDGE_CURVE('',#2752,#2753,#73,.T.);
#3398=EDGE_CURVE('',#2753,#2754,#2368,.T.);
#3399=EDGE_CURVE('',#2754,#2751,#74,.T.);
#3400=EDGE_CURVE('',#2755,#2756,#25,.T.);
#3401=EDGE_CURVE('',#2756,#2754,#75,.T.);
#3402=EDGE_CURVE('',#2753,#2755,#76,.T.);
#3403=EDGE_CURVE('',#2751,#2757,#26,.T.);
#3404=EDGE_CURVE('',#2757,#2752,#1624,.T.);
#3405=EDGE_CURVE('',#2758,#2759,#2369,.T.);
#3406=EDGE_CURVE('',#2759,#2760,#77,.T.);
#3407=EDGE_CURVE('',#2760,#2761,#2370,.T.);
#3408=EDGE_CURVE('',#2761,#2758,#78,.T.);
#3409=EDGE_CURVE('',#2762,#2763,#27,.T.);
#3410=EDGE_CURVE('',#2763,#2759,#79,.T.);
#3411=EDGE_CURVE('',#2758,#2762,#80,.T.);
#3412=EDGE_CURVE('',#2760,#2757,#1625,.T.);
#3413=EDGE_CURVE('',#2757,#2761,#28,.T.);
#3414=EDGE_CURVE('',#2752,#2764,#1626,.T.);
#3415=EDGE_CURVE('',#2764,#2755,#1627,.T.);
#3416=EDGE_CURVE('',#2765,#2754,#1628,.T.);
#3417=EDGE_CURVE('',#2766,#2765,#81,.T.);
#3418=EDGE_CURVE('',#2767,#2766,#29,.T.);
#3419=EDGE_CURVE('',#2768,#2767,#30,.T.);
#3420=EDGE_CURVE('',#2769,#2768,#82,.T.);
#3421=EDGE_CURVE('',#2758,#2769,#1629,.F.);
#3422=EDGE_CURVE('',#2770,#2771,#2371,.T.);
#3423=EDGE_CURVE('',#2771,#2772,#83,.T.);
#3424=EDGE_CURVE('',#2772,#2773,#31,.T.);
#3425=EDGE_CURVE('',#2773,#2770,#84,.T.);
#3426=EDGE_CURVE('',#2774,#2775,#2372,.T.);
#3427=EDGE_CURVE('',#2775,#2771,#85,.T.);
#3428=EDGE_CURVE('',#2770,#2774,#86,.T.);
#3429=EDGE_CURVE('',#2774,#2776,#32,.T.);
#3430=EDGE_CURVE('',#2776,#2775,#1630,.T.);
#3431=EDGE_CURVE('',#2777,#2778,#2373,.T.);
#3432=EDGE_CURVE('',#2778,#2779,#87,.T.);
#3433=EDGE_CURVE('',#2779,#2780,#2374,.T.);
#3434=EDGE_CURVE('',#2780,#2777,#88,.T.);
#3435=EDGE_CURVE('',#2781,#2782,#33,.T.);
#3436=EDGE_CURVE('',#2782,#2778,#89,.T.);
#3437=EDGE_CURVE('',#2777,#2781,#90,.T.);
#3438=EDGE_CURVE('',#2779,#2776,#1631,.T.);
#3439=EDGE_CURVE('',#2776,#2780,#34,.T.);
#3440=EDGE_CURVE('',#2775,#2783,#1632,.T.);
#3441=EDGE_CURVE('',#2783,#2772,#1633,.T.);
#3442=EDGE_CURVE('',#2770,#2784,#1634,.F.);
#3443=EDGE_CURVE('',#2785,#2784,#91,.T.);
#3444=EDGE_CURVE('',#2786,#2785,#35,.T.);
#3445=EDGE_CURVE('',#2787,#2786,#36,.T.);
#3446=EDGE_CURVE('',#2788,#2787,#92,.T.);
#3447=EDGE_CURVE('',#2777,#2788,#1635,.F.);
#3448=EDGE_CURVE('',#2787,#2789,#2375,.T.);
#3449=EDGE_CURVE('',#2789,#2790,#93,.T.);
#3450=EDGE_CURVE('',#2790,#2788,#2376,.T.);
#3451=EDGE_CURVE('',#2791,#2792,#37,.T.);
#3452=EDGE_CURVE('',#2792,#2788,#94,.T.);
#3453=EDGE_CURVE('',#2790,#2791,#95,.T.);
#3454=EDGE_CURVE('',#2786,#2789,#1636,.T.);
#3455=EDGE_CURVE('',#2784,#2793,#2377,.T.);
#3456=EDGE_CURVE('',#2793,#2794,#96,.T.);
#3457=EDGE_CURVE('',#2794,#2785,#2378,.T.);
#3458=EDGE_CURVE('',#2795,#2796,#38,.T.);
#3459=EDGE_CURVE('',#2796,#2793,#97,.T.);
#3460=EDGE_CURVE('',#2784,#2795,#98,.T.);
#3461=EDGE_CURVE('',#2794,#2786,#1637,.T.);
#3462=EDGE_CURVE('',#2789,#2797,#1638,.T.);
#3463=EDGE_CURVE('',#2797,#2791,#1639,.T.);
#3464=EDGE_CURVE('',#2765,#2798,#2379,.T.);
#3465=EDGE_CURVE('',#2798,#2799,#99,.T.);
#3466=EDGE_CURVE('',#2799,#2766,#2380,.T.);
#3467=EDGE_CURVE('',#2800,#2801,#39,.T.);
#3468=EDGE_CURVE('',#2801,#2798,#100,.T.);
#3469=EDGE_CURVE('',#2765,#2800,#101,.T.);
#3470=EDGE_CURVE('',#2799,#2767,#1640,.T.);
#3471=EDGE_CURVE('',#2768,#2802,#2381,.T.);
#3472=EDGE_CURVE('',#2802,#2803,#102,.T.);
#3473=EDGE_CURVE('',#2803,#2769,#2382,.T.);
#3474=EDGE_CURVE('',#2804,#2805,#40,.T.);
#3475=EDGE_CURVE('',#2805,#2769,#103,.T.);
#3476=EDGE_CURVE('',#2803,#2804,#104,.T.);
#3477=EDGE_CURVE('',#2767,#2802,#1641,.T.);
#3478=EDGE_CURVE('',#2800,#2756,#1642,.T.);
#3479=EDGE_CURVE('',#2802,#2806,#1643,.T.);
#3480=EDGE_CURVE('',#2806,#2804,#1644,.T.);
#3481=EDGE_CURVE('',#2763,#2807,#1645,.T.);
#3482=EDGE_CURVE('',#2807,#2760,#1646,.T.);
#3483=EDGE_CURVE('',#2807,#2808,#1647,.T.);
#3484=EDGE_CURVE('',#2808,#2809,#1648,.T.);
#3485=EDGE_CURVE('',#2809,#2764,#1649,.T.);
#3486=EDGE_CURVE('',#2810,#2779,#1650,.T.);
#3487=EDGE_CURVE('',#2811,#2810,#1651,.T.);
#3488=EDGE_CURVE('',#2812,#2811,#1652,.T.);
#3489=EDGE_CURVE('',#2783,#2812,#1653,.T.);
#3490=EDGE_CURVE('',#2782,#2810,#1654,.T.);
#3491=EDGE_CURVE('',#2792,#2781,#1655,.T.);
#3492=EDGE_CURVE('',#2813,#2797,#1656,.T.);
#3493=EDGE_CURVE('',#2814,#2813,#1657,.T.);
#3494=EDGE_CURVE('',#2815,#2814,#1658,.T.);
#3495=EDGE_CURVE('',#2801,#2815,#1659,.T.);
#3496=EDGE_CURVE('',#2811,#2809,#1660,.T.);
#3497=EDGE_CURVE('',#2816,#2816,#2383,.T.);
#3498=EDGE_CURVE('',#2817,#2817,#2384,.T.);
#3499=EDGE_CURVE('',#2818,#2818,#2385,.T.);
#3500=EDGE_CURVE('',#2819,#2819,#2386,.T.);
#3501=EDGE_CURVE('',#2820,#2820,#2387,.T.);
#3502=EDGE_CURVE('',#2821,#2821,#2388,.T.);
#3503=EDGE_CURVE('',#2808,#2812,#1661,.T.);
#3504=EDGE_CURVE('',#2762,#2805,#1662,.T.);
#3505=EDGE_CURVE('',#2822,#2806,#1663,.T.);
#3506=EDGE_CURVE('',#2822,#2823,#1664,.T.);
#3507=EDGE_CURVE('',#2824,#2823,#1665,.T.);
#3508=EDGE_CURVE('',#2796,#2824,#1666,.T.);
#3509=EDGE_CURVE('',#2795,#2773,#1667,.T.);
#3510=EDGE_CURVE('',#2825,#2825,#2389,.T.);
#3511=EDGE_CURVE('',#2826,#2826,#2390,.T.);
#3512=EDGE_CURVE('',#2827,#2827,#2391,.T.);
#3513=EDGE_CURVE('',#2828,#2828,#2392,.T.);
#3514=EDGE_CURVE('',#2829,#2829,#2393,.T.);
#3515=EDGE_CURVE('',#2830,#2830,#2394,.T.);
#3516=EDGE_CURVE('',#2824,#2794,#1668,.T.);
#3517=EDGE_CURVE('',#2813,#2823,#1669,.T.);
#3518=EDGE_CURVE('',#2815,#2799,#1670,.T.);
#3519=EDGE_CURVE('',#2822,#2814,#1671,.T.);
#3520=EDGE_CURVE('',#2831,#2831,#2395,.T.);
#3521=EDGE_CURVE('',#2832,#2832,#2396,.T.);
#3522=EDGE_CURVE('',#2833,#2833,#2397,.T.);
#3523=EDGE_CURVE('',#2834,#2834,#2398,.T.);
#3524=EDGE_CURVE('',#2835,#2835,#2399,.T.);
#3525=EDGE_CURVE('',#2836,#2836,#2400,.T.);
#3526=EDGE_CURVE('',#2837,#2837,#2401,.T.);
#3527=EDGE_CURVE('',#2837,#2838,#1672,.T.);
#3528=EDGE_CURVE('',#2819,#2837,#1673,.T.);
#3529=EDGE_CURVE('',#2839,#2839,#2402,.T.);
#3530=EDGE_CURVE('',#2839,#2840,#1674,.T.);
#3531=EDGE_CURVE('',#2821,#2839,#1675,.T.);
#3532=EDGE_CURVE('',#2836,#2833,#1676,.T.);
#3533=EDGE_CURVE('',#2841,#2841,#2403,.T.);
#3534=EDGE_CURVE('',#2841,#2842,#1677,.T.);
#3535=EDGE_CURVE('',#2828,#2841,#1678,.T.);
#3536=EDGE_CURVE('',#2843,#2843,#2404,.T.);
#3537=EDGE_CURVE('',#2843,#2844,#1679,.T.);
#3538=EDGE_CURVE('',#2829,#2843,#1680,.T.);
#3539=EDGE_CURVE('',#2830,#2845,#1681,.T.);
#3540=EDGE_CURVE('',#2845,#2845,#41,.T.);
#3541=EDGE_CURVE('',#2846,#2846,#42,.T.);
#3542=EDGE_CURVE('',#2846,#2816,#1682,.T.);
#3543=EDGE_CURVE('',#2826,#2847,#1683,.T.);
#3544=EDGE_CURVE('',#2847,#2847,#43,.T.);
#3545=EDGE_CURVE('',#2848,#2848,#44,.T.);
#3546=EDGE_CURVE('',#2848,#2818,#1684,.T.);
#3547=EDGE_CURVE('',#2827,#2849,#1685,.T.);
#3548=EDGE_CURVE('',#2849,#2849,#45,.T.);
#3549=EDGE_CURVE('',#2850,#2850,#46,.T.);
#3550=EDGE_CURVE('',#2850,#2817,#1686,.T.);
#3551=EDGE_CURVE('',#2825,#2851,#1687,.T.);
#3552=EDGE_CURVE('',#2851,#2851,#47,.T.);
#3553=EDGE_CURVE('',#2852,#2852,#48,.T.);
#3554=EDGE_CURVE('',#2852,#2820,#1688,.T.);
#3555=EDGE_CURVE('',#2835,#2831,#1689,.T.);
#3556=EDGE_CURVE('',#2834,#2832,#1690,.T.);
#3557=EDGE_CURVE('',#2853,#2853,#2405,.T.);
#3558=EDGE_CURVE('',#2853,#2854,#1691,.T.);
#3559=EDGE_CURVE('',#2854,#2854,#2406,.T.);
#3560=EDGE_CURVE('',#2855,#2855,#2407,.T.);
#3561=EDGE_CURVE('',#2855,#2856,#1692,.T.);
#3562=EDGE_CURVE('',#2856,#2856,#2408,.T.);
#3563=EDGE_CURVE('',#2857,#2858,#1693,.T.);
#3564=EDGE_CURVE('',#2859,#2857,#1694,.T.);
#3565=EDGE_CURVE('',#2859,#2858,#1695,.T.);
#3566=EDGE_CURVE('',#2860,#2859,#1696,.T.);
#3567=EDGE_CURVE('',#2860,#2858,#1697,.T.);
#3568=EDGE_CURVE('',#2861,#2860,#1698,.T.);
#3569=EDGE_CURVE('',#2861,#2858,#1699,.T.);
#3570=EDGE_CURVE('',#2862,#2861,#1700,.T.);
#3571=EDGE_CURVE('',#2862,#2858,#1701,.T.);
#3572=EDGE_CURVE('',#2863,#2862,#1702,.T.);
#3573=EDGE_CURVE('',#2863,#2858,#1703,.T.);
#3574=EDGE_CURVE('',#2857,#2863,#1704,.T.);
#3575=EDGE_CURVE('',#2864,#2865,#1705,.T.);
#3576=EDGE_CURVE('',#2864,#2859,#1706,.T.);
#3577=EDGE_CURVE('',#2865,#2857,#1707,.T.);
#3578=EDGE_CURVE('',#2866,#2864,#1708,.T.);
#3579=EDGE_CURVE('',#2866,#2860,#1709,.T.);
#3580=EDGE_CURVE('',#2867,#2866,#1710,.T.);
#3581=EDGE_CURVE('',#2867,#2861,#1711,.T.);
#3582=EDGE_CURVE('',#2868,#2867,#1712,.T.);
#3583=EDGE_CURVE('',#2868,#2862,#1713,.T.);
#3584=EDGE_CURVE('',#2869,#2868,#1714,.T.);
#3585=EDGE_CURVE('',#2869,#2863,#1715,.T.);
#3586=EDGE_CURVE('',#2865,#2869,#1716,.T.);
#3587=EDGE_CURVE('',#2855,#2854,#1717,.T.);
#3588=EDGE_CURVE('',#2870,#2870,#2409,.T.);
#3589=EDGE_CURVE('',#2870,#2871,#1718,.T.);
#3590=EDGE_CURVE('',#2871,#2871,#2410,.T.);
#3591=EDGE_CURVE('',#2872,#2872,#2411,.T.);
#3592=EDGE_CURVE('',#2872,#2873,#2412,.T.);
#3593=EDGE_CURVE('',#2873,#2873,#2413,.T.);
#3594=EDGE_CURVE('',#2874,#2875,#1719,.T.);
#3595=EDGE_CURVE('',#2875,#2876,#1720,.T.);
#3596=EDGE_CURVE('',#2876,#2877,#1721,.T.);
#3597=EDGE_CURVE('',#2877,#2878,#1722,.T.);
#3598=EDGE_CURVE('',#2878,#2879,#1723,.T.);
#3599=EDGE_CURVE('',#2879,#2874,#1724,.T.);
#3600=EDGE_CURVE('',#2880,#2880,#2414,.T.);
#3601=EDGE_CURVE('',#2880,#2872,#1725,.T.);
#3602=EDGE_CURVE('',#2881,#2882,#1726,.T.);
#3603=EDGE_CURVE('',#2883,#2881,#1727,.T.);
#3604=EDGE_CURVE('',#2883,#2882,#1728,.T.);
#3605=EDGE_CURVE('',#2884,#2883,#1729,.T.);
#3606=EDGE_CURVE('',#2884,#2882,#1730,.T.);
#3607=EDGE_CURVE('',#2885,#2884,#1731,.T.);
#3608=EDGE_CURVE('',#2885,#2882,#1732,.T.);
#3609=EDGE_CURVE('',#2886,#2885,#1733,.T.);
#3610=EDGE_CURVE('',#2886,#2882,#1734,.T.);
#3611=EDGE_CURVE('',#2887,#2886,#1735,.T.);
#3612=EDGE_CURVE('',#2887,#2882,#1736,.T.);
#3613=EDGE_CURVE('',#2881,#2887,#1737,.T.);
#3614=EDGE_CURVE('',#2874,#2883,#1738,.T.);
#3615=EDGE_CURVE('',#2875,#2881,#1739,.T.);
#3616=EDGE_CURVE('',#2879,#2884,#1740,.T.);
#3617=EDGE_CURVE('',#2878,#2885,#1741,.T.);
#3618=EDGE_CURVE('',#2877,#2886,#1742,.T.);
#3619=EDGE_CURVE('',#2876,#2887,#1743,.T.);
#3620=EDGE_CURVE('',#2870,#2888,#1744,.T.);
#3621=EDGE_CURVE('',#2888,#2888,#2415,.F.);
#3622=EDGE_CURVE('',#2889,#2890,#1745,.T.);
#3623=EDGE_CURVE('',#2890,#2889,#49,.T.);
#3624=EDGE_CURVE('',#2891,#2892,#1746,.T.);
#3625=EDGE_CURVE('',#2892,#2891,#50,.T.);
#3626=EDGE_CURVE('',#2893,#2894,#1747,.T.);
#3627=EDGE_CURVE('',#2894,#2893,#51,.T.);
#3628=EDGE_CURVE('',#2895,#2896,#1748,.T.);
#3629=EDGE_CURVE('',#2896,#2895,#52,.T.);
#3630=EDGE_CURVE('',#2897,#2894,#53,.T.);
#3631=EDGE_CURVE('',#2893,#2898,#54,.F.);
#3632=EDGE_CURVE('',#2898,#2899,#55,.T.);
#3633=EDGE_CURVE('',#2899,#2897,#56,.T.);
#3634=EDGE_CURVE('',#2899,#2900,#57,.T.);
#3635=EDGE_CURVE('',#2900,#2892,#58,.F.);
#3636=EDGE_CURVE('',#2891,#2897,#59,.T.);
#3637=EDGE_CURVE('',#2901,#2897,#1749,.T.);
#3638=EDGE_CURVE('',#2902,#2901,#1750,.T.);
#3639=EDGE_CURVE('',#2902,#2903,#1751,.T.);
#3640=EDGE_CURVE('',#2903,#2893,#1752,.T.);
#3641=EDGE_CURVE('',#2904,#2905,#2416,.T.);
#3642=EDGE_CURVE('',#2905,#2904,#2417,.T.);
#3643=EDGE_CURVE('',#2904,#2906,#2418,.T.);
#3644=EDGE_CURVE('',#2907,#2906,#60,.T.);
#3645=EDGE_CURVE('',#2900,#2907,#2419,.T.);
#3646=EDGE_CURVE('',#2908,#2898,#2420,.T.);
#3647=EDGE_CURVE('',#2906,#2908,#61,.T.);
#3648=EDGE_CURVE('',#2892,#2909,#1753,.T.);
#3649=EDGE_CURVE('',#2910,#2909,#1754,.T.);
#3650=EDGE_CURVE('',#2901,#2910,#1755,.T.);
#3651=EDGE_CURVE('',#2911,#2912,#62,.T.);
#3652=EDGE_CURVE('',#2912,#2896,#63,.F.);
#3653=EDGE_CURVE('',#2895,#2913,#64,.T.);
#3654=EDGE_CURVE('',#2913,#2911,#65,.T.);
#3655=EDGE_CURVE('',#2913,#2890,#66,.T.);
#3656=EDGE_CURVE('',#2889,#2914,#67,.F.);
#3657=EDGE_CURVE('',#2914,#2911,#68,.T.);
#3658=EDGE_CURVE('',#2915,#2915,#2421,.T.);
#3659=EDGE_CURVE('',#2915,#2906,#2422,.T.);
#3660=EDGE_CURVE('',#2912,#2908,#2423,.T.);
#3661=EDGE_CURVE('',#2907,#2914,#2424,.T.);
#3662=EDGE_CURVE('',#2916,#2916,#2425,.T.);
#3663=EDGE_CURVE('',#2917,#2917,#2426,.T.);
#3664=EDGE_CURVE('',#2916,#2915,#1756,.T.);
#3665=EDGE_CURVE('',#2917,#2905,#1757,.T.);
#3666=EDGE_CURVE('',#2918,#2902,#1758,.T.);
#3667=EDGE_CURVE('',#2918,#2919,#1759,.T.);
#3668=EDGE_CURVE('',#2919,#2903,#1760,.T.);
#3669=EDGE_CURVE('',#2896,#2919,#1761,.T.);
#3670=EDGE_CURVE('',#2920,#2918,#1762,.T.);
#3671=EDGE_CURVE('',#2920,#2913,#1763,.T.);
#3672=EDGE_CURVE('',#2921,#2889,#1764,.T.);
#3673=EDGE_CURVE('',#2909,#2921,#1765,.T.);
#3674=EDGE_CURVE('',#2922,#2921,#1766,.T.);
#3675=EDGE_CURVE('',#2910,#2922,#1767,.T.);
#3676=EDGE_CURVE('',#2922,#2920,#1768,.T.);
#3677=EDGE_CURVE('',#2923,#2923,#2427,.F.);
#3678=EDGE_CURVE('',#2923,#2924,#1769,.T.);
#3679=EDGE_CURVE('',#2924,#2924,#2428,.F.);
#3680=EDGE_CURVE('',#2925,#2925,#2429,.T.);
#3681=EDGE_CURVE('',#2925,#2926,#69,.T.);
#3682=EDGE_CURVE('',#2926,#2927,#2430,.T.);
#3683=EDGE_CURVE('',#2927,#2928,#2431,.T.);
#3684=EDGE_CURVE('',#2928,#2926,#2432,.T.);
#3685=EDGE_CURVE('',#2929,#2929,#2433,.T.);
#3686=EDGE_CURVE('',#2929,#2928,#2434,.T.);
#3687=EDGE_CURVE('',#2930,#2930,#2435,.T.);
#3688=EDGE_CURVE('',#2930,#2931,#70,.T.);
#3689=EDGE_CURVE('',#2931,#2932,#2436,.T.);
#3690=EDGE_CURVE('',#2932,#2933,#2437,.T.);
#3691=EDGE_CURVE('',#2933,#2931,#2438,.T.);
#3692=EDGE_CURVE('',#2934,#2934,#2439,.T.);
#3693=EDGE_CURVE('',#2934,#2933,#2440,.T.);
#3694=EDGE_CURVE('',#2935,#2935,#2441,.T.);
#3695=EDGE_CURVE('',#2935,#2936,#1770,.T.);
#3696=EDGE_CURVE('',#2936,#2936,#2442,.T.);
#3697=EDGE_CURVE('',#2937,#2937,#2443,.T.);
#3698=EDGE_CURVE('',#2937,#2938,#71,.T.);
#3699=EDGE_CURVE('',#2939,#2938,#2444,.T.);
#3700=EDGE_CURVE('',#2940,#2939,#2445,.T.);
#3701=EDGE_CURVE('',#2938,#2940,#2446,.T.);
#3702=EDGE_CURVE('',#2941,#2941,#2447,.T.);
#3703=EDGE_CURVE('',#2941,#2939,#2448,.T.);
#3704=EDGE_CURVE('',#2942,#2942,#2449,.T.);
#3705=EDGE_CURVE('',#2942,#2943,#72,.T.);
#3706=EDGE_CURVE('',#2944,#2943,#2450,.T.);
#3707=EDGE_CURVE('',#2945,#2944,#2451,.T.);
#3708=EDGE_CURVE('',#2943,#2945,#2452,.T.);
#3709=EDGE_CURVE('',#2946,#2946,#2453,.T.);
#3710=EDGE_CURVE('',#2946,#2944,#2454,.T.);
#3711=EDGE_CURVE('',#2947,#2947,#2455,.T.);
#3712=EDGE_CURVE('',#2947,#2948,#1771,.T.);
#3713=EDGE_CURVE('',#2948,#2948,#2456,.T.);
#3714=ORIENTED_EDGE('',*,*,#2949,.F.);
#3715=ORIENTED_EDGE('',*,*,#2950,.T.);
#3716=ORIENTED_EDGE('',*,*,#2951,.T.);
#3717=ORIENTED_EDGE('',*,*,#2950,.F.);
#3718=ORIENTED_EDGE('',*,*,#2952,.F.);
#3719=ORIENTED_EDGE('',*,*,#2953,.T.);
#3720=ORIENTED_EDGE('',*,*,#2954,.T.);
#3721=ORIENTED_EDGE('',*,*,#2953,.F.);
#3722=ORIENTED_EDGE('',*,*,#2952,.T.);
#3723=ORIENTED_EDGE('',*,*,#2949,.T.);
#3724=ORIENTED_EDGE('',*,*,#2954,.F.);
#3725=ORIENTED_EDGE('',*,*,#2951,.F.);
#3726=ORIENTED_EDGE('',*,*,#2955,.T.);
#3727=ORIENTED_EDGE('',*,*,#2956,.T.);
#3728=ORIENTED_EDGE('',*,*,#2957,.T.);
#3729=ORIENTED_EDGE('',*,*,#2956,.F.);
#3730=ORIENTED_EDGE('',*,*,#2957,.F.);
#3731=ORIENTED_EDGE('',*,*,#2958,.T.);
#3732=ORIENTED_EDGE('',*,*,#2959,.F.);
#3733=ORIENTED_EDGE('',*,*,#2958,.F.);
#3734=ORIENTED_EDGE('',*,*,#2960,.F.);
#3735=ORIENTED_EDGE('',*,*,#2955,.F.);
#3736=ORIENTED_EDGE('',*,*,#2961,.T.);
#3737=ORIENTED_EDGE('',*,*,#2959,.T.);
#3738=ORIENTED_EDGE('',*,*,#2961,.F.);
#3739=ORIENTED_EDGE('',*,*,#2962,.T.);
#3740=ORIENTED_EDGE('',*,*,#2960,.T.);
#3741=ORIENTED_EDGE('',*,*,#2962,.F.);
#3742=ORIENTED_EDGE('',*,*,#2963,.T.);
#3743=ORIENTED_EDGE('',*,*,#2964,.T.);
#3744=ORIENTED_EDGE('',*,*,#2965,.T.);
#3745=ORIENTED_EDGE('',*,*,#2964,.F.);
#3746=ORIENTED_EDGE('',*,*,#2965,.F.);
#3747=ORIENTED_EDGE('',*,*,#2966,.T.);
#3748=ORIENTED_EDGE('',*,*,#2967,.T.);
#3749=ORIENTED_EDGE('',*,*,#2966,.F.);
#3750=ORIENTED_EDGE('',*,*,#2968,.T.);
#3751=ORIENTED_EDGE('',*,*,#2963,.F.);
#3752=ORIENTED_EDGE('',*,*,#2969,.T.);
#3753=ORIENTED_EDGE('',*,*,#2970,.T.);
#3754=ORIENTED_EDGE('',*,*,#2971,.T.);
#3755=ORIENTED_EDGE('',*,*,#2970,.F.);
#3756=ORIENTED_EDGE('',*,*,#2968,.F.);
#3757=ORIENTED_EDGE('',*,*,#2972,.T.);
#3758=ORIENTED_EDGE('',*,*,#2971,.F.);
#3759=ORIENTED_EDGE('',*,*,#2972,.F.);
#3760=ORIENTED_EDGE('',*,*,#2969,.F.);
#3761=ORIENTED_EDGE('',*,*,#2973,.T.);
#3762=ORIENTED_EDGE('',*,*,#2974,.F.);
#3763=ORIENTED_EDGE('',*,*,#2975,.T.);
#3764=ORIENTED_EDGE('',*,*,#2973,.F.);
#3765=ORIENTED_EDGE('',*,*,#2975,.F.);
#3766=ORIENTED_EDGE('',*,*,#2967,.F.);
#3767=ORIENTED_EDGE('',*,*,#2974,.T.);
#3768=ORIENTED_EDGE('',*,*,#2976,.F.);
#3769=ORIENTED_EDGE('',*,*,#2977,.T.);
#3770=ORIENTED_EDGE('',*,*,#2977,.F.);
#3771=ORIENTED_EDGE('',*,*,#2978,.F.);
#3772=ORIENTED_EDGE('',*,*,#2979,.T.);
#3773=ORIENTED_EDGE('',*,*,#2976,.T.);
#3774=ORIENTED_EDGE('',*,*,#2979,.F.);
#3775=ORIENTED_EDGE('',*,*,#2980,.F.);
#3776=ORIENTED_EDGE('',*,*,#2981,.T.);
#3777=ORIENTED_EDGE('',*,*,#2981,.F.);
#3778=ORIENTED_EDGE('',*,*,#2982,.F.);
#3779=ORIENTED_EDGE('',*,*,#2983,.T.);
#3780=ORIENTED_EDGE('',*,*,#2980,.T.);
#3781=ORIENTED_EDGE('',*,*,#2983,.F.);
#3782=ORIENTED_EDGE('',*,*,#2984,.F.);
#3783=ORIENTED_EDGE('',*,*,#2985,.T.);
#3784=ORIENTED_EDGE('',*,*,#2986,.F.);
#3785=ORIENTED_EDGE('',*,*,#2985,.F.);
#3786=ORIENTED_EDGE('',*,*,#2987,.F.);
#3787=ORIENTED_EDGE('',*,*,#2988,.T.);
#3788=ORIENTED_EDGE('',*,*,#2989,.F.);
#3789=ORIENTED_EDGE('',*,*,#2988,.F.);
#3790=ORIENTED_EDGE('',*,*,#2990,.F.);
#3791=ORIENTED_EDGE('',*,*,#2991,.T.);
#3792=ORIENTED_EDGE('',*,*,#2992,.F.);
#3793=ORIENTED_EDGE('',*,*,#2991,.F.);
#3794=ORIENTED_EDGE('',*,*,#2993,.F.);
#3795=ORIENTED_EDGE('',*,*,#2994,.T.);
#3796=ORIENTED_EDGE('',*,*,#2995,.F.);
#3797=ORIENTED_EDGE('',*,*,#2994,.F.);
#3798=ORIENTED_EDGE('',*,*,#2996,.F.);
#3799=ORIENTED_EDGE('',*,*,#2997,.T.);
#3800=ORIENTED_EDGE('',*,*,#2998,.F.);
#3801=ORIENTED_EDGE('',*,*,#2997,.F.);
#3802=ORIENTED_EDGE('',*,*,#2999,.F.);
#3803=ORIENTED_EDGE('',*,*,#3000,.T.);
#3804=ORIENTED_EDGE('',*,*,#3001,.F.);
#3805=ORIENTED_EDGE('',*,*,#3000,.F.);
#3806=ORIENTED_EDGE('',*,*,#3002,.F.);
#3807=ORIENTED_EDGE('',*,*,#3003,.T.);
#3808=ORIENTED_EDGE('',*,*,#3004,.F.);
#3809=ORIENTED_EDGE('',*,*,#3003,.F.);
#3810=ORIENTED_EDGE('',*,*,#3005,.F.);
#3811=ORIENTED_EDGE('',*,*,#3006,.T.);
#3812=ORIENTED_EDGE('',*,*,#3007,.F.);
#3813=ORIENTED_EDGE('',*,*,#3006,.F.);
#3814=ORIENTED_EDGE('',*,*,#3008,.F.);
#3815=ORIENTED_EDGE('',*,*,#3009,.F.);
#3816=ORIENTED_EDGE('',*,*,#3010,.F.);
#3817=ORIENTED_EDGE('',*,*,#3011,.F.);
#3818=ORIENTED_EDGE('',*,*,#3012,.F.);
#3819=ORIENTED_EDGE('',*,*,#3013,.F.);
#3820=ORIENTED_EDGE('',*,*,#3014,.F.);
#3821=ORIENTED_EDGE('',*,*,#3015,.F.);
#3822=ORIENTED_EDGE('',*,*,#2989,.T.);
#3823=ORIENTED_EDGE('',*,*,#2995,.T.);
#3824=ORIENTED_EDGE('',*,*,#3001,.T.);
#3825=ORIENTED_EDGE('',*,*,#3007,.T.);
#3826=ORIENTED_EDGE('',*,*,#3016,.F.);
#3827=ORIENTED_EDGE('',*,*,#3012,.T.);
#3828=ORIENTED_EDGE('',*,*,#3017,.T.);
#3829=ORIENTED_EDGE('',*,*,#3018,.F.);
#3830=ORIENTED_EDGE('',*,*,#3019,.F.);
#3831=ORIENTED_EDGE('',*,*,#3011,.T.);
#3832=ORIENTED_EDGE('',*,*,#3020,.T.);
#3833=ORIENTED_EDGE('',*,*,#3021,.F.);
#3834=ORIENTED_EDGE('',*,*,#3017,.F.);
#3835=ORIENTED_EDGE('',*,*,#3013,.T.);
#3836=ORIENTED_EDGE('',*,*,#3019,.T.);
#3837=ORIENTED_EDGE('',*,*,#3022,.F.);
#3838=ORIENTED_EDGE('',*,*,#3023,.F.);
#3839=ORIENTED_EDGE('',*,*,#3010,.T.);
#3840=ORIENTED_EDGE('',*,*,#3024,.T.);
#3841=ORIENTED_EDGE('',*,*,#3025,.F.);
#3842=ORIENTED_EDGE('',*,*,#3020,.F.);
#3843=ORIENTED_EDGE('',*,*,#3009,.T.);
#3844=ORIENTED_EDGE('',*,*,#3026,.T.);
#3845=ORIENTED_EDGE('',*,*,#3027,.F.);
#3846=ORIENTED_EDGE('',*,*,#3024,.F.);
#3847=ORIENTED_EDGE('',*,*,#3014,.T.);
#3848=ORIENTED_EDGE('',*,*,#3023,.T.);
#3849=ORIENTED_EDGE('',*,*,#3028,.F.);
#3850=ORIENTED_EDGE('',*,*,#3029,.F.);
#3851=ORIENTED_EDGE('',*,*,#3008,.T.);
#3852=ORIENTED_EDGE('',*,*,#3030,.T.);
#3853=ORIENTED_EDGE('',*,*,#3031,.F.);
#3854=ORIENTED_EDGE('',*,*,#3026,.F.);
#3855=ORIENTED_EDGE('',*,*,#3015,.T.);
#3856=ORIENTED_EDGE('',*,*,#3029,.T.);
#3857=ORIENTED_EDGE('',*,*,#3032,.F.);
#3858=ORIENTED_EDGE('',*,*,#3030,.F.);
#3859=ORIENTED_EDGE('',*,*,#3033,.F.);
#3860=ORIENTED_EDGE('',*,*,#3034,.F.);
#3861=ORIENTED_EDGE('',*,*,#3035,.F.);
#3862=ORIENTED_EDGE('',*,*,#3036,.F.);
#3863=ORIENTED_EDGE('',*,*,#3037,.F.);
#3864=ORIENTED_EDGE('',*,*,#3038,.F.);
#3865=ORIENTED_EDGE('',*,*,#3039,.F.);
#3866=ORIENTED_EDGE('',*,*,#3040,.F.);
#3867=ORIENTED_EDGE('',*,*,#2986,.T.);
#3868=ORIENTED_EDGE('',*,*,#2992,.T.);
#3869=ORIENTED_EDGE('',*,*,#2998,.T.);
#3870=ORIENTED_EDGE('',*,*,#3004,.T.);
#3871=ORIENTED_EDGE('',*,*,#3041,.F.);
#3872=ORIENTED_EDGE('',*,*,#3042,.F.);
#3873=ORIENTED_EDGE('',*,*,#3043,.F.);
#3874=ORIENTED_EDGE('',*,*,#3044,.F.);
#3875=ORIENTED_EDGE('',*,*,#3045,.F.);
#3876=ORIENTED_EDGE('',*,*,#3046,.F.);
#3877=ORIENTED_EDGE('',*,*,#3047,.F.);
#3878=ORIENTED_EDGE('',*,*,#3048,.F.);
#3879=ORIENTED_EDGE('',*,*,#3049,.F.);
#3880=ORIENTED_EDGE('',*,*,#2984,.T.);
#3881=ORIENTED_EDGE('',*,*,#2990,.T.);
#3882=ORIENTED_EDGE('',*,*,#2996,.T.);
#3883=ORIENTED_EDGE('',*,*,#3002,.T.);
#3884=ORIENTED_EDGE('',*,*,#3050,.F.);
#3885=ORIENTED_EDGE('',*,*,#3040,.T.);
#3886=ORIENTED_EDGE('',*,*,#3051,.T.);
#3887=ORIENTED_EDGE('',*,*,#3043,.T.);
#3888=ORIENTED_EDGE('',*,*,#3052,.F.);
#3889=ORIENTED_EDGE('',*,*,#3033,.T.);
#3890=ORIENTED_EDGE('',*,*,#3052,.T.);
#3891=ORIENTED_EDGE('',*,*,#3042,.T.);
#3892=ORIENTED_EDGE('',*,*,#3053,.F.);
#3893=ORIENTED_EDGE('',*,*,#3039,.T.);
#3894=ORIENTED_EDGE('',*,*,#3054,.T.);
#3895=ORIENTED_EDGE('',*,*,#3044,.T.);
#3896=ORIENTED_EDGE('',*,*,#3051,.F.);
#3897=ORIENTED_EDGE('',*,*,#3034,.T.);
#3898=ORIENTED_EDGE('',*,*,#3053,.T.);
#3899=ORIENTED_EDGE('',*,*,#3049,.T.);
#3900=ORIENTED_EDGE('',*,*,#3055,.F.);
#3901=ORIENTED_EDGE('',*,*,#3035,.T.);
#3902=ORIENTED_EDGE('',*,*,#3055,.T.);
#3903=ORIENTED_EDGE('',*,*,#3048,.T.);
#3904=ORIENTED_EDGE('',*,*,#3056,.F.);
#3905=ORIENTED_EDGE('',*,*,#3038,.T.);
#3906=ORIENTED_EDGE('',*,*,#3057,.T.);
#3907=ORIENTED_EDGE('',*,*,#3045,.T.);
#3908=ORIENTED_EDGE('',*,*,#3054,.F.);
#3909=ORIENTED_EDGE('',*,*,#3036,.T.);
#3910=ORIENTED_EDGE('',*,*,#3056,.T.);
#3911=ORIENTED_EDGE('',*,*,#3047,.T.);
#3912=ORIENTED_EDGE('',*,*,#3058,.F.);
#3913=ORIENTED_EDGE('',*,*,#3037,.T.);
#3914=ORIENTED_EDGE('',*,*,#3058,.T.);
#3915=ORIENTED_EDGE('',*,*,#3046,.T.);
#3916=ORIENTED_EDGE('',*,*,#3057,.F.);
#3917=ORIENTED_EDGE('',*,*,#3050,.T.);
#3918=ORIENTED_EDGE('',*,*,#3059,.T.);
#3919=ORIENTED_EDGE('',*,*,#3016,.T.);
#3920=ORIENTED_EDGE('',*,*,#3059,.F.);
#3921=ORIENTED_EDGE('',*,*,#3060,.F.);
#3922=ORIENTED_EDGE('',*,*,#3061,.F.);
#3923=ORIENTED_EDGE('',*,*,#3062,.F.);
#3924=ORIENTED_EDGE('',*,*,#3063,.F.);
#3925=ORIENTED_EDGE('',*,*,#3064,.F.);
#3926=ORIENTED_EDGE('',*,*,#3065,.F.);
#3927=ORIENTED_EDGE('',*,*,#3066,.F.);
#3928=ORIENTED_EDGE('',*,*,#3067,.F.);
#3929=ORIENTED_EDGE('',*,*,#3068,.F.);
#3930=ORIENTED_EDGE('',*,*,#3069,.F.);
#3931=ORIENTED_EDGE('',*,*,#3070,.F.);
#3932=ORIENTED_EDGE('',*,*,#3071,.F.);
#3933=ORIENTED_EDGE('',*,*,#3072,.F.);
#3934=ORIENTED_EDGE('',*,*,#3073,.F.);
#3935=ORIENTED_EDGE('',*,*,#3074,.F.);
#3936=ORIENTED_EDGE('',*,*,#3075,.F.);
#3937=ORIENTED_EDGE('',*,*,#3076,.F.);
#3938=ORIENTED_EDGE('',*,*,#3077,.F.);
#3939=ORIENTED_EDGE('',*,*,#3072,.T.);
#3940=ORIENTED_EDGE('',*,*,#3078,.T.);
#3941=ORIENTED_EDGE('',*,*,#3065,.T.);
#3942=ORIENTED_EDGE('',*,*,#3079,.F.);
#3943=ORIENTED_EDGE('',*,*,#3073,.T.);
#3944=ORIENTED_EDGE('',*,*,#3079,.T.);
#3945=ORIENTED_EDGE('',*,*,#3064,.T.);
#3946=ORIENTED_EDGE('',*,*,#3080,.F.);
#3947=ORIENTED_EDGE('',*,*,#3070,.T.);
#3948=ORIENTED_EDGE('',*,*,#3081,.T.);
#3949=ORIENTED_EDGE('',*,*,#3067,.T.);
#3950=ORIENTED_EDGE('',*,*,#3082,.F.);
#3951=ORIENTED_EDGE('',*,*,#3071,.T.);
#3952=ORIENTED_EDGE('',*,*,#3082,.T.);
#3953=ORIENTED_EDGE('',*,*,#3066,.T.);
#3954=ORIENTED_EDGE('',*,*,#3078,.F.);
#3955=ORIENTED_EDGE('',*,*,#3069,.T.);
#3956=ORIENTED_EDGE('',*,*,#3083,.T.);
#3957=ORIENTED_EDGE('',*,*,#3060,.T.);
#3958=ORIENTED_EDGE('',*,*,#3081,.F.);
#3959=ORIENTED_EDGE('',*,*,#3074,.T.);
#3960=ORIENTED_EDGE('',*,*,#3080,.T.);
#3961=ORIENTED_EDGE('',*,*,#3063,.T.);
#3962=ORIENTED_EDGE('',*,*,#3084,.F.);
#3963=ORIENTED_EDGE('',*,*,#3075,.T.);
#3964=ORIENTED_EDGE('',*,*,#3084,.T.);
#3965=ORIENTED_EDGE('',*,*,#3062,.T.);
#3966=ORIENTED_EDGE('',*,*,#3085,.F.);
#3967=ORIENTED_EDGE('',*,*,#3076,.T.);
#3968=ORIENTED_EDGE('',*,*,#3085,.T.);
#3969=ORIENTED_EDGE('',*,*,#3061,.T.);
#3970=ORIENTED_EDGE('',*,*,#3083,.F.);
#3971=ORIENTED_EDGE('',*,*,#3086,.T.);
#3972=ORIENTED_EDGE('',*,*,#3087,.T.);
#3973=ORIENTED_EDGE('',*,*,#3077,.T.);
#3974=ORIENTED_EDGE('',*,*,#3087,.F.);
#3975=ORIENTED_EDGE('',*,*,#3088,.F.);
#3976=ORIENTED_EDGE('',*,*,#3089,.F.);
#3977=ORIENTED_EDGE('',*,*,#3090,.F.);
#3978=ORIENTED_EDGE('',*,*,#3091,.F.);
#3979=ORIENTED_EDGE('',*,*,#3092,.F.);
#3980=ORIENTED_EDGE('',*,*,#3093,.F.);
#3981=ORIENTED_EDGE('',*,*,#3094,.F.);
#3982=ORIENTED_EDGE('',*,*,#3095,.F.);
#3983=ORIENTED_EDGE('',*,*,#3086,.F.);
#3984=ORIENTED_EDGE('',*,*,#3096,.F.);
#3985=ORIENTED_EDGE('',*,*,#3097,.F.);
#3986=ORIENTED_EDGE('',*,*,#3098,.F.);
#3987=ORIENTED_EDGE('',*,*,#3099,.F.);
#3988=ORIENTED_EDGE('',*,*,#3100,.F.);
#3989=ORIENTED_EDGE('',*,*,#3101,.F.);
#3990=ORIENTED_EDGE('',*,*,#3102,.F.);
#3991=ORIENTED_EDGE('',*,*,#3103,.F.);
#3992=ORIENTED_EDGE('',*,*,#3104,.F.);
#3993=ORIENTED_EDGE('',*,*,#3089,.T.);
#3994=ORIENTED_EDGE('',*,*,#3105,.F.);
#3995=ORIENTED_EDGE('',*,*,#3103,.T.);
#3996=ORIENTED_EDGE('',*,*,#3106,.T.);
#3997=ORIENTED_EDGE('',*,*,#3088,.T.);
#3998=ORIENTED_EDGE('',*,*,#3107,.F.);
#3999=ORIENTED_EDGE('',*,*,#3096,.T.);
#4000=ORIENTED_EDGE('',*,*,#3105,.T.);
#4001=ORIENTED_EDGE('',*,*,#3090,.T.);
#4002=ORIENTED_EDGE('',*,*,#3106,.F.);
#4003=ORIENTED_EDGE('',*,*,#3102,.T.);
#4004=ORIENTED_EDGE('',*,*,#3108,.T.);
#4005=ORIENTED_EDGE('',*,*,#3095,.T.);
#4006=ORIENTED_EDGE('',*,*,#3109,.F.);
#4007=ORIENTED_EDGE('',*,*,#3097,.T.);
#4008=ORIENTED_EDGE('',*,*,#3107,.T.);
#4009=ORIENTED_EDGE('',*,*,#3094,.T.);
#4010=ORIENTED_EDGE('',*,*,#3110,.F.);
#4011=ORIENTED_EDGE('',*,*,#3098,.T.);
#4012=ORIENTED_EDGE('',*,*,#3109,.T.);
#4013=ORIENTED_EDGE('',*,*,#3091,.T.);
#4014=ORIENTED_EDGE('',*,*,#3108,.F.);
#4015=ORIENTED_EDGE('',*,*,#3101,.T.);
#4016=ORIENTED_EDGE('',*,*,#3111,.T.);
#4017=ORIENTED_EDGE('',*,*,#3093,.T.);
#4018=ORIENTED_EDGE('',*,*,#3112,.F.);
#4019=ORIENTED_EDGE('',*,*,#3099,.T.);
#4020=ORIENTED_EDGE('',*,*,#3110,.T.);
#4021=ORIENTED_EDGE('',*,*,#3092,.T.);
#4022=ORIENTED_EDGE('',*,*,#3111,.F.);
#4023=ORIENTED_EDGE('',*,*,#3100,.T.);
#4024=ORIENTED_EDGE('',*,*,#3112,.T.);
#4025=ORIENTED_EDGE('',*,*,#3113,.T.);
#4026=ORIENTED_EDGE('',*,*,#3114,.T.);
#4027=ORIENTED_EDGE('',*,*,#3104,.T.);
#4028=ORIENTED_EDGE('',*,*,#3114,.F.);
#4029=ORIENTED_EDGE('',*,*,#3115,.F.);
#4030=ORIENTED_EDGE('',*,*,#3116,.F.);
#4031=ORIENTED_EDGE('',*,*,#3117,.F.);
#4032=ORIENTED_EDGE('',*,*,#3118,.F.);
#4033=ORIENTED_EDGE('',*,*,#3119,.F.);
#4034=ORIENTED_EDGE('',*,*,#3120,.F.);
#4035=ORIENTED_EDGE('',*,*,#3121,.F.);
#4036=ORIENTED_EDGE('',*,*,#3122,.F.);
#4037=ORIENTED_EDGE('',*,*,#3113,.F.);
#4038=ORIENTED_EDGE('',*,*,#3123,.F.);
#4039=ORIENTED_EDGE('',*,*,#3124,.F.);
#4040=ORIENTED_EDGE('',*,*,#3125,.F.);
#4041=ORIENTED_EDGE('',*,*,#3126,.F.);
#4042=ORIENTED_EDGE('',*,*,#3127,.F.);
#4043=ORIENTED_EDGE('',*,*,#3128,.F.);
#4044=ORIENTED_EDGE('',*,*,#3129,.F.);
#4045=ORIENTED_EDGE('',*,*,#3130,.F.);
#4046=ORIENTED_EDGE('',*,*,#3131,.F.);
#4047=ORIENTED_EDGE('',*,*,#3116,.T.);
#4048=ORIENTED_EDGE('',*,*,#3132,.F.);
#4049=ORIENTED_EDGE('',*,*,#3130,.T.);
#4050=ORIENTED_EDGE('',*,*,#3133,.T.);
#4051=ORIENTED_EDGE('',*,*,#3115,.T.);
#4052=ORIENTED_EDGE('',*,*,#3134,.F.);
#4053=ORIENTED_EDGE('',*,*,#3123,.T.);
#4054=ORIENTED_EDGE('',*,*,#3132,.T.);
#4055=ORIENTED_EDGE('',*,*,#3117,.T.);
#4056=ORIENTED_EDGE('',*,*,#3133,.F.);
#4057=ORIENTED_EDGE('',*,*,#3129,.T.);
#4058=ORIENTED_EDGE('',*,*,#3135,.T.);
#4059=ORIENTED_EDGE('',*,*,#3122,.T.);
#4060=ORIENTED_EDGE('',*,*,#3136,.F.);
#4061=ORIENTED_EDGE('',*,*,#3124,.T.);
#4062=ORIENTED_EDGE('',*,*,#3134,.T.);
#4063=ORIENTED_EDGE('',*,*,#3121,.T.);
#4064=ORIENTED_EDGE('',*,*,#3137,.F.);
#4065=ORIENTED_EDGE('',*,*,#3125,.T.);
#4066=ORIENTED_EDGE('',*,*,#3136,.T.);
#4067=ORIENTED_EDGE('',*,*,#3118,.T.);
#4068=ORIENTED_EDGE('',*,*,#3135,.F.);
#4069=ORIENTED_EDGE('',*,*,#3128,.T.);
#4070=ORIENTED_EDGE('',*,*,#3138,.T.);
#4071=ORIENTED_EDGE('',*,*,#3120,.T.);
#4072=ORIENTED_EDGE('',*,*,#3139,.F.);
#4073=ORIENTED_EDGE('',*,*,#3126,.T.);
#4074=ORIENTED_EDGE('',*,*,#3137,.T.);
#4075=ORIENTED_EDGE('',*,*,#3119,.T.);
#4076=ORIENTED_EDGE('',*,*,#3138,.F.);
#4077=ORIENTED_EDGE('',*,*,#3127,.T.);
#4078=ORIENTED_EDGE('',*,*,#3139,.T.);
#4079=ORIENTED_EDGE('',*,*,#3140,.T.);
#4080=ORIENTED_EDGE('',*,*,#3141,.T.);
#4081=ORIENTED_EDGE('',*,*,#3131,.T.);
#4082=ORIENTED_EDGE('',*,*,#3141,.F.);
#4083=ORIENTED_EDGE('',*,*,#3142,.F.);
#4084=ORIENTED_EDGE('',*,*,#3143,.F.);
#4085=ORIENTED_EDGE('',*,*,#3144,.F.);
#4086=ORIENTED_EDGE('',*,*,#3145,.F.);
#4087=ORIENTED_EDGE('',*,*,#3146,.F.);
#4088=ORIENTED_EDGE('',*,*,#3147,.F.);
#4089=ORIENTED_EDGE('',*,*,#3148,.F.);
#4090=ORIENTED_EDGE('',*,*,#3149,.F.);
#4091=ORIENTED_EDGE('',*,*,#3140,.F.);
#4092=ORIENTED_EDGE('',*,*,#3150,.F.);
#4093=ORIENTED_EDGE('',*,*,#3151,.T.);
#4094=ORIENTED_EDGE('',*,*,#3152,.F.);
#4095=ORIENTED_EDGE('',*,*,#3151,.F.);
#4096=ORIENTED_EDGE('',*,*,#3153,.F.);
#4097=ORIENTED_EDGE('',*,*,#3154,.T.);
#4098=ORIENTED_EDGE('',*,*,#3155,.F.);
#4099=ORIENTED_EDGE('',*,*,#3154,.F.);
#4100=ORIENTED_EDGE('',*,*,#3146,.T.);
#4101=ORIENTED_EDGE('',*,*,#3156,.F.);
#4102=ORIENTED_EDGE('',*,*,#3157,.T.);
#4103=ORIENTED_EDGE('',*,*,#3158,.T.);
#4104=ORIENTED_EDGE('',*,*,#3147,.T.);
#4105=ORIENTED_EDGE('',*,*,#3158,.F.);
#4106=ORIENTED_EDGE('',*,*,#3159,.T.);
#4107=ORIENTED_EDGE('',*,*,#3160,.T.);
#4108=ORIENTED_EDGE('',*,*,#2982,.T.);
#4109=ORIENTED_EDGE('',*,*,#3145,.T.);
#4110=ORIENTED_EDGE('',*,*,#3161,.F.);
#4111=ORIENTED_EDGE('',*,*,#3162,.T.);
#4112=ORIENTED_EDGE('',*,*,#3156,.T.);
#4113=ORIENTED_EDGE('',*,*,#3155,.T.);
#4114=ORIENTED_EDGE('',*,*,#3152,.T.);
#4115=ORIENTED_EDGE('',*,*,#3148,.T.);
#4116=ORIENTED_EDGE('',*,*,#3160,.F.);
#4117=ORIENTED_EDGE('',*,*,#3163,.T.);
#4118=ORIENTED_EDGE('',*,*,#3164,.T.);
#4119=ORIENTED_EDGE('',*,*,#3149,.T.);
#4120=ORIENTED_EDGE('',*,*,#3164,.F.);
#4121=ORIENTED_EDGE('',*,*,#3165,.T.);
#4122=ORIENTED_EDGE('',*,*,#3166,.T.);
#4123=ORIENTED_EDGE('',*,*,#3153,.T.);
#4124=ORIENTED_EDGE('',*,*,#3150,.T.);
#4125=ORIENTED_EDGE('',*,*,#3144,.T.);
#4126=ORIENTED_EDGE('',*,*,#3167,.F.);
#4127=ORIENTED_EDGE('',*,*,#3168,.T.);
#4128=ORIENTED_EDGE('',*,*,#3161,.T.);
#4129=ORIENTED_EDGE('',*,*,#3142,.T.);
#4130=ORIENTED_EDGE('',*,*,#3166,.F.);
#4131=ORIENTED_EDGE('',*,*,#3169,.T.);
#4132=ORIENTED_EDGE('',*,*,#3170,.T.);
#4133=ORIENTED_EDGE('',*,*,#3143,.T.);
#4134=ORIENTED_EDGE('',*,*,#3170,.F.);
#4135=ORIENTED_EDGE('',*,*,#3171,.T.);
#4136=ORIENTED_EDGE('',*,*,#3167,.T.);
#4137=ORIENTED_EDGE('',*,*,#2978,.T.);
#4138=ORIENTED_EDGE('',*,*,#3021,.T.);
#4139=ORIENTED_EDGE('',*,*,#3025,.T.);
#4140=ORIENTED_EDGE('',*,*,#3027,.T.);
#4141=ORIENTED_EDGE('',*,*,#3031,.T.);
#4142=ORIENTED_EDGE('',*,*,#3032,.T.);
#4143=ORIENTED_EDGE('',*,*,#3028,.T.);
#4144=ORIENTED_EDGE('',*,*,#3022,.T.);
#4145=ORIENTED_EDGE('',*,*,#3018,.T.);
#4146=ORIENTED_EDGE('',*,*,#2987,.T.);
#4147=ORIENTED_EDGE('',*,*,#2993,.T.);
#4148=ORIENTED_EDGE('',*,*,#2999,.T.);
#4149=ORIENTED_EDGE('',*,*,#3005,.T.);
#4150=ORIENTED_EDGE('',*,*,#3172,.T.);
#4151=ORIENTED_EDGE('',*,*,#3068,.T.);
#4152=ORIENTED_EDGE('',*,*,#3173,.T.);
#4153=ORIENTED_EDGE('',*,*,#3041,.T.);
#4154=ORIENTED_EDGE('',*,*,#3173,.F.);
#4155=ORIENTED_EDGE('',*,*,#3168,.F.);
#4156=ORIENTED_EDGE('',*,*,#3171,.F.);
#4157=ORIENTED_EDGE('',*,*,#3169,.F.);
#4158=ORIENTED_EDGE('',*,*,#3165,.F.);
#4159=ORIENTED_EDGE('',*,*,#3163,.F.);
#4160=ORIENTED_EDGE('',*,*,#3159,.F.);
#4161=ORIENTED_EDGE('',*,*,#3157,.F.);
#4162=ORIENTED_EDGE('',*,*,#3162,.F.);
#4163=ORIENTED_EDGE('',*,*,#3174,.F.);
#4164=ORIENTED_EDGE('',*,*,#3172,.F.);
#4165=ORIENTED_EDGE('',*,*,#3175,.T.);
#4166=ORIENTED_EDGE('',*,*,#3174,.T.);
#4167=ORIENTED_EDGE('',*,*,#3175,.F.);
#4168=ORIENTED_EDGE('',*,*,#3176,.F.);
#4169=ORIENTED_EDGE('',*,*,#3177,.T.);
#4170=ORIENTED_EDGE('',*,*,#3178,.F.);
#4171=ORIENTED_EDGE('',*,*,#3179,.F.);
#4172=ORIENTED_EDGE('',*,*,#3180,.F.);
#4173=ORIENTED_EDGE('',*,*,#3181,.T.);
#4174=ORIENTED_EDGE('',*,*,#3182,.F.);
#4175=ORIENTED_EDGE('',*,*,#3177,.F.);
#4176=ORIENTED_EDGE('',*,*,#3183,.F.);
#4177=ORIENTED_EDGE('',*,*,#3184,.T.);
#4178=ORIENTED_EDGE('',*,*,#3185,.F.);
#4179=ORIENTED_EDGE('',*,*,#3181,.F.);
#4180=ORIENTED_EDGE('',*,*,#3186,.F.);
#4181=ORIENTED_EDGE('',*,*,#3187,.T.);
#4182=ORIENTED_EDGE('',*,*,#3188,.F.);
#4183=ORIENTED_EDGE('',*,*,#3184,.F.);
#4184=ORIENTED_EDGE('',*,*,#3189,.F.);
#4185=ORIENTED_EDGE('',*,*,#3190,.T.);
#4186=ORIENTED_EDGE('',*,*,#3191,.F.);
#4187=ORIENTED_EDGE('',*,*,#3187,.F.);
#4188=ORIENTED_EDGE('',*,*,#3192,.F.);
#4189=ORIENTED_EDGE('',*,*,#3193,.T.);
#4190=ORIENTED_EDGE('',*,*,#3194,.F.);
#4191=ORIENTED_EDGE('',*,*,#3190,.F.);
#4192=ORIENTED_EDGE('',*,*,#3195,.F.);
#4193=ORIENTED_EDGE('',*,*,#3196,.T.);
#4194=ORIENTED_EDGE('',*,*,#3197,.F.);
#4195=ORIENTED_EDGE('',*,*,#3193,.F.);
#4196=ORIENTED_EDGE('',*,*,#3198,.F.);
#4197=ORIENTED_EDGE('',*,*,#3199,.T.);
#4198=ORIENTED_EDGE('',*,*,#3200,.F.);
#4199=ORIENTED_EDGE('',*,*,#3196,.F.);
#4200=ORIENTED_EDGE('',*,*,#3201,.F.);
#4201=ORIENTED_EDGE('',*,*,#3202,.T.);
#4202=ORIENTED_EDGE('',*,*,#3203,.F.);
#4203=ORIENTED_EDGE('',*,*,#3199,.F.);
#4204=ORIENTED_EDGE('',*,*,#3204,.F.);
#4205=ORIENTED_EDGE('',*,*,#3205,.T.);
#4206=ORIENTED_EDGE('',*,*,#3206,.F.);
#4207=ORIENTED_EDGE('',*,*,#3202,.F.);
#4208=ORIENTED_EDGE('',*,*,#3207,.F.);
#4209=ORIENTED_EDGE('',*,*,#3208,.T.);
#4210=ORIENTED_EDGE('',*,*,#3209,.F.);
#4211=ORIENTED_EDGE('',*,*,#3205,.F.);
#4212=ORIENTED_EDGE('',*,*,#3210,.F.);
#4213=ORIENTED_EDGE('',*,*,#3179,.T.);
#4214=ORIENTED_EDGE('',*,*,#3211,.F.);
#4215=ORIENTED_EDGE('',*,*,#3208,.F.);
#4216=ORIENTED_EDGE('',*,*,#3212,.T.);
#4217=ORIENTED_EDGE('',*,*,#3213,.T.);
#4218=ORIENTED_EDGE('',*,*,#3214,.T.);
#4219=ORIENTED_EDGE('',*,*,#3215,.T.);
#4220=ORIENTED_EDGE('',*,*,#3213,.F.);
#4221=ORIENTED_EDGE('',*,*,#3216,.T.);
#4222=ORIENTED_EDGE('',*,*,#3217,.F.);
#4223=ORIENTED_EDGE('',*,*,#3218,.F.);
#4224=ORIENTED_EDGE('',*,*,#3219,.T.);
#4225=ORIENTED_EDGE('',*,*,#3220,.T.);
#4226=ORIENTED_EDGE('',*,*,#3221,.T.);
#4227=ORIENTED_EDGE('',*,*,#3217,.T.);
#4228=ORIENTED_EDGE('',*,*,#3220,.F.);
#4229=ORIENTED_EDGE('',*,*,#3222,.T.);
#4230=ORIENTED_EDGE('',*,*,#3223,.F.);
#4231=ORIENTED_EDGE('',*,*,#3224,.F.);
#4232=ORIENTED_EDGE('',*,*,#3176,.T.);
#4233=ORIENTED_EDGE('',*,*,#3210,.T.);
#4234=ORIENTED_EDGE('',*,*,#3207,.T.);
#4235=ORIENTED_EDGE('',*,*,#3204,.T.);
#4236=ORIENTED_EDGE('',*,*,#3201,.T.);
#4237=ORIENTED_EDGE('',*,*,#3198,.T.);
#4238=ORIENTED_EDGE('',*,*,#3195,.T.);
#4239=ORIENTED_EDGE('',*,*,#3192,.T.);
#4240=ORIENTED_EDGE('',*,*,#3189,.T.);
#4241=ORIENTED_EDGE('',*,*,#3186,.T.);
#4242=ORIENTED_EDGE('',*,*,#3183,.T.);
#4243=ORIENTED_EDGE('',*,*,#3180,.T.);
#4244=ORIENTED_EDGE('',*,*,#3224,.T.);
#4245=ORIENTED_EDGE('',*,*,#3225,.F.);
#4246=ORIENTED_EDGE('',*,*,#3226,.T.);
#4247=ORIENTED_EDGE('',*,*,#3227,.F.);
#4248=ORIENTED_EDGE('',*,*,#3228,.T.);
#4249=ORIENTED_EDGE('',*,*,#3214,.F.);
#4250=ORIENTED_EDGE('',*,*,#3218,.T.);
#4251=ORIENTED_EDGE('',*,*,#3221,.F.);
#4252=ORIENTED_EDGE('',*,*,#3229,.T.);
#4253=ORIENTED_EDGE('',*,*,#3230,.T.);
#4254=ORIENTED_EDGE('',*,*,#3231,.T.);
#4255=ORIENTED_EDGE('',*,*,#3232,.T.);
#4256=ORIENTED_EDGE('',*,*,#3233,.T.);
#4257=ORIENTED_EDGE('',*,*,#3234,.T.);
#4258=ORIENTED_EDGE('',*,*,#3225,.T.);
#4259=ORIENTED_EDGE('',*,*,#3223,.T.);
#4260=ORIENTED_EDGE('',*,*,#3234,.F.);
#4261=ORIENTED_EDGE('',*,*,#3235,.T.);
#4262=ORIENTED_EDGE('',*,*,#3236,.F.);
#4263=ORIENTED_EDGE('',*,*,#3226,.F.);
#4264=ORIENTED_EDGE('',*,*,#3237,.T.);
#4265=ORIENTED_EDGE('',*,*,#3238,.T.);
#4266=ORIENTED_EDGE('',*,*,#3227,.T.);
#4267=ORIENTED_EDGE('',*,*,#3236,.T.);
#4268=ORIENTED_EDGE('',*,*,#3215,.F.);
#4269=ORIENTED_EDGE('',*,*,#3228,.F.);
#4270=ORIENTED_EDGE('',*,*,#3238,.F.);
#4271=ORIENTED_EDGE('',*,*,#3239,.T.);
#4272=ORIENTED_EDGE('',*,*,#3178,.T.);
#4273=ORIENTED_EDGE('',*,*,#3182,.T.);
#4274=ORIENTED_EDGE('',*,*,#3185,.T.);
#4275=ORIENTED_EDGE('',*,*,#3188,.T.);
#4276=ORIENTED_EDGE('',*,*,#3191,.T.);
#4277=ORIENTED_EDGE('',*,*,#3194,.T.);
#4278=ORIENTED_EDGE('',*,*,#3197,.T.);
#4279=ORIENTED_EDGE('',*,*,#3200,.T.);
#4280=ORIENTED_EDGE('',*,*,#3203,.T.);
#4281=ORIENTED_EDGE('',*,*,#3206,.T.);
#4282=ORIENTED_EDGE('',*,*,#3209,.T.);
#4283=ORIENTED_EDGE('',*,*,#3211,.T.);
#4284=ORIENTED_EDGE('',*,*,#3239,.F.);
#4285=ORIENTED_EDGE('',*,*,#3237,.F.);
#4286=ORIENTED_EDGE('',*,*,#3235,.F.);
#4287=ORIENTED_EDGE('',*,*,#3233,.F.);
#4288=ORIENTED_EDGE('',*,*,#3222,.F.);
#4289=ORIENTED_EDGE('',*,*,#3219,.F.);
#4290=ORIENTED_EDGE('',*,*,#3216,.F.);
#4291=ORIENTED_EDGE('',*,*,#3212,.F.);
#4292=ORIENTED_EDGE('',*,*,#3240,.F.);
#4293=ORIENTED_EDGE('',*,*,#3241,.F.);
#4294=ORIENTED_EDGE('',*,*,#3242,.F.);
#4295=ORIENTED_EDGE('',*,*,#3243,.F.);
#4296=ORIENTED_EDGE('',*,*,#3229,.F.);
#4297=ORIENTED_EDGE('',*,*,#3244,.T.);
#4298=ORIENTED_EDGE('',*,*,#3243,.T.);
#4299=ORIENTED_EDGE('',*,*,#3244,.F.);
#4300=ORIENTED_EDGE('',*,*,#3230,.F.);
#4301=ORIENTED_EDGE('',*,*,#3245,.T.);
#4302=ORIENTED_EDGE('',*,*,#3242,.T.);
#4303=ORIENTED_EDGE('',*,*,#3245,.F.);
#4304=ORIENTED_EDGE('',*,*,#3231,.F.);
#4305=ORIENTED_EDGE('',*,*,#3246,.T.);
#4306=ORIENTED_EDGE('',*,*,#3241,.T.);
#4307=ORIENTED_EDGE('',*,*,#3246,.F.);
#4308=ORIENTED_EDGE('',*,*,#3232,.F.);
#4309=ORIENTED_EDGE('',*,*,#3247,.T.);
#4310=ORIENTED_EDGE('',*,*,#3240,.T.);
#4311=ORIENTED_EDGE('',*,*,#3247,.F.);
#4312=ORIENTED_EDGE('',*,*,#3248,.F.);
#4313=ORIENTED_EDGE('',*,*,#3249,.T.);
#4314=ORIENTED_EDGE('',*,*,#3250,.F.);
#4315=ORIENTED_EDGE('',*,*,#3251,.F.);
#4316=ORIENTED_EDGE('',*,*,#3252,.F.);
#4317=ORIENTED_EDGE('',*,*,#3253,.T.);
#4318=ORIENTED_EDGE('',*,*,#3254,.F.);
#4319=ORIENTED_EDGE('',*,*,#3249,.F.);
#4320=ORIENTED_EDGE('',*,*,#3255,.F.);
#4321=ORIENTED_EDGE('',*,*,#3256,.T.);
#4322=ORIENTED_EDGE('',*,*,#3257,.F.);
#4323=ORIENTED_EDGE('',*,*,#3253,.F.);
#4324=ORIENTED_EDGE('',*,*,#3258,.F.);
#4325=ORIENTED_EDGE('',*,*,#3259,.T.);
#4326=ORIENTED_EDGE('',*,*,#3260,.F.);
#4327=ORIENTED_EDGE('',*,*,#3256,.F.);
#4328=ORIENTED_EDGE('',*,*,#3261,.F.);
#4329=ORIENTED_EDGE('',*,*,#3262,.T.);
#4330=ORIENTED_EDGE('',*,*,#3263,.F.);
#4331=ORIENTED_EDGE('',*,*,#3259,.F.);
#4332=ORIENTED_EDGE('',*,*,#3264,.F.);
#4333=ORIENTED_EDGE('',*,*,#3265,.T.);
#4334=ORIENTED_EDGE('',*,*,#3266,.F.);
#4335=ORIENTED_EDGE('',*,*,#3262,.F.);
#4336=ORIENTED_EDGE('',*,*,#3267,.F.);
#4337=ORIENTED_EDGE('',*,*,#3268,.T.);
#4338=ORIENTED_EDGE('',*,*,#3269,.F.);
#4339=ORIENTED_EDGE('',*,*,#3265,.F.);
#4340=ORIENTED_EDGE('',*,*,#3270,.F.);
#4341=ORIENTED_EDGE('',*,*,#3271,.T.);
#4342=ORIENTED_EDGE('',*,*,#3272,.F.);
#4343=ORIENTED_EDGE('',*,*,#3268,.F.);
#4344=ORIENTED_EDGE('',*,*,#3273,.F.);
#4345=ORIENTED_EDGE('',*,*,#3274,.T.);
#4346=ORIENTED_EDGE('',*,*,#3275,.F.);
#4347=ORIENTED_EDGE('',*,*,#3271,.F.);
#4348=ORIENTED_EDGE('',*,*,#3276,.F.);
#4349=ORIENTED_EDGE('',*,*,#3277,.T.);
#4350=ORIENTED_EDGE('',*,*,#3278,.F.);
#4351=ORIENTED_EDGE('',*,*,#3274,.F.);
#4352=ORIENTED_EDGE('',*,*,#3279,.F.);
#4353=ORIENTED_EDGE('',*,*,#3280,.T.);
#4354=ORIENTED_EDGE('',*,*,#3281,.F.);
#4355=ORIENTED_EDGE('',*,*,#3277,.F.);
#4356=ORIENTED_EDGE('',*,*,#3282,.F.);
#4357=ORIENTED_EDGE('',*,*,#3251,.T.);
#4358=ORIENTED_EDGE('',*,*,#3283,.F.);
#4359=ORIENTED_EDGE('',*,*,#3280,.F.);
#4360=ORIENTED_EDGE('',*,*,#3284,.T.);
#4361=ORIENTED_EDGE('',*,*,#3285,.T.);
#4362=ORIENTED_EDGE('',*,*,#3286,.T.);
#4363=ORIENTED_EDGE('',*,*,#3287,.T.);
#4364=ORIENTED_EDGE('',*,*,#3285,.F.);
#4365=ORIENTED_EDGE('',*,*,#3288,.T.);
#4366=ORIENTED_EDGE('',*,*,#3289,.F.);
#4367=ORIENTED_EDGE('',*,*,#3290,.F.);
#4368=ORIENTED_EDGE('',*,*,#3291,.T.);
#4369=ORIENTED_EDGE('',*,*,#3292,.T.);
#4370=ORIENTED_EDGE('',*,*,#3293,.T.);
#4371=ORIENTED_EDGE('',*,*,#3289,.T.);
#4372=ORIENTED_EDGE('',*,*,#3292,.F.);
#4373=ORIENTED_EDGE('',*,*,#3294,.T.);
#4374=ORIENTED_EDGE('',*,*,#3295,.F.);
#4375=ORIENTED_EDGE('',*,*,#3296,.F.);
#4376=ORIENTED_EDGE('',*,*,#3248,.T.);
#4377=ORIENTED_EDGE('',*,*,#3282,.T.);
#4378=ORIENTED_EDGE('',*,*,#3279,.T.);
#4379=ORIENTED_EDGE('',*,*,#3276,.T.);
#4380=ORIENTED_EDGE('',*,*,#3273,.T.);
#4381=ORIENTED_EDGE('',*,*,#3270,.T.);
#4382=ORIENTED_EDGE('',*,*,#3267,.T.);
#4383=ORIENTED_EDGE('',*,*,#3264,.T.);
#4384=ORIENTED_EDGE('',*,*,#3261,.T.);
#4385=ORIENTED_EDGE('',*,*,#3258,.T.);
#4386=ORIENTED_EDGE('',*,*,#3255,.T.);
#4387=ORIENTED_EDGE('',*,*,#3252,.T.);
#4388=ORIENTED_EDGE('',*,*,#3296,.T.);
#4389=ORIENTED_EDGE('',*,*,#3297,.F.);
#4390=ORIENTED_EDGE('',*,*,#3298,.T.);
#4391=ORIENTED_EDGE('',*,*,#3299,.F.);
#4392=ORIENTED_EDGE('',*,*,#3300,.T.);
#4393=ORIENTED_EDGE('',*,*,#3286,.F.);
#4394=ORIENTED_EDGE('',*,*,#3290,.T.);
#4395=ORIENTED_EDGE('',*,*,#3293,.F.);
#4396=ORIENTED_EDGE('',*,*,#3301,.T.);
#4397=ORIENTED_EDGE('',*,*,#3302,.T.);
#4398=ORIENTED_EDGE('',*,*,#3303,.T.);
#4399=ORIENTED_EDGE('',*,*,#3304,.T.);
#4400=ORIENTED_EDGE('',*,*,#3305,.T.);
#4401=ORIENTED_EDGE('',*,*,#3306,.T.);
#4402=ORIENTED_EDGE('',*,*,#3297,.T.);
#4403=ORIENTED_EDGE('',*,*,#3295,.T.);
#4404=ORIENTED_EDGE('',*,*,#3306,.F.);
#4405=ORIENTED_EDGE('',*,*,#3307,.T.);
#4406=ORIENTED_EDGE('',*,*,#3308,.F.);
#4407=ORIENTED_EDGE('',*,*,#3298,.F.);
#4408=ORIENTED_EDGE('',*,*,#3309,.T.);
#4409=ORIENTED_EDGE('',*,*,#3310,.T.);
#4410=ORIENTED_EDGE('',*,*,#3299,.T.);
#4411=ORIENTED_EDGE('',*,*,#3308,.T.);
#4412=ORIENTED_EDGE('',*,*,#3287,.F.);
#4413=ORIENTED_EDGE('',*,*,#3300,.F.);
#4414=ORIENTED_EDGE('',*,*,#3310,.F.);
#4415=ORIENTED_EDGE('',*,*,#3311,.T.);
#4416=ORIENTED_EDGE('',*,*,#3250,.T.);
#4417=ORIENTED_EDGE('',*,*,#3254,.T.);
#4418=ORIENTED_EDGE('',*,*,#3257,.T.);
#4419=ORIENTED_EDGE('',*,*,#3260,.T.);
#4420=ORIENTED_EDGE('',*,*,#3263,.T.);
#4421=ORIENTED_EDGE('',*,*,#3266,.T.);
#4422=ORIENTED_EDGE('',*,*,#3269,.T.);
#4423=ORIENTED_EDGE('',*,*,#3272,.T.);
#4424=ORIENTED_EDGE('',*,*,#3275,.T.);
#4425=ORIENTED_EDGE('',*,*,#3278,.T.);
#4426=ORIENTED_EDGE('',*,*,#3281,.T.);
#4427=ORIENTED_EDGE('',*,*,#3283,.T.);
#4428=ORIENTED_EDGE('',*,*,#3311,.F.);
#4429=ORIENTED_EDGE('',*,*,#3309,.F.);
#4430=ORIENTED_EDGE('',*,*,#3307,.F.);
#4431=ORIENTED_EDGE('',*,*,#3305,.F.);
#4432=ORIENTED_EDGE('',*,*,#3294,.F.);
#4433=ORIENTED_EDGE('',*,*,#3291,.F.);
#4434=ORIENTED_EDGE('',*,*,#3288,.F.);
#4435=ORIENTED_EDGE('',*,*,#3284,.F.);
#4436=ORIENTED_EDGE('',*,*,#3312,.F.);
#4437=ORIENTED_EDGE('',*,*,#3313,.F.);
#4438=ORIENTED_EDGE('',*,*,#3314,.F.);
#4439=ORIENTED_EDGE('',*,*,#3315,.F.);
#4440=ORIENTED_EDGE('',*,*,#3301,.F.);
#4441=ORIENTED_EDGE('',*,*,#3316,.T.);
#4442=ORIENTED_EDGE('',*,*,#3315,.T.);
#4443=ORIENTED_EDGE('',*,*,#3316,.F.);
#4444=ORIENTED_EDGE('',*,*,#3302,.F.);
#4445=ORIENTED_EDGE('',*,*,#3317,.T.);
#4446=ORIENTED_EDGE('',*,*,#3314,.T.);
#4447=ORIENTED_EDGE('',*,*,#3317,.F.);
#4448=ORIENTED_EDGE('',*,*,#3303,.F.);
#4449=ORIENTED_EDGE('',*,*,#3318,.T.);
#4450=ORIENTED_EDGE('',*,*,#3313,.T.);
#4451=ORIENTED_EDGE('',*,*,#3318,.F.);
#4452=ORIENTED_EDGE('',*,*,#3304,.F.);
#4453=ORIENTED_EDGE('',*,*,#3319,.T.);
#4454=ORIENTED_EDGE('',*,*,#3312,.T.);
#4455=ORIENTED_EDGE('',*,*,#3319,.F.);
#4456=ORIENTED_EDGE('',*,*,#3320,.T.);
#4457=ORIENTED_EDGE('',*,*,#3321,.T.);
#4458=ORIENTED_EDGE('',*,*,#3322,.T.);
#4459=ORIENTED_EDGE('',*,*,#3321,.F.);
#4460=ORIENTED_EDGE('',*,*,#3320,.F.);
#4461=ORIENTED_EDGE('',*,*,#3323,.T.);
#4462=ORIENTED_EDGE('',*,*,#3324,.F.);
#4463=ORIENTED_EDGE('',*,*,#3323,.F.);
#4464=ORIENTED_EDGE('',*,*,#3322,.F.);
#4465=ORIENTED_EDGE('',*,*,#3325,.T.);
#4466=ORIENTED_EDGE('',*,*,#3324,.T.);
#4467=ORIENTED_EDGE('',*,*,#3326,.T.);
#4468=ORIENTED_EDGE('',*,*,#3327,.T.);
#4469=ORIENTED_EDGE('',*,*,#3326,.F.);
#4470=ORIENTED_EDGE('',*,*,#3327,.F.);
#4471=ORIENTED_EDGE('',*,*,#3328,.F.);
#4472=ORIENTED_EDGE('',*,*,#3329,.F.);
#4473=ORIENTED_EDGE('',*,*,#3330,.T.);
#4474=ORIENTED_EDGE('',*,*,#3325,.F.);
#4475=ORIENTED_EDGE('',*,*,#3330,.F.);
#4476=ORIENTED_EDGE('',*,*,#3331,.T.);
#4477=ORIENTED_EDGE('',*,*,#3332,.T.);
#4478=ORIENTED_EDGE('',*,*,#3329,.T.);
#4479=ORIENTED_EDGE('',*,*,#3332,.F.);
#4480=ORIENTED_EDGE('',*,*,#3333,.F.);
#4481=ORIENTED_EDGE('',*,*,#3334,.T.);
#4482=ORIENTED_EDGE('',*,*,#3331,.F.);
#4483=ORIENTED_EDGE('',*,*,#3334,.F.);
#4484=ORIENTED_EDGE('',*,*,#3335,.F.);
#4485=ORIENTED_EDGE('',*,*,#3336,.T.);
#4486=ORIENTED_EDGE('',*,*,#3333,.T.);
#4487=ORIENTED_EDGE('',*,*,#3336,.F.);
#4488=ORIENTED_EDGE('',*,*,#3328,.T.);
#4489=ORIENTED_EDGE('',*,*,#3337,.T.);
#4490=ORIENTED_EDGE('',*,*,#3338,.F.);
#4491=ORIENTED_EDGE('',*,*,#3337,.F.);
#4492=ORIENTED_EDGE('',*,*,#3339,.F.);
#4493=ORIENTED_EDGE('',*,*,#3335,.T.);
#4494=ORIENTED_EDGE('',*,*,#3340,.F.);
#4495=ORIENTED_EDGE('',*,*,#3341,.T.);
#4496=ORIENTED_EDGE('',*,*,#3339,.T.);
#4497=ORIENTED_EDGE('',*,*,#3341,.F.);
#4498=ORIENTED_EDGE('',*,*,#3342,.T.);
#4499=ORIENTED_EDGE('',*,*,#3343,.T.);
#4500=ORIENTED_EDGE('',*,*,#3344,.F.);
#4501=ORIENTED_EDGE('',*,*,#3345,.F.);
#4502=ORIENTED_EDGE('',*,*,#3346,.T.);
#4503=ORIENTED_EDGE('',*,*,#3345,.T.);
#4504=ORIENTED_EDGE('',*,*,#3347,.F.);
#4505=ORIENTED_EDGE('',*,*,#3348,.F.);
#4506=ORIENTED_EDGE('',*,*,#3349,.T.);
#4507=ORIENTED_EDGE('',*,*,#3348,.T.);
#4508=ORIENTED_EDGE('',*,*,#3350,.F.);
#4509=ORIENTED_EDGE('',*,*,#3351,.F.);
#4510=ORIENTED_EDGE('',*,*,#3352,.T.);
#4511=ORIENTED_EDGE('',*,*,#3351,.T.);
#4512=ORIENTED_EDGE('',*,*,#3353,.F.);
#4513=ORIENTED_EDGE('',*,*,#3354,.F.);
#4514=ORIENTED_EDGE('',*,*,#3355,.T.);
#4515=ORIENTED_EDGE('',*,*,#3354,.T.);
#4516=ORIENTED_EDGE('',*,*,#3356,.F.);
#4517=ORIENTED_EDGE('',*,*,#3357,.F.);
#4518=ORIENTED_EDGE('',*,*,#3358,.T.);
#4519=ORIENTED_EDGE('',*,*,#3357,.T.);
#4520=ORIENTED_EDGE('',*,*,#3359,.F.);
#4521=ORIENTED_EDGE('',*,*,#3343,.F.);
#4522=ORIENTED_EDGE('',*,*,#3359,.T.);
#4523=ORIENTED_EDGE('',*,*,#3356,.T.);
#4524=ORIENTED_EDGE('',*,*,#3353,.T.);
#4525=ORIENTED_EDGE('',*,*,#3350,.T.);
#4526=ORIENTED_EDGE('',*,*,#3347,.T.);
#4527=ORIENTED_EDGE('',*,*,#3344,.T.);
#4528=ORIENTED_EDGE('',*,*,#3340,.T.);
#4529=ORIENTED_EDGE('',*,*,#3358,.F.);
#4530=ORIENTED_EDGE('',*,*,#3342,.F.);
#4531=ORIENTED_EDGE('',*,*,#3346,.F.);
#4532=ORIENTED_EDGE('',*,*,#3349,.F.);
#4533=ORIENTED_EDGE('',*,*,#3352,.F.);
#4534=ORIENTED_EDGE('',*,*,#3355,.F.);
#4535=ORIENTED_EDGE('',*,*,#3338,.T.);
#4536=ORIENTED_EDGE('',*,*,#3360,.F.);
#4537=ORIENTED_EDGE('',*,*,#3361,.T.);
#4538=ORIENTED_EDGE('',*,*,#3362,.T.);
#4539=ORIENTED_EDGE('',*,*,#3363,.T.);
#4540=ORIENTED_EDGE('',*,*,#3364,.F.);
#4541=ORIENTED_EDGE('',*,*,#3365,.F.);
#4542=ORIENTED_EDGE('',*,*,#3364,.T.);
#4543=ORIENTED_EDGE('',*,*,#3366,.T.);
#4544=ORIENTED_EDGE('',*,*,#3367,.T.);
#4545=ORIENTED_EDGE('',*,*,#3368,.F.);
#4546=ORIENTED_EDGE('',*,*,#3369,.F.);
#4547=ORIENTED_EDGE('',*,*,#3370,.T.);
#4548=ORIENTED_EDGE('',*,*,#3371,.T.);
#4549=ORIENTED_EDGE('',*,*,#3372,.T.);
#4550=ORIENTED_EDGE('',*,*,#3361,.F.);
#4551=ORIENTED_EDGE('',*,*,#3373,.F.);
#4552=ORIENTED_EDGE('',*,*,#3368,.T.);
#4553=ORIENTED_EDGE('',*,*,#3374,.T.);
#4554=ORIENTED_EDGE('',*,*,#3375,.T.);
#4555=ORIENTED_EDGE('',*,*,#3376,.F.);
#4556=ORIENTED_EDGE('',*,*,#3377,.F.);
#4557=ORIENTED_EDGE('',*,*,#3378,.T.);
#4558=ORIENTED_EDGE('',*,*,#3379,.T.);
#4559=ORIENTED_EDGE('',*,*,#3380,.T.);
#4560=ORIENTED_EDGE('',*,*,#3370,.F.);
#4561=ORIENTED_EDGE('',*,*,#3381,.F.);
#4562=ORIENTED_EDGE('',*,*,#3382,.F.);
#4563=ORIENTED_EDGE('',*,*,#3375,.F.);
#4564=ORIENTED_EDGE('',*,*,#3383,.F.);
#4565=ORIENTED_EDGE('',*,*,#3374,.F.);
#4566=ORIENTED_EDGE('',*,*,#3367,.F.);
#4567=ORIENTED_EDGE('',*,*,#3384,.F.);
#4568=ORIENTED_EDGE('',*,*,#3385,.F.);
#4569=ORIENTED_EDGE('',*,*,#3366,.F.);
#4570=ORIENTED_EDGE('',*,*,#3363,.F.);
#4571=ORIENTED_EDGE('',*,*,#3386,.F.);
#4572=ORIENTED_EDGE('',*,*,#3362,.F.);
#4573=ORIENTED_EDGE('',*,*,#3372,.F.);
#4574=ORIENTED_EDGE('',*,*,#3387,.F.);
#4575=ORIENTED_EDGE('',*,*,#3371,.F.);
#4576=ORIENTED_EDGE('',*,*,#3380,.F.);
#4577=ORIENTED_EDGE('',*,*,#3388,.F.);
#4578=ORIENTED_EDGE('',*,*,#3379,.F.);
#4579=ORIENTED_EDGE('',*,*,#3389,.F.);
#4580=ORIENTED_EDGE('',*,*,#3390,.F.);
#4581=ORIENTED_EDGE('',*,*,#3376,.T.);
#4582=ORIENTED_EDGE('',*,*,#3382,.T.);
#4583=ORIENTED_EDGE('',*,*,#3389,.T.);
#4584=ORIENTED_EDGE('',*,*,#3378,.F.);
#4585=ORIENTED_EDGE('',*,*,#3381,.T.);
#4586=ORIENTED_EDGE('',*,*,#3383,.T.);
#4587=ORIENTED_EDGE('',*,*,#3391,.T.);
#4588=ORIENTED_EDGE('',*,*,#3392,.T.);
#4589=ORIENTED_EDGE('',*,*,#3391,.F.);
#4590=ORIENTED_EDGE('',*,*,#3384,.T.);
#4591=ORIENTED_EDGE('',*,*,#3385,.T.);
#4592=ORIENTED_EDGE('',*,*,#3386,.T.);
#4593=ORIENTED_EDGE('',*,*,#3387,.T.);
#4594=ORIENTED_EDGE('',*,*,#3388,.T.);
#4595=ORIENTED_EDGE('',*,*,#3393,.F.);
#4596=ORIENTED_EDGE('',*,*,#3394,.T.);
#4597=ORIENTED_EDGE('',*,*,#3395,.T.);
#4598=ORIENTED_EDGE('',*,*,#3394,.F.);
#4599=ORIENTED_EDGE('',*,*,#3393,.T.);
#4600=ORIENTED_EDGE('',*,*,#3390,.T.);
#4601=ORIENTED_EDGE('',*,*,#3377,.T.);
#4602=ORIENTED_EDGE('',*,*,#3369,.T.);
#4603=ORIENTED_EDGE('',*,*,#3360,.T.);
#4604=ORIENTED_EDGE('',*,*,#3365,.T.);
#4605=ORIENTED_EDGE('',*,*,#3373,.T.);
#4606=ORIENTED_EDGE('',*,*,#3395,.F.);
#4607=ORIENTED_EDGE('',*,*,#3392,.F.);
#4608=ORIENTED_EDGE('',*,*,#3396,.T.);
#4609=ORIENTED_EDGE('',*,*,#3397,.T.);
#4610=ORIENTED_EDGE('',*,*,#3398,.T.);
#4611=ORIENTED_EDGE('',*,*,#3399,.T.);
#4612=ORIENTED_EDGE('',*,*,#3400,.T.);
#4613=ORIENTED_EDGE('',*,*,#3401,.T.);
#4614=ORIENTED_EDGE('',*,*,#3398,.F.);
#4615=ORIENTED_EDGE('',*,*,#3402,.T.);
#4616=ORIENTED_EDGE('',*,*,#3396,.F.);
#4617=ORIENTED_EDGE('',*,*,#3403,.T.);
#4618=ORIENTED_EDGE('',*,*,#3404,.T.);
#4619=ORIENTED_EDGE('',*,*,#3405,.T.);
#4620=ORIENTED_EDGE('',*,*,#3406,.T.);
#4621=ORIENTED_EDGE('',*,*,#3407,.T.);
#4622=ORIENTED_EDGE('',*,*,#3408,.T.);
#4623=ORIENTED_EDGE('',*,*,#3409,.T.);
#4624=ORIENTED_EDGE('',*,*,#3410,.T.);
#4625=ORIENTED_EDGE('',*,*,#3405,.F.);
#4626=ORIENTED_EDGE('',*,*,#3411,.T.);
#4627=ORIENTED_EDGE('',*,*,#3407,.F.);
#4628=ORIENTED_EDGE('',*,*,#3412,.T.);
#4629=ORIENTED_EDGE('',*,*,#3413,.T.);
#4630=ORIENTED_EDGE('',*,*,#3402,.F.);
#4631=ORIENTED_EDGE('',*,*,#3397,.F.);
#4632=ORIENTED_EDGE('',*,*,#3414,.T.);
#4633=ORIENTED_EDGE('',*,*,#3415,.T.);
#4634=ORIENTED_EDGE('',*,*,#3408,.F.);
#4635=ORIENTED_EDGE('',*,*,#3413,.F.);
#4636=ORIENTED_EDGE('',*,*,#3403,.F.);
#4637=ORIENTED_EDGE('',*,*,#3399,.F.);
#4638=ORIENTED_EDGE('',*,*,#3416,.F.);
#4639=ORIENTED_EDGE('',*,*,#3417,.F.);
#4640=ORIENTED_EDGE('',*,*,#3418,.F.);
#4641=ORIENTED_EDGE('',*,*,#3419,.F.);
#4642=ORIENTED_EDGE('',*,*,#3420,.F.);
#4643=ORIENTED_EDGE('',*,*,#3421,.F.);
#4644=ORIENTED_EDGE('',*,*,#3422,.T.);
#4645=ORIENTED_EDGE('',*,*,#3423,.T.);
#4646=ORIENTED_EDGE('',*,*,#3424,.T.);
#4647=ORIENTED_EDGE('',*,*,#3425,.T.);
#4648=ORIENTED_EDGE('',*,*,#3426,.T.);
#4649=ORIENTED_EDGE('',*,*,#3427,.T.);
#4650=ORIENTED_EDGE('',*,*,#3422,.F.);
#4651=ORIENTED_EDGE('',*,*,#3428,.T.);
#4652=ORIENTED_EDGE('',*,*,#3426,.F.);
#4653=ORIENTED_EDGE('',*,*,#3429,.T.);
#4654=ORIENTED_EDGE('',*,*,#3430,.T.);
#4655=ORIENTED_EDGE('',*,*,#3431,.T.);
#4656=ORIENTED_EDGE('',*,*,#3432,.T.);
#4657=ORIENTED_EDGE('',*,*,#3433,.T.);
#4658=ORIENTED_EDGE('',*,*,#3434,.T.);
#4659=ORIENTED_EDGE('',*,*,#3435,.T.);
#4660=ORIENTED_EDGE('',*,*,#3436,.T.);
#4661=ORIENTED_EDGE('',*,*,#3431,.F.);
#4662=ORIENTED_EDGE('',*,*,#3437,.T.);
#4663=ORIENTED_EDGE('',*,*,#3433,.F.);
#4664=ORIENTED_EDGE('',*,*,#3438,.T.);
#4665=ORIENTED_EDGE('',*,*,#3439,.T.);
#4666=ORIENTED_EDGE('',*,*,#3423,.F.);
#4667=ORIENTED_EDGE('',*,*,#3427,.F.);
#4668=ORIENTED_EDGE('',*,*,#3440,.T.);
#4669=ORIENTED_EDGE('',*,*,#3441,.T.);
#4670=ORIENTED_EDGE('',*,*,#3434,.F.);
#4671=ORIENTED_EDGE('',*,*,#3439,.F.);
#4672=ORIENTED_EDGE('',*,*,#3429,.F.);
#4673=ORIENTED_EDGE('',*,*,#3428,.F.);
#4674=ORIENTED_EDGE('',*,*,#3442,.T.);
#4675=ORIENTED_EDGE('',*,*,#3443,.F.);
#4676=ORIENTED_EDGE('',*,*,#3444,.F.);
#4677=ORIENTED_EDGE('',*,*,#3445,.F.);
#4678=ORIENTED_EDGE('',*,*,#3446,.F.);
#4679=ORIENTED_EDGE('',*,*,#3447,.F.);
#4680=ORIENTED_EDGE('',*,*,#3448,.T.);
#4681=ORIENTED_EDGE('',*,*,#3449,.T.);
#4682=ORIENTED_EDGE('',*,*,#3450,.T.);
#4683=ORIENTED_EDGE('',*,*,#3446,.T.);
#4684=ORIENTED_EDGE('',*,*,#3451,.T.);
#4685=ORIENTED_EDGE('',*,*,#3452,.T.);
#4686=ORIENTED_EDGE('',*,*,#3450,.F.);
#4687=ORIENTED_EDGE('',*,*,#3453,.T.);
#4688=ORIENTED_EDGE('',*,*,#3448,.F.);
#4689=ORIENTED_EDGE('',*,*,#3445,.T.);
#4690=ORIENTED_EDGE('',*,*,#3454,.T.);
#4691=ORIENTED_EDGE('',*,*,#3455,.T.);
#4692=ORIENTED_EDGE('',*,*,#3456,.T.);
#4693=ORIENTED_EDGE('',*,*,#3457,.T.);
#4694=ORIENTED_EDGE('',*,*,#3443,.T.);
#4695=ORIENTED_EDGE('',*,*,#3458,.T.);
#4696=ORIENTED_EDGE('',*,*,#3459,.T.);
#4697=ORIENTED_EDGE('',*,*,#3455,.F.);
#4698=ORIENTED_EDGE('',*,*,#3460,.T.);
#4699=ORIENTED_EDGE('',*,*,#3457,.F.);
#4700=ORIENTED_EDGE('',*,*,#3461,.T.);
#4701=ORIENTED_EDGE('',*,*,#3444,.T.);
#4702=ORIENTED_EDGE('',*,*,#3453,.F.);
#4703=ORIENTED_EDGE('',*,*,#3449,.F.);
#4704=ORIENTED_EDGE('',*,*,#3462,.T.);
#4705=ORIENTED_EDGE('',*,*,#3463,.T.);
#4706=ORIENTED_EDGE('',*,*,#3464,.T.);
#4707=ORIENTED_EDGE('',*,*,#3465,.T.);
#4708=ORIENTED_EDGE('',*,*,#3466,.T.);
#4709=ORIENTED_EDGE('',*,*,#3417,.T.);
#4710=ORIENTED_EDGE('',*,*,#3467,.T.);
#4711=ORIENTED_EDGE('',*,*,#3468,.T.);
#4712=ORIENTED_EDGE('',*,*,#3464,.F.);
#4713=ORIENTED_EDGE('',*,*,#3469,.T.);
#4714=ORIENTED_EDGE('',*,*,#3466,.F.);
#4715=ORIENTED_EDGE('',*,*,#3470,.T.);
#4716=ORIENTED_EDGE('',*,*,#3418,.T.);
#4717=ORIENTED_EDGE('',*,*,#3471,.T.);
#4718=ORIENTED_EDGE('',*,*,#3472,.T.);
#4719=ORIENTED_EDGE('',*,*,#3473,.T.);
#4720=ORIENTED_EDGE('',*,*,#3420,.T.);
#4721=ORIENTED_EDGE('',*,*,#3474,.T.);
#4722=ORIENTED_EDGE('',*,*,#3475,.T.);
#4723=ORIENTED_EDGE('',*,*,#3473,.F.);
#4724=ORIENTED_EDGE('',*,*,#3476,.T.);
#4725=ORIENTED_EDGE('',*,*,#3471,.F.);
#4726=ORIENTED_EDGE('',*,*,#3419,.T.);
#4727=ORIENTED_EDGE('',*,*,#3477,.T.);
#4728=ORIENTED_EDGE('',*,*,#3401,.F.);
#4729=ORIENTED_EDGE('',*,*,#3478,.F.);
#4730=ORIENTED_EDGE('',*,*,#3469,.F.);
#4731=ORIENTED_EDGE('',*,*,#3416,.T.);
#4732=ORIENTED_EDGE('',*,*,#3476,.F.);
#4733=ORIENTED_EDGE('',*,*,#3472,.F.);
#4734=ORIENTED_EDGE('',*,*,#3479,.T.);
#4735=ORIENTED_EDGE('',*,*,#3480,.T.);
#4736=ORIENTED_EDGE('',*,*,#3410,.F.);
#4737=ORIENTED_EDGE('',*,*,#3481,.T.);
#4738=ORIENTED_EDGE('',*,*,#3482,.T.);
#4739=ORIENTED_EDGE('',*,*,#3406,.F.);
#4740=ORIENTED_EDGE('',*,*,#3482,.F.);
#4741=ORIENTED_EDGE('',*,*,#3483,.T.);
#4742=ORIENTED_EDGE('',*,*,#3484,.T.);
#4743=ORIENTED_EDGE('',*,*,#3485,.T.);
#4744=ORIENTED_EDGE('',*,*,#3414,.F.);
#4745=ORIENTED_EDGE('',*,*,#3404,.F.);
#4746=ORIENTED_EDGE('',*,*,#3412,.F.);
#4747=ORIENTED_EDGE('',*,*,#3486,.F.);
#4748=ORIENTED_EDGE('',*,*,#3487,.F.);
#4749=ORIENTED_EDGE('',*,*,#3488,.F.);
#4750=ORIENTED_EDGE('',*,*,#3489,.F.);
#4751=ORIENTED_EDGE('',*,*,#3440,.F.);
#4752=ORIENTED_EDGE('',*,*,#3430,.F.);
#4753=ORIENTED_EDGE('',*,*,#3438,.F.);
#4754=ORIENTED_EDGE('',*,*,#3436,.F.);
#4755=ORIENTED_EDGE('',*,*,#3490,.T.);
#4756=ORIENTED_EDGE('',*,*,#3486,.T.);
#4757=ORIENTED_EDGE('',*,*,#3432,.F.);
#4758=ORIENTED_EDGE('',*,*,#3491,.F.);
#4759=ORIENTED_EDGE('',*,*,#3451,.F.);
#4760=ORIENTED_EDGE('',*,*,#3463,.F.);
#4761=ORIENTED_EDGE('',*,*,#3492,.F.);
#4762=ORIENTED_EDGE('',*,*,#3493,.F.);
#4763=ORIENTED_EDGE('',*,*,#3494,.F.);
#4764=ORIENTED_EDGE('',*,*,#3495,.F.);
#4765=ORIENTED_EDGE('',*,*,#3467,.F.);
#4766=ORIENTED_EDGE('',*,*,#3478,.T.);
#4767=ORIENTED_EDGE('',*,*,#3400,.F.);
#4768=ORIENTED_EDGE('',*,*,#3415,.F.);
#4769=ORIENTED_EDGE('',*,*,#3485,.F.);
#4770=ORIENTED_EDGE('',*,*,#3496,.F.);
#4771=ORIENTED_EDGE('',*,*,#3487,.T.);
#4772=ORIENTED_EDGE('',*,*,#3490,.F.);
#4773=ORIENTED_EDGE('',*,*,#3435,.F.);
#4774=ORIENTED_EDGE('',*,*,#3497,.T.);
#4775=ORIENTED_EDGE('',*,*,#3498,.T.);
#4776=ORIENTED_EDGE('',*,*,#3499,.T.);
#4777=ORIENTED_EDGE('',*,*,#3500,.T.);
#4778=ORIENTED_EDGE('',*,*,#3501,.T.);
#4779=ORIENTED_EDGE('',*,*,#3502,.T.);
#4780=ORIENTED_EDGE('',*,*,#3441,.F.);
#4781=ORIENTED_EDGE('',*,*,#3489,.T.);
#4782=ORIENTED_EDGE('',*,*,#3503,.F.);
#4783=ORIENTED_EDGE('',*,*,#3483,.F.);
#4784=ORIENTED_EDGE('',*,*,#3481,.F.);
#4785=ORIENTED_EDGE('',*,*,#3409,.F.);
#4786=ORIENTED_EDGE('',*,*,#3504,.T.);
#4787=ORIENTED_EDGE('',*,*,#3474,.F.);
#4788=ORIENTED_EDGE('',*,*,#3480,.F.);
#4789=ORIENTED_EDGE('',*,*,#3505,.F.);
#4790=ORIENTED_EDGE('',*,*,#3506,.T.);
#4791=ORIENTED_EDGE('',*,*,#3507,.F.);
#4792=ORIENTED_EDGE('',*,*,#3508,.F.);
#4793=ORIENTED_EDGE('',*,*,#3458,.F.);
#4794=ORIENTED_EDGE('',*,*,#3509,.T.);
#4795=ORIENTED_EDGE('',*,*,#3424,.F.);
#4796=ORIENTED_EDGE('',*,*,#3510,.T.);
#4797=ORIENTED_EDGE('',*,*,#3511,.T.);
#4798=ORIENTED_EDGE('',*,*,#3512,.T.);
#4799=ORIENTED_EDGE('',*,*,#3513,.T.);
#4800=ORIENTED_EDGE('',*,*,#3514,.T.);
#4801=ORIENTED_EDGE('',*,*,#3515,.T.);
#4802=ORIENTED_EDGE('',*,*,#3459,.F.);
#4803=ORIENTED_EDGE('',*,*,#3508,.T.);
#4804=ORIENTED_EDGE('',*,*,#3516,.T.);
#4805=ORIENTED_EDGE('',*,*,#3456,.F.);
#4806=ORIENTED_EDGE('',*,*,#3516,.F.);
#4807=ORIENTED_EDGE('',*,*,#3507,.T.);
#4808=ORIENTED_EDGE('',*,*,#3517,.F.);
#4809=ORIENTED_EDGE('',*,*,#3492,.T.);
#4810=ORIENTED_EDGE('',*,*,#3462,.F.);
#4811=ORIENTED_EDGE('',*,*,#3454,.F.);
#4812=ORIENTED_EDGE('',*,*,#3461,.F.);
#4813=ORIENTED_EDGE('',*,*,#3518,.F.);
#4814=ORIENTED_EDGE('',*,*,#3494,.T.);
#4815=ORIENTED_EDGE('',*,*,#3519,.F.);
#4816=ORIENTED_EDGE('',*,*,#3505,.T.);
#4817=ORIENTED_EDGE('',*,*,#3479,.F.);
#4818=ORIENTED_EDGE('',*,*,#3477,.F.);
#4819=ORIENTED_EDGE('',*,*,#3470,.F.);
#4820=ORIENTED_EDGE('',*,*,#3468,.F.);
#4821=ORIENTED_EDGE('',*,*,#3495,.T.);
#4822=ORIENTED_EDGE('',*,*,#3518,.T.);
#4823=ORIENTED_EDGE('',*,*,#3465,.F.);
#4824=ORIENTED_EDGE('',*,*,#3517,.T.);
#4825=ORIENTED_EDGE('',*,*,#3506,.F.);
#4826=ORIENTED_EDGE('',*,*,#3519,.T.);
#4827=ORIENTED_EDGE('',*,*,#3493,.T.);
#4828=ORIENTED_EDGE('',*,*,#3520,.T.);
#4829=ORIENTED_EDGE('',*,*,#3521,.T.);
#4830=ORIENTED_EDGE('',*,*,#3522,.T.);
#4831=ORIENTED_EDGE('',*,*,#3488,.T.);
#4832=ORIENTED_EDGE('',*,*,#3496,.T.);
#4833=ORIENTED_EDGE('',*,*,#3484,.F.);
#4834=ORIENTED_EDGE('',*,*,#3503,.T.);
#4835=ORIENTED_EDGE('',*,*,#3523,.T.);
#4836=ORIENTED_EDGE('',*,*,#3524,.T.);
#4837=ORIENTED_EDGE('',*,*,#3525,.T.);
#4838=ORIENTED_EDGE('',*,*,#3437,.F.);
#4839=ORIENTED_EDGE('',*,*,#3447,.T.);
#4840=ORIENTED_EDGE('',*,*,#3452,.F.);
#4841=ORIENTED_EDGE('',*,*,#3491,.T.);
#4842=ORIENTED_EDGE('',*,*,#3411,.F.);
#4843=ORIENTED_EDGE('',*,*,#3421,.T.);
#4844=ORIENTED_EDGE('',*,*,#3475,.F.);
#4845=ORIENTED_EDGE('',*,*,#3504,.F.);
#4846=ORIENTED_EDGE('',*,*,#3526,.F.);
#4847=ORIENTED_EDGE('',*,*,#3527,.T.);
#4848=ORIENTED_EDGE('',*,*,#3527,.F.);
#4849=ORIENTED_EDGE('',*,*,#3500,.F.);
#4850=ORIENTED_EDGE('',*,*,#3528,.T.);
#4851=ORIENTED_EDGE('',*,*,#3526,.T.);
#4852=ORIENTED_EDGE('',*,*,#3528,.F.);
#4853=ORIENTED_EDGE('',*,*,#3529,.F.);
#4854=ORIENTED_EDGE('',*,*,#3530,.T.);
#4855=ORIENTED_EDGE('',*,*,#3530,.F.);
#4856=ORIENTED_EDGE('',*,*,#3502,.F.);
#4857=ORIENTED_EDGE('',*,*,#3531,.T.);
#4858=ORIENTED_EDGE('',*,*,#3529,.T.);
#4859=ORIENTED_EDGE('',*,*,#3531,.F.);
#4860=ORIENTED_EDGE('',*,*,#3525,.F.);
#4861=ORIENTED_EDGE('',*,*,#3532,.T.);
#4862=ORIENTED_EDGE('',*,*,#3522,.F.);
#4863=ORIENTED_EDGE('',*,*,#3532,.F.);
#4864=ORIENTED_EDGE('',*,*,#3533,.F.);
#4865=ORIENTED_EDGE('',*,*,#3534,.T.);
#4866=ORIENTED_EDGE('',*,*,#3534,.F.);
#4867=ORIENTED_EDGE('',*,*,#3513,.F.);
#4868=ORIENTED_EDGE('',*,*,#3535,.T.);
#4869=ORIENTED_EDGE('',*,*,#3533,.T.);
#4870=ORIENTED_EDGE('',*,*,#3535,.F.);
#4871=ORIENTED_EDGE('',*,*,#3536,.F.);
#4872=ORIENTED_EDGE('',*,*,#3537,.T.);
#4873=ORIENTED_EDGE('',*,*,#3537,.F.);
#4874=ORIENTED_EDGE('',*,*,#3514,.F.);
#4875=ORIENTED_EDGE('',*,*,#3538,.T.);
#4876=ORIENTED_EDGE('',*,*,#3536,.T.);
#4877=ORIENTED_EDGE('',*,*,#3538,.F.);
#4878=ORIENTED_EDGE('',*,*,#3515,.F.);
#4879=ORIENTED_EDGE('',*,*,#3539,.T.);
#4880=ORIENTED_EDGE('',*,*,#3540,.F.);
#4881=ORIENTED_EDGE('',*,*,#3539,.F.);
#4882=ORIENTED_EDGE('',*,*,#3541,.F.);
#4883=ORIENTED_EDGE('',*,*,#3542,.T.);
#4884=ORIENTED_EDGE('',*,*,#3497,.F.);
#4885=ORIENTED_EDGE('',*,*,#3542,.F.);
#4886=ORIENTED_EDGE('',*,*,#3511,.F.);
#4887=ORIENTED_EDGE('',*,*,#3543,.T.);
#4888=ORIENTED_EDGE('',*,*,#3544,.F.);
#4889=ORIENTED_EDGE('',*,*,#3543,.F.);
#4890=ORIENTED_EDGE('',*,*,#3545,.F.);
#4891=ORIENTED_EDGE('',*,*,#3546,.T.);
#4892=ORIENTED_EDGE('',*,*,#3499,.F.);
#4893=ORIENTED_EDGE('',*,*,#3546,.F.);
#4894=ORIENTED_EDGE('',*,*,#3512,.F.);
#4895=ORIENTED_EDGE('',*,*,#3547,.T.);
#4896=ORIENTED_EDGE('',*,*,#3548,.F.);
#4897=ORIENTED_EDGE('',*,*,#3547,.F.);
#4898=ORIENTED_EDGE('',*,*,#3549,.F.);
#4899=ORIENTED_EDGE('',*,*,#3550,.T.);
#4900=ORIENTED_EDGE('',*,*,#3498,.F.);
#4901=ORIENTED_EDGE('',*,*,#3550,.F.);
#4902=ORIENTED_EDGE('',*,*,#3510,.F.);
#4903=ORIENTED_EDGE('',*,*,#3551,.T.);
#4904=ORIENTED_EDGE('',*,*,#3552,.F.);
#4905=ORIENTED_EDGE('',*,*,#3551,.F.);
#4906=ORIENTED_EDGE('',*,*,#3553,.F.);
#4907=ORIENTED_EDGE('',*,*,#3554,.T.);
#4908=ORIENTED_EDGE('',*,*,#3501,.F.);
#4909=ORIENTED_EDGE('',*,*,#3554,.F.);
#4910=ORIENTED_EDGE('',*,*,#3425,.F.);
#4911=ORIENTED_EDGE('',*,*,#3509,.F.);
#4912=ORIENTED_EDGE('',*,*,#3460,.F.);
#4913=ORIENTED_EDGE('',*,*,#3442,.F.);
#4914=ORIENTED_EDGE('',*,*,#3524,.F.);
#4915=ORIENTED_EDGE('',*,*,#3555,.T.);
#4916=ORIENTED_EDGE('',*,*,#3520,.F.);
#4917=ORIENTED_EDGE('',*,*,#3555,.F.);
#4918=ORIENTED_EDGE('',*,*,#3541,.T.);
#4919=ORIENTED_EDGE('',*,*,#3540,.T.);
#4920=ORIENTED_EDGE('',*,*,#3545,.T.);
#4921=ORIENTED_EDGE('',*,*,#3544,.T.);
#4922=ORIENTED_EDGE('',*,*,#3523,.F.);
#4923=ORIENTED_EDGE('',*,*,#3556,.T.);
#4924=ORIENTED_EDGE('',*,*,#3521,.F.);
#4925=ORIENTED_EDGE('',*,*,#3556,.F.);
#4926=ORIENTED_EDGE('',*,*,#3549,.T.);
#4927=ORIENTED_EDGE('',*,*,#3548,.T.);
#4928=ORIENTED_EDGE('',*,*,#3553,.T.);
#4929=ORIENTED_EDGE('',*,*,#3552,.T.);
#4930=ORIENTED_EDGE('',*,*,#3557,.F.);
#4931=ORIENTED_EDGE('',*,*,#3558,.T.);
#4932=ORIENTED_EDGE('',*,*,#3559,.F.);
#4933=ORIENTED_EDGE('',*,*,#3558,.F.);
#4934=ORIENTED_EDGE('',*,*,#3560,.F.);
#4935=ORIENTED_EDGE('',*,*,#3561,.T.);
#4936=ORIENTED_EDGE('',*,*,#3562,.F.);
#4937=ORIENTED_EDGE('',*,*,#3561,.F.);
#4938=ORIENTED_EDGE('',*,*,#3563,.F.);
#4939=ORIENTED_EDGE('',*,*,#3564,.F.);
#4940=ORIENTED_EDGE('',*,*,#3565,.T.);
#4941=ORIENTED_EDGE('',*,*,#3565,.F.);
#4942=ORIENTED_EDGE('',*,*,#3566,.F.);
#4943=ORIENTED_EDGE('',*,*,#3567,.T.);
#4944=ORIENTED_EDGE('',*,*,#3567,.F.);
#4945=ORIENTED_EDGE('',*,*,#3568,.F.);
#4946=ORIENTED_EDGE('',*,*,#3569,.T.);
#4947=ORIENTED_EDGE('',*,*,#3569,.F.);
#4948=ORIENTED_EDGE('',*,*,#3570,.F.);
#4949=ORIENTED_EDGE('',*,*,#3571,.T.);
#4950=ORIENTED_EDGE('',*,*,#3571,.F.);
#4951=ORIENTED_EDGE('',*,*,#3572,.F.);
#4952=ORIENTED_EDGE('',*,*,#3573,.T.);
#4953=ORIENTED_EDGE('',*,*,#3573,.F.);
#4954=ORIENTED_EDGE('',*,*,#3574,.F.);
#4955=ORIENTED_EDGE('',*,*,#3563,.T.);
#4956=ORIENTED_EDGE('',*,*,#3575,.F.);
#4957=ORIENTED_EDGE('',*,*,#3576,.T.);
#4958=ORIENTED_EDGE('',*,*,#3564,.T.);
#4959=ORIENTED_EDGE('',*,*,#3577,.F.);
#4960=ORIENTED_EDGE('',*,*,#3578,.F.);
#4961=ORIENTED_EDGE('',*,*,#3579,.T.);
#4962=ORIENTED_EDGE('',*,*,#3566,.T.);
#4963=ORIENTED_EDGE('',*,*,#3576,.F.);
#4964=ORIENTED_EDGE('',*,*,#3580,.F.);
#4965=ORIENTED_EDGE('',*,*,#3581,.T.);
#4966=ORIENTED_EDGE('',*,*,#3568,.T.);
#4967=ORIENTED_EDGE('',*,*,#3579,.F.);
#4968=ORIENTED_EDGE('',*,*,#3582,.F.);
#4969=ORIENTED_EDGE('',*,*,#3583,.T.);
#4970=ORIENTED_EDGE('',*,*,#3570,.T.);
#4971=ORIENTED_EDGE('',*,*,#3581,.F.);
#4972=ORIENTED_EDGE('',*,*,#3584,.F.);
#4973=ORIENTED_EDGE('',*,*,#3585,.T.);
#4974=ORIENTED_EDGE('',*,*,#3572,.T.);
#4975=ORIENTED_EDGE('',*,*,#3583,.F.);
#4976=ORIENTED_EDGE('',*,*,#3586,.F.);
#4977=ORIENTED_EDGE('',*,*,#3577,.T.);
#4978=ORIENTED_EDGE('',*,*,#3574,.T.);
#4979=ORIENTED_EDGE('',*,*,#3585,.F.);
#4980=ORIENTED_EDGE('',*,*,#3557,.T.);
#4981=ORIENTED_EDGE('',*,*,#3575,.T.);
#4982=ORIENTED_EDGE('',*,*,#3586,.T.);
#4983=ORIENTED_EDGE('',*,*,#3584,.T.);
#4984=ORIENTED_EDGE('',*,*,#3582,.T.);
#4985=ORIENTED_EDGE('',*,*,#3580,.T.);
#4986=ORIENTED_EDGE('',*,*,#3578,.T.);
#4987=ORIENTED_EDGE('',*,*,#3560,.T.);
#4988=ORIENTED_EDGE('',*,*,#3587,.T.);
#4989=ORIENTED_EDGE('',*,*,#3559,.T.);
#4990=ORIENTED_EDGE('',*,*,#3587,.F.);
#4991=ORIENTED_EDGE('',*,*,#3562,.T.);
#4992=ORIENTED_EDGE('',*,*,#3588,.F.);
#4993=ORIENTED_EDGE('',*,*,#3589,.T.);
#4994=ORIENTED_EDGE('',*,*,#3590,.F.);
#4995=ORIENTED_EDGE('',*,*,#3589,.F.);
#4996=ORIENTED_EDGE('',*,*,#3591,.T.);
#4997=ORIENTED_EDGE('',*,*,#3592,.T.);
#4998=ORIENTED_EDGE('',*,*,#3593,.T.);
#4999=ORIENTED_EDGE('',*,*,#3592,.F.);
#5000=ORIENTED_EDGE('',*,*,#3593,.F.);
#5001=ORIENTED_EDGE('',*,*,#3594,.T.);
#5002=ORIENTED_EDGE('',*,*,#3595,.T.);
#5003=ORIENTED_EDGE('',*,*,#3596,.T.);
#5004=ORIENTED_EDGE('',*,*,#3597,.T.);
#5005=ORIENTED_EDGE('',*,*,#3598,.T.);
#5006=ORIENTED_EDGE('',*,*,#3599,.T.);
#5007=ORIENTED_EDGE('',*,*,#3600,.F.);
#5008=ORIENTED_EDGE('',*,*,#3601,.T.);
#5009=ORIENTED_EDGE('',*,*,#3591,.F.);
#5010=ORIENTED_EDGE('',*,*,#3601,.F.);
#5011=ORIENTED_EDGE('',*,*,#3602,.F.);
#5012=ORIENTED_EDGE('',*,*,#3603,.F.);
#5013=ORIENTED_EDGE('',*,*,#3604,.T.);
#5014=ORIENTED_EDGE('',*,*,#3604,.F.);
#5015=ORIENTED_EDGE('',*,*,#3605,.F.);
#5016=ORIENTED_EDGE('',*,*,#3606,.T.);
#5017=ORIENTED_EDGE('',*,*,#3606,.F.);
#5018=ORIENTED_EDGE('',*,*,#3607,.F.);
#5019=ORIENTED_EDGE('',*,*,#3608,.T.);
#5020=ORIENTED_EDGE('',*,*,#3608,.F.);
#5021=ORIENTED_EDGE('',*,*,#3609,.F.);
#5022=ORIENTED_EDGE('',*,*,#3610,.T.);
#5023=ORIENTED_EDGE('',*,*,#3610,.F.);
#5024=ORIENTED_EDGE('',*,*,#3611,.F.);
#5025=ORIENTED_EDGE('',*,*,#3612,.T.);
#5026=ORIENTED_EDGE('',*,*,#3612,.F.);
#5027=ORIENTED_EDGE('',*,*,#3613,.F.);
#5028=ORIENTED_EDGE('',*,*,#3602,.T.);
#5029=ORIENTED_EDGE('',*,*,#3594,.F.);
#5030=ORIENTED_EDGE('',*,*,#3614,.T.);
#5031=ORIENTED_EDGE('',*,*,#3603,.T.);
#5032=ORIENTED_EDGE('',*,*,#3615,.F.);
#5033=ORIENTED_EDGE('',*,*,#3599,.F.);
#5034=ORIENTED_EDGE('',*,*,#3616,.T.);
#5035=ORIENTED_EDGE('',*,*,#3605,.T.);
#5036=ORIENTED_EDGE('',*,*,#3614,.F.);
#5037=ORIENTED_EDGE('',*,*,#3598,.F.);
#5038=ORIENTED_EDGE('',*,*,#3617,.T.);
#5039=ORIENTED_EDGE('',*,*,#3607,.T.);
#5040=ORIENTED_EDGE('',*,*,#3616,.F.);
#5041=ORIENTED_EDGE('',*,*,#3597,.F.);
#5042=ORIENTED_EDGE('',*,*,#3618,.T.);
#5043=ORIENTED_EDGE('',*,*,#3609,.T.);
#5044=ORIENTED_EDGE('',*,*,#3617,.F.);
#5045=ORIENTED_EDGE('',*,*,#3596,.F.);
#5046=ORIENTED_EDGE('',*,*,#3619,.T.);
#5047=ORIENTED_EDGE('',*,*,#3611,.T.);
#5048=ORIENTED_EDGE('',*,*,#3618,.F.);
#5049=ORIENTED_EDGE('',*,*,#3595,.F.);
#5050=ORIENTED_EDGE('',*,*,#3615,.T.);
#5051=ORIENTED_EDGE('',*,*,#3613,.T.);
#5052=ORIENTED_EDGE('',*,*,#3619,.F.);
#5053=ORIENTED_EDGE('',*,*,#3588,.T.);
#5054=ORIENTED_EDGE('',*,*,#3620,.T.);
#5055=ORIENTED_EDGE('',*,*,#3621,.T.);
#5056=ORIENTED_EDGE('',*,*,#3620,.F.);
#5057=ORIENTED_EDGE('',*,*,#3590,.T.);
#5058=ORIENTED_EDGE('',*,*,#3600,.T.);
#5059=ORIENTED_EDGE('',*,*,#3621,.F.);
#5060=ORIENTED_EDGE('',*,*,#3622,.F.);
#5061=ORIENTED_EDGE('',*,*,#3623,.F.);
#5062=ORIENTED_EDGE('',*,*,#3624,.F.);
#5063=ORIENTED_EDGE('',*,*,#3625,.F.);
#5064=ORIENTED_EDGE('',*,*,#3626,.F.);
#5065=ORIENTED_EDGE('',*,*,#3627,.F.);
#5066=ORIENTED_EDGE('',*,*,#3628,.F.);
#5067=ORIENTED_EDGE('',*,*,#3629,.F.);
#5068=ORIENTED_EDGE('',*,*,#3630,.T.);
#5069=ORIENTED_EDGE('',*,*,#3627,.T.);
#5070=ORIENTED_EDGE('',*,*,#3631,.T.);
#5071=ORIENTED_EDGE('',*,*,#3632,.T.);
#5072=ORIENTED_EDGE('',*,*,#3633,.T.);
#5073=ORIENTED_EDGE('',*,*,#3634,.T.);
#5074=ORIENTED_EDGE('',*,*,#3635,.T.);
#5075=ORIENTED_EDGE('',*,*,#3625,.T.);
#5076=ORIENTED_EDGE('',*,*,#3636,.T.);
#5077=ORIENTED_EDGE('',*,*,#3633,.F.);
#5078=ORIENTED_EDGE('',*,*,#3626,.T.);
#5079=ORIENTED_EDGE('',*,*,#3630,.F.);
#5080=ORIENTED_EDGE('',*,*,#3637,.F.);
#5081=ORIENTED_EDGE('',*,*,#3638,.F.);
#5082=ORIENTED_EDGE('',*,*,#3639,.T.);
#5083=ORIENTED_EDGE('',*,*,#3640,.T.);
#5084=ORIENTED_EDGE('',*,*,#3641,.T.);
#5085=ORIENTED_EDGE('',*,*,#3642,.T.);
#5086=ORIENTED_EDGE('',*,*,#3643,.T.);
#5087=ORIENTED_EDGE('',*,*,#3644,.F.);
#5088=ORIENTED_EDGE('',*,*,#3645,.F.);
#5089=ORIENTED_EDGE('',*,*,#3634,.F.);
#5090=ORIENTED_EDGE('',*,*,#3632,.F.);
#5091=ORIENTED_EDGE('',*,*,#3646,.F.);
#5092=ORIENTED_EDGE('',*,*,#3647,.F.);
#5093=ORIENTED_EDGE('',*,*,#3643,.F.);
#5094=ORIENTED_EDGE('',*,*,#3624,.T.);
#5095=ORIENTED_EDGE('',*,*,#3648,.T.);
#5096=ORIENTED_EDGE('',*,*,#3649,.F.);
#5097=ORIENTED_EDGE('',*,*,#3650,.F.);
#5098=ORIENTED_EDGE('',*,*,#3637,.T.);
#5099=ORIENTED_EDGE('',*,*,#3636,.F.);
#5100=ORIENTED_EDGE('',*,*,#3651,.T.);
#5101=ORIENTED_EDGE('',*,*,#3652,.T.);
#5102=ORIENTED_EDGE('',*,*,#3629,.T.);
#5103=ORIENTED_EDGE('',*,*,#3653,.T.);
#5104=ORIENTED_EDGE('',*,*,#3654,.T.);
#5105=ORIENTED_EDGE('',*,*,#3655,.T.);
#5106=ORIENTED_EDGE('',*,*,#3623,.T.);
#5107=ORIENTED_EDGE('',*,*,#3656,.T.);
#5108=ORIENTED_EDGE('',*,*,#3657,.T.);
#5109=ORIENTED_EDGE('',*,*,#3654,.F.);
#5110=ORIENTED_EDGE('',*,*,#3658,.F.);
#5111=ORIENTED_EDGE('',*,*,#3659,.T.);
#5112=ORIENTED_EDGE('',*,*,#3647,.T.);
#5113=ORIENTED_EDGE('',*,*,#3660,.F.);
#5114=ORIENTED_EDGE('',*,*,#3651,.F.);
#5115=ORIENTED_EDGE('',*,*,#3657,.F.);
#5116=ORIENTED_EDGE('',*,*,#3661,.F.);
#5117=ORIENTED_EDGE('',*,*,#3644,.T.);
#5118=ORIENTED_EDGE('',*,*,#3659,.F.);
#5119=ORIENTED_EDGE('',*,*,#3662,.F.);
#5120=ORIENTED_EDGE('',*,*,#3663,.F.);
#5121=ORIENTED_EDGE('',*,*,#3662,.T.);
#5122=ORIENTED_EDGE('',*,*,#3664,.T.);
#5123=ORIENTED_EDGE('',*,*,#3658,.T.);
#5124=ORIENTED_EDGE('',*,*,#3664,.F.);
#5125=ORIENTED_EDGE('',*,*,#3663,.T.);
#5126=ORIENTED_EDGE('',*,*,#3665,.T.);
#5127=ORIENTED_EDGE('',*,*,#3641,.F.);
#5128=ORIENTED_EDGE('',*,*,#3642,.F.);
#5129=ORIENTED_EDGE('',*,*,#3665,.F.);
#5130=ORIENTED_EDGE('',*,*,#3639,.F.);
#5131=ORIENTED_EDGE('',*,*,#3666,.F.);
#5132=ORIENTED_EDGE('',*,*,#3667,.T.);
#5133=ORIENTED_EDGE('',*,*,#3668,.T.);
#5134=ORIENTED_EDGE('',*,*,#3628,.T.);
#5135=ORIENTED_EDGE('',*,*,#3669,.T.);
#5136=ORIENTED_EDGE('',*,*,#3667,.F.);
#5137=ORIENTED_EDGE('',*,*,#3670,.F.);
#5138=ORIENTED_EDGE('',*,*,#3671,.T.);
#5139=ORIENTED_EDGE('',*,*,#3653,.F.);
#5140=ORIENTED_EDGE('',*,*,#3645,.T.);
#5141=ORIENTED_EDGE('',*,*,#3661,.T.);
#5142=ORIENTED_EDGE('',*,*,#3656,.F.);
#5143=ORIENTED_EDGE('',*,*,#3672,.F.);
#5144=ORIENTED_EDGE('',*,*,#3673,.F.);
#5145=ORIENTED_EDGE('',*,*,#3648,.F.);
#5146=ORIENTED_EDGE('',*,*,#3635,.F.);
#5147=ORIENTED_EDGE('',*,*,#3674,.F.);
#5148=ORIENTED_EDGE('',*,*,#3675,.F.);
#5149=ORIENTED_EDGE('',*,*,#3649,.T.);
#5150=ORIENTED_EDGE('',*,*,#3673,.T.);
#5151=ORIENTED_EDGE('',*,*,#3646,.T.);
#5152=ORIENTED_EDGE('',*,*,#3631,.F.);
#5153=ORIENTED_EDGE('',*,*,#3640,.F.);
#5154=ORIENTED_EDGE('',*,*,#3668,.F.);
#5155=ORIENTED_EDGE('',*,*,#3669,.F.);
#5156=ORIENTED_EDGE('',*,*,#3652,.F.);
#5157=ORIENTED_EDGE('',*,*,#3660,.T.);
#5158=ORIENTED_EDGE('',*,*,#3622,.T.);
#5159=ORIENTED_EDGE('',*,*,#3655,.F.);
#5160=ORIENTED_EDGE('',*,*,#3671,.F.);
#5161=ORIENTED_EDGE('',*,*,#3676,.F.);
#5162=ORIENTED_EDGE('',*,*,#3674,.T.);
#5163=ORIENTED_EDGE('',*,*,#3672,.T.);
#5164=ORIENTED_EDGE('',*,*,#3677,.T.);
#5165=ORIENTED_EDGE('',*,*,#3678,.T.);
#5166=ORIENTED_EDGE('',*,*,#3679,.T.);
#5167=ORIENTED_EDGE('',*,*,#3678,.F.);
#5168=ORIENTED_EDGE('',*,*,#3677,.F.);
#5169=ORIENTED_EDGE('',*,*,#3676,.T.);
#5170=ORIENTED_EDGE('',*,*,#3670,.T.);
#5171=ORIENTED_EDGE('',*,*,#3666,.T.);
#5172=ORIENTED_EDGE('',*,*,#3638,.T.);
#5173=ORIENTED_EDGE('',*,*,#3650,.T.);
#5174=ORIENTED_EDGE('',*,*,#3675,.T.);
#5175=ORIENTED_EDGE('',*,*,#3679,.F.);
#5176=ORIENTED_EDGE('',*,*,#3680,.F.);
#5177=ORIENTED_EDGE('',*,*,#3681,.T.);
#5178=ORIENTED_EDGE('',*,*,#3682,.T.);
#5179=ORIENTED_EDGE('',*,*,#3683,.T.);
#5180=ORIENTED_EDGE('',*,*,#3684,.T.);
#5181=ORIENTED_EDGE('',*,*,#3681,.F.);
#5182=ORIENTED_EDGE('',*,*,#3685,.F.);
#5183=ORIENTED_EDGE('',*,*,#3686,.T.);
#5184=ORIENTED_EDGE('',*,*,#3683,.F.);
#5185=ORIENTED_EDGE('',*,*,#3682,.F.);
#5186=ORIENTED_EDGE('',*,*,#3684,.F.);
#5187=ORIENTED_EDGE('',*,*,#3686,.F.);
#5188=ORIENTED_EDGE('',*,*,#3680,.T.);
#5189=ORIENTED_EDGE('',*,*,#3687,.F.);
#5190=ORIENTED_EDGE('',*,*,#3688,.T.);
#5191=ORIENTED_EDGE('',*,*,#3689,.T.);
#5192=ORIENTED_EDGE('',*,*,#3690,.T.);
#5193=ORIENTED_EDGE('',*,*,#3691,.T.);
#5194=ORIENTED_EDGE('',*,*,#3688,.F.);
#5195=ORIENTED_EDGE('',*,*,#3692,.F.);
#5196=ORIENTED_EDGE('',*,*,#3693,.T.);
#5197=ORIENTED_EDGE('',*,*,#3690,.F.);
#5198=ORIENTED_EDGE('',*,*,#3689,.F.);
#5199=ORIENTED_EDGE('',*,*,#3691,.F.);
#5200=ORIENTED_EDGE('',*,*,#3693,.F.);
#5201=ORIENTED_EDGE('',*,*,#3687,.T.);
#5202=ORIENTED_EDGE('',*,*,#3694,.F.);
#5203=ORIENTED_EDGE('',*,*,#3695,.T.);
#5204=ORIENTED_EDGE('',*,*,#3696,.F.);
#5205=ORIENTED_EDGE('',*,*,#3695,.F.);
#5206=ORIENTED_EDGE('',*,*,#3696,.T.);
#5207=ORIENTED_EDGE('',*,*,#3694,.T.);
#5208=ORIENTED_EDGE('',*,*,#3685,.T.);
#5209=ORIENTED_EDGE('',*,*,#3692,.T.);
#5210=ORIENTED_EDGE('',*,*,#3697,.T.);
#5211=ORIENTED_EDGE('',*,*,#3698,.T.);
#5212=ORIENTED_EDGE('',*,*,#3699,.F.);
#5213=ORIENTED_EDGE('',*,*,#3700,.F.);
#5214=ORIENTED_EDGE('',*,*,#3701,.F.);
#5215=ORIENTED_EDGE('',*,*,#3698,.F.);
#5216=ORIENTED_EDGE('',*,*,#3702,.T.);
#5217=ORIENTED_EDGE('',*,*,#3703,.T.);
#5218=ORIENTED_EDGE('',*,*,#3699,.T.);
#5219=ORIENTED_EDGE('',*,*,#3701,.T.);
#5220=ORIENTED_EDGE('',*,*,#3700,.T.);
#5221=ORIENTED_EDGE('',*,*,#3703,.F.);
#5222=ORIENTED_EDGE('',*,*,#3697,.F.);
#5223=ORIENTED_EDGE('',*,*,#3704,.T.);
#5224=ORIENTED_EDGE('',*,*,#3705,.T.);
#5225=ORIENTED_EDGE('',*,*,#3706,.F.);
#5226=ORIENTED_EDGE('',*,*,#3707,.F.);
#5227=ORIENTED_EDGE('',*,*,#3708,.F.);
#5228=ORIENTED_EDGE('',*,*,#3705,.F.);
#5229=ORIENTED_EDGE('',*,*,#3709,.T.);
#5230=ORIENTED_EDGE('',*,*,#3710,.T.);
#5231=ORIENTED_EDGE('',*,*,#3706,.T.);
#5232=ORIENTED_EDGE('',*,*,#3708,.T.);
#5233=ORIENTED_EDGE('',*,*,#3707,.T.);
#5234=ORIENTED_EDGE('',*,*,#3710,.F.);
#5235=ORIENTED_EDGE('',*,*,#3704,.F.);
#5236=ORIENTED_EDGE('',*,*,#3711,.T.);
#5237=ORIENTED_EDGE('',*,*,#3712,.T.);
#5238=ORIENTED_EDGE('',*,*,#3713,.T.);
#5239=ORIENTED_EDGE('',*,*,#3712,.F.);
#5240=ORIENTED_EDGE('',*,*,#3713,.F.);
#5241=ORIENTED_EDGE('',*,*,#3711,.F.);
#5242=ORIENTED_EDGE('',*,*,#3702,.F.);
#5243=ORIENTED_EDGE('',*,*,#3709,.F.);
#5244=CYLINDRICAL_SURFACE('',#5846,1.);
#5245=CYLINDRICAL_SURFACE('',#5849,2.942);
#5246=CYLINDRICAL_SURFACE('',#5858,1.);
#5247=CYLINDRICAL_SURFACE('',#5864,1.375);
#5248=CYLINDRICAL_SURFACE('',#5869,2.1);
#5249=CYLINDRICAL_SURFACE('',#5876,3.5);
#5250=CYLINDRICAL_SURFACE('',#5879,1.375);
#5251=CYLINDRICAL_SURFACE('',#5888,1.2645);
#5252=CYLINDRICAL_SURFACE('',#5892,1.2645);
#5253=CYLINDRICAL_SURFACE('',#5894,1.2645);
#5254=CYLINDRICAL_SURFACE('',#5897,1.2645);
#5255=CYLINDRICAL_SURFACE('',#5900,1.2645);
#5256=CYLINDRICAL_SURFACE('',#5903,1.2645);
#5257=CYLINDRICAL_SURFACE('',#5906,1.2645);
#5258=CYLINDRICAL_SURFACE('',#5909,1.2645);
#5259=CYLINDRICAL_SURFACE('',#5912,1.2645);
#5260=CYLINDRICAL_SURFACE('',#5915,1.2645);
#5261=CYLINDRICAL_SURFACE('',#5924,1.99999999996219);
#5262=CYLINDRICAL_SURFACE('',#5928,2.);
#5263=CYLINDRICAL_SURFACE('',#5931,2.);
#5264=CYLINDRICAL_SURFACE('',#5933,2.);
#5265=CYLINDRICAL_SURFACE('',#5949,2.);
#5266=CYLINDRICAL_SURFACE('',#5950,2.);
#5267=CYLINDRICAL_SURFACE('',#5952,2.);
#5268=CYLINDRICAL_SURFACE('',#5955,1.99999999996219);
#5269=CYLINDRICAL_SURFACE('',#5956,4.);
#5270=CYLINDRICAL_SURFACE('',#5970,1.99999999996219);
#5271=CYLINDRICAL_SURFACE('',#5972,2.);
#5272=CYLINDRICAL_SURFACE('',#5973,2.);
#5273=CYLINDRICAL_SURFACE('',#5975,2.);
#5274=CYLINDRICAL_SURFACE('',#5977,4.);
#5275=CYLINDRICAL_SURFACE('',#5991,2.);
#5276=CYLINDRICAL_SURFACE('',#5992,2.);
#5277=CYLINDRICAL_SURFACE('',#5994,2.);
#5278=CYLINDRICAL_SURFACE('',#5997,1.99999999996219);
#5279=CYLINDRICAL_SURFACE('',#5998,4.);
#5280=CYLINDRICAL_SURFACE('',#6012,2.);
#5281=CYLINDRICAL_SURFACE('',#6013,2.);
#5282=CYLINDRICAL_SURFACE('',#6015,2.);
#5283=CYLINDRICAL_SURFACE('',#6018,1.99999999996219);
#5284=CYLINDRICAL_SURFACE('',#6019,4.);
#5285=CYLINDRICAL_SURFACE('',#6026,0.8115);
#5286=CYLINDRICAL_SURFACE('',#6029,0.8115);
#5287=CYLINDRICAL_SURFACE('',#6032,1.99999999996219);
#5288=CYLINDRICAL_SURFACE('',#6036,2.);
#5289=CYLINDRICAL_SURFACE('',#6039,2.);
#5290=CYLINDRICAL_SURFACE('',#6041,2.);
#5291=CYLINDRICAL_SURFACE('',#6046,4.);
#5292=CYLINDRICAL_SURFACE('',#6049,2.55);
#5293=CYLINDRICAL_SURFACE('',#6053,1.9);
#5294=CYLINDRICAL_SURFACE('',#6057,1.90000000000005);
#5295=CYLINDRICAL_SURFACE('',#6061,1.9);
#5296=CYLINDRICAL_SURFACE('',#6065,1.9);
#5297=CYLINDRICAL_SURFACE('',#6069,1.90000000000004);
#5298=CYLINDRICAL_SURFACE('',#6073,1.9);
#5299=CYLINDRICAL_SURFACE('',#6076,1.);
#5300=CYLINDRICAL_SURFACE('',#6080,1.);
#5301=CYLINDRICAL_SURFACE('',#6091,2.);
#5302=CYLINDRICAL_SURFACE('',#6094,2.);
#5303=CYLINDRICAL_SURFACE('',#6102,1.05);
#5304=CYLINDRICAL_SURFACE('',#6103,1.05);
#5305=CYLINDRICAL_SURFACE('',#6104,1.05);
#5306=CYLINDRICAL_SURFACE('',#6105,1.05);
#5307=CYLINDRICAL_SURFACE('',#6108,1.9);
#5308=CYLINDRICAL_SURFACE('',#6112,1.90000000000005);
#5309=CYLINDRICAL_SURFACE('',#6116,1.9);
#5310=CYLINDRICAL_SURFACE('',#6120,1.9);
#5311=CYLINDRICAL_SURFACE('',#6124,1.90000000000004);
#5312=CYLINDRICAL_SURFACE('',#6128,1.9);
#5313=CYLINDRICAL_SURFACE('',#6131,1.);
#5314=CYLINDRICAL_SURFACE('',#6135,1.);
#5315=CYLINDRICAL_SURFACE('',#6146,2.);
#5316=CYLINDRICAL_SURFACE('',#6149,2.);
#5317=CYLINDRICAL_SURFACE('',#6157,1.05);
#5318=CYLINDRICAL_SURFACE('',#6158,1.05);
#5319=CYLINDRICAL_SURFACE('',#6159,1.05);
#5320=CYLINDRICAL_SURFACE('',#6160,1.05);
#5321=CYLINDRICAL_SURFACE('',#6167,2.942);
#5322=CYLINDRICAL_SURFACE('',#6177,1.);
#5323=CYLINDRICAL_SURFACE('',#6181,0.2);
#5324=CYLINDRICAL_SURFACE('',#6183,2.5);
#5325=CYLINDRICAL_SURFACE('',#6217,1.);
#5326=CYLINDRICAL_SURFACE('',#6219,2.942);
#5327=CYLINDRICAL_SURFACE('',#6238,4.);
#5328=CYLINDRICAL_SURFACE('',#6254,4.);
#5329=CYLINDRICAL_SURFACE('',#6278,7.50481373141629);
#5330=CYLINDRICAL_SURFACE('',#6310,7.50481373141629);
#5331=CYLINDRICAL_SURFACE('',#6311,7.50481373141629);
#5332=CYLINDRICAL_SURFACE('',#6314,0.8115);
#5333=CYLINDRICAL_SURFACE('',#6317,0.8115);
#5334=CYLINDRICAL_SURFACE('',#6318,2.5175);
#5335=CYLINDRICAL_SURFACE('',#6321,1.2645);
#5336=CYLINDRICAL_SURFACE('',#6324,1.2645);
#5337=CYLINDRICAL_SURFACE('',#6325,1.2645);
#5338=CYLINDRICAL_SURFACE('',#6326,1.2645);
#5339=CYLINDRICAL_SURFACE('',#6327,1.2645);
#5340=CYLINDRICAL_SURFACE('',#6328,1.2645);
#5341=CYLINDRICAL_SURFACE('',#6329,1.2645);
#5342=CYLINDRICAL_SURFACE('',#6330,1.2645);
#5343=CYLINDRICAL_SURFACE('',#6331,1.2645);
#5344=CYLINDRICAL_SURFACE('',#6332,1.2645);
#5345=CYLINDRICAL_SURFACE('',#6333,7.50481373141629);
#5346=CYLINDRICAL_SURFACE('',#6334,3.);
#5347=CYLINDRICAL_SURFACE('',#6335,3.);
#5348=CYLINDRICAL_SURFACE('',#6356,1.4635);
#5349=CYLINDRICAL_SURFACE('',#6367,1.89999999999999);
#5350=CYLINDRICAL_SURFACE('',#6381,0.96675);
#5351=CYLINDRICAL_SURFACE('',#6407,0.499999999999998);
#5352=CYLINDRICAL_SURFACE('',#6408,0.5);
#5353=CYLINDRICAL_SURFACE('',#6415,1.4635);
#5354=CYLINDRICAL_SURFACE('',#6435,3.);
#5355=CYLINDRICAL_SURFACE('',#6454,3.);
#5356=ADVANCED_FACE('',(#597),#5244,.F.);
#5357=ADVANCED_FACE('',(#598),#5245,.T.);
#5358=ADVANCED_FACE('',(#599,#334),#436,.T.);
#5359=ADVANCED_FACE('',(#600,#335),#437,.F.);
#5360=ADVANCED_FACE('',(#601),#237,.F.);
#5361=ADVANCED_FACE('',(#602),#5246,.F.);
#5362=ADVANCED_FACE('',(#603,#336),#438,.F.);
#5363=ADVANCED_FACE('',(#604,#337),#439,.T.);
#5364=ADVANCED_FACE('',(#605),#5247,.T.);
#5365=ADVANCED_FACE('',(#606),#238,.F.);
#5366=ADVANCED_FACE('',(#607),#5248,.F.);
#5367=ADVANCED_FACE('',(#608,#338),#440,.F.);
#5368=ADVANCED_FACE('',(#609),#239,.T.);
#5369=ADVANCED_FACE('',(#610),#5249,.T.);
#5370=ADVANCED_FACE('',(#611,#339),#441,.T.);
#5371=ADVANCED_FACE('',(#612),#5250,.F.);
#5372=ADVANCED_FACE('',(#613,#340),#442,.F.);
#5373=ADVANCED_FACE('',(#614),#240,.F.);
#5374=ADVANCED_FACE('',(#615),#5251,.F.);
#5375=ADVANCED_FACE('',(#616),#241,.F.);
#5376=ADVANCED_FACE('',(#617),#5252,.F.);
#5377=ADVANCED_FACE('',(#618),#5253,.F.);
#5378=ADVANCED_FACE('',(#619),#5254,.F.);
#5379=ADVANCED_FACE('',(#620),#5255,.F.);
#5380=ADVANCED_FACE('',(#621),#5256,.F.);
#5381=ADVANCED_FACE('',(#622),#5257,.F.);
#5382=ADVANCED_FACE('',(#623),#5258,.F.);
#5383=ADVANCED_FACE('',(#624),#5259,.F.);
#5384=ADVANCED_FACE('',(#625),#5260,.F.);
#5385=ADVANCED_FACE('',(#626,#341,#342,#343,#344,#345),#443,.F.);
#5386=ADVANCED_FACE('',(#627),#5261,.T.);
#5387=ADVANCED_FACE('',(#628),#444,.T.);
#5388=ADVANCED_FACE('',(#629),#445,.T.);
#5389=ADVANCED_FACE('',(#630),#5262,.T.);
#5390=ADVANCED_FACE('',(#631),#446,.T.);
#5391=ADVANCED_FACE('',(#632),#5263,.T.);
#5392=ADVANCED_FACE('',(#633),#5264,.T.);
#5393=ADVANCED_FACE('',(#634),#447,.T.);
#5394=ADVANCED_FACE('',(#635,#346,#347,#348,#349,#350),#448,.F.);
#5395=ADVANCED_FACE('',(#636,#351,#352,#353,#354,#355),#449,.F.);
#5396=ADVANCED_FACE('',(#637),#450,.T.);
#5397=ADVANCED_FACE('',(#638),#5265,.T.);
#5398=ADVANCED_FACE('',(#639),#5266,.T.);
#5399=ADVANCED_FACE('',(#640),#451,.T.);
#5400=ADVANCED_FACE('',(#641),#5267,.T.);
#5401=ADVANCED_FACE('',(#642),#452,.T.);
#5402=ADVANCED_FACE('',(#643),#453,.T.);
#5403=ADVANCED_FACE('',(#644),#5268,.T.);
#5404=ADVANCED_FACE('',(#645),#5269,.T.);
#5405=ADVANCED_FACE('',(#646,#356),#454,.F.);
#5406=ADVANCED_FACE('',(#647,#357),#455,.F.);
#5407=ADVANCED_FACE('',(#648),#456,.T.);
#5408=ADVANCED_FACE('',(#649),#5270,.T.);
#5409=ADVANCED_FACE('',(#650),#457,.T.);
#5410=ADVANCED_FACE('',(#651),#5271,.T.);
#5411=ADVANCED_FACE('',(#652),#5272,.T.);
#5412=ADVANCED_FACE('',(#653),#458,.T.);
#5413=ADVANCED_FACE('',(#654),#5273,.T.);
#5414=ADVANCED_FACE('',(#655),#459,.T.);
#5415=ADVANCED_FACE('',(#656),#5274,.T.);
#5416=ADVANCED_FACE('',(#657,#358),#460,.F.);
#5417=ADVANCED_FACE('',(#658,#359),#461,.F.);
#5418=ADVANCED_FACE('',(#659),#462,.T.);
#5419=ADVANCED_FACE('',(#660),#5275,.T.);
#5420=ADVANCED_FACE('',(#661),#5276,.T.);
#5421=ADVANCED_FACE('',(#662),#463,.T.);
#5422=ADVANCED_FACE('',(#663),#5277,.T.);
#5423=ADVANCED_FACE('',(#664),#464,.T.);
#5424=ADVANCED_FACE('',(#665),#465,.T.);
#5425=ADVANCED_FACE('',(#666),#5278,.T.);
#5426=ADVANCED_FACE('',(#667),#5279,.T.);
#5427=ADVANCED_FACE('',(#668,#360),#466,.F.);
#5428=ADVANCED_FACE('',(#669,#361),#467,.F.);
#5429=ADVANCED_FACE('',(#670),#468,.T.);
#5430=ADVANCED_FACE('',(#671),#5280,.T.);
#5431=ADVANCED_FACE('',(#672),#5281,.T.);
#5432=ADVANCED_FACE('',(#673),#469,.T.);
#5433=ADVANCED_FACE('',(#674),#5282,.T.);
#5434=ADVANCED_FACE('',(#675),#470,.T.);
#5435=ADVANCED_FACE('',(#676),#471,.T.);
#5436=ADVANCED_FACE('',(#677),#5283,.T.);
#5437=ADVANCED_FACE('',(#678),#5284,.T.);
#5438=ADVANCED_FACE('',(#679,#362),#472,.F.);
#5439=ADVANCED_FACE('',(#680),#5285,.F.);
#5440=ADVANCED_FACE('',(#681),#5286,.F.);
#5441=ADVANCED_FACE('',(#682),#5287,.T.);
#5442=ADVANCED_FACE('',(#683,#363),#473,.T.);
#5443=ADVANCED_FACE('',(#684,#364,#365),#474,.T.);
#5444=ADVANCED_FACE('',(#685),#5288,.T.);
#5445=ADVANCED_FACE('',(#686,#366,#367),#475,.T.);
#5446=ADVANCED_FACE('',(#687),#5289,.T.);
#5447=ADVANCED_FACE('',(#688),#5290,.T.);
#5448=ADVANCED_FACE('',(#689,#368),#476,.T.);
#5449=ADVANCED_FACE('',(#690,#369,#370,#371,#372,#373),#477,.T.);
#5450=ADVANCED_FACE('',(#691),#5291,.T.);
#5451=ADVANCED_FACE('',(#692,#374),#478,.F.);
#5452=ADVANCED_FACE('',(#693),#5292,.F.);
#5453=ADVANCED_FACE('',(#694),#479,.F.);
#5454=ADVANCED_FACE('',(#695),#5293,.T.);
#5455=ADVANCED_FACE('',(#696),#480,.F.);
#5456=ADVANCED_FACE('',(#697),#5294,.T.);
#5457=ADVANCED_FACE('',(#698),#481,.F.);
#5458=ADVANCED_FACE('',(#699),#5295,.T.);
#5459=ADVANCED_FACE('',(#700),#482,.F.);
#5460=ADVANCED_FACE('',(#701),#5296,.T.);
#5461=ADVANCED_FACE('',(#702),#483,.F.);
#5462=ADVANCED_FACE('',(#703),#5297,.T.);
#5463=ADVANCED_FACE('',(#704),#484,.F.);
#5464=ADVANCED_FACE('',(#705),#5298,.T.);
#5465=ADVANCED_FACE('',(#706),#5299,.F.);
#5466=ADVANCED_FACE('',(#707),#485,.T.);
#5467=ADVANCED_FACE('',(#708),#5300,.F.);
#5468=ADVANCED_FACE('',(#709),#486,.T.);
#5469=ADVANCED_FACE('',(#710,#375,#376,#377,#378,#379),#487,.T.);
#5470=ADVANCED_FACE('',(#711),#5301,.F.);
#5471=ADVANCED_FACE('',(#712),#488,.T.);
#5472=ADVANCED_FACE('',(#713),#5302,.F.);
#5473=ADVANCED_FACE('',(#714),#489,.T.);
#5474=ADVANCED_FACE('',(#715,#380,#381,#382,#383,#384),#490,.F.);
#5475=ADVANCED_FACE('',(#716),#5303,.F.);
#5476=ADVANCED_FACE('',(#717),#5304,.F.);
#5477=ADVANCED_FACE('',(#718),#5305,.F.);
#5478=ADVANCED_FACE('',(#719),#5306,.F.);
#5479=ADVANCED_FACE('',(#720),#491,.F.);
#5480=ADVANCED_FACE('',(#721),#5307,.T.);
#5481=ADVANCED_FACE('',(#722),#492,.F.);
#5482=ADVANCED_FACE('',(#723),#5308,.T.);
#5483=ADVANCED_FACE('',(#724),#493,.F.);
#5484=ADVANCED_FACE('',(#725),#5309,.T.);
#5485=ADVANCED_FACE('',(#726),#494,.F.);
#5486=ADVANCED_FACE('',(#727),#5310,.T.);
#5487=ADVANCED_FACE('',(#728),#495,.F.);
#5488=ADVANCED_FACE('',(#729),#5311,.T.);
#5489=ADVANCED_FACE('',(#730),#496,.F.);
#5490=ADVANCED_FACE('',(#731),#5312,.T.);
#5491=ADVANCED_FACE('',(#732),#5313,.F.);
#5492=ADVANCED_FACE('',(#733),#497,.T.);
#5493=ADVANCED_FACE('',(#734),#5314,.F.);
#5494=ADVANCED_FACE('',(#735),#498,.T.);
#5495=ADVANCED_FACE('',(#736,#385,#386,#387,#388,#389),#499,.T.);
#5496=ADVANCED_FACE('',(#737),#5315,.F.);
#5497=ADVANCED_FACE('',(#738),#500,.T.);
#5498=ADVANCED_FACE('',(#739),#5316,.F.);
#5499=ADVANCED_FACE('',(#740),#501,.T.);
#5500=ADVANCED_FACE('',(#741,#390,#391,#392,#393,#394),#502,.F.);
#5501=ADVANCED_FACE('',(#742),#5317,.F.);
#5502=ADVANCED_FACE('',(#743),#5318,.F.);
#5503=ADVANCED_FACE('',(#744),#5319,.F.);
#5504=ADVANCED_FACE('',(#745),#5320,.F.);
#5505=ADVANCED_FACE('',(#746),#242,.T.);
#5506=ADVANCED_FACE('',(#747),#5321,.T.);
#5507=ADVANCED_FACE('',(#748,#395),#503,.T.);
#5508=ADVANCED_FACE('',(#749),#243,.T.);
#5509=ADVANCED_FACE('',(#750,#396),#504,.F.);
#5510=ADVANCED_FACE('',(#751),#244,.F.);
#5511=ADVANCED_FACE('',(#752),#5322,.F.);
#5512=ADVANCED_FACE('',(#753),#245,.F.);
#5513=ADVANCED_FACE('',(#754),#5323,.F.);
#5514=ADVANCED_FACE('',(#755),#5324,.T.);
#5515=ADVANCED_FACE('',(#756,#397),#505,.F.);
#5516=ADVANCED_FACE('',(#757),#246,.T.);
#5517=ADVANCED_FACE('',(#758),#506,.T.);
#5518=ADVANCED_FACE('',(#759),#507,.T.);
#5519=ADVANCED_FACE('',(#760),#508,.T.);
#5520=ADVANCED_FACE('',(#761),#509,.T.);
#5521=ADVANCED_FACE('',(#762),#510,.T.);
#5522=ADVANCED_FACE('',(#763),#511,.T.);
#5523=ADVANCED_FACE('',(#764,#398),#512,.T.);
#5524=ADVANCED_FACE('',(#765,#399),#513,.F.);
#5525=ADVANCED_FACE('',(#766),#514,.F.);
#5526=ADVANCED_FACE('',(#767),#515,.F.);
#5527=ADVANCED_FACE('',(#768),#516,.F.);
#5528=ADVANCED_FACE('',(#769),#517,.F.);
#5529=ADVANCED_FACE('',(#770),#518,.F.);
#5530=ADVANCED_FACE('',(#771),#519,.F.);
#5531=ADVANCED_FACE('',(#772),#520,.F.);
#5532=ADVANCED_FACE('',(#773),#521,.F.);
#5533=ADVANCED_FACE('',(#774),#522,.F.);
#5534=ADVANCED_FACE('',(#775),#523,.F.);
#5535=ADVANCED_FACE('',(#776),#524,.F.);
#5536=ADVANCED_FACE('',(#777),#525,.F.);
#5537=ADVANCED_FACE('',(#778),#5325,.F.);
#5538=ADVANCED_FACE('',(#779),#5326,.T.);
#5539=ADVANCED_FACE('',(#780,#400),#526,.T.);
#5540=ADVANCED_FACE('',(#781,#401),#527,.F.);
#5541=ADVANCED_FACE('',(#782),#105,.T.);
#5542=ADVANCED_FACE('',(#783),#106,.T.);
#5543=ADVANCED_FACE('',(#784),#107,.T.);
#5544=ADVANCED_FACE('',(#785),#108,.T.);
#5545=ADVANCED_FACE('',(#786),#109,.T.);
#5546=ADVANCED_FACE('',(#787),#110,.T.);
#5547=ADVANCED_FACE('',(#788),#528,.T.);
#5548=ADVANCED_FACE('',(#789),#5327,.T.);
#5549=ADVANCED_FACE('',(#790),#111,.T.);
#5550=ADVANCED_FACE('',(#791),#112,.T.);
#5551=ADVANCED_FACE('',(#792),#113,.T.);
#5552=ADVANCED_FACE('',(#793),#114,.T.);
#5553=ADVANCED_FACE('',(#794),#115,.T.);
#5554=ADVANCED_FACE('',(#795),#116,.T.);
#5555=ADVANCED_FACE('',(#796),#529,.T.);
#5556=ADVANCED_FACE('',(#797),#5328,.T.);
#5557=ADVANCED_FACE('',(#798),#117,.T.);
#5558=ADVANCED_FACE('',(#799),#118,.T.);
#5559=ADVANCED_FACE('',(#800),#119,.T.);
#5560=ADVANCED_FACE('',(#801),#120,.T.);
#5561=ADVANCED_FACE('',(#802),#121,.T.);
#5562=ADVANCED_FACE('',(#803),#122,.T.);
#5563=ADVANCED_FACE('',(#804),#530,.T.);
#5564=ADVANCED_FACE('',(#805),#123,.T.);
#5565=ADVANCED_FACE('',(#806),#124,.T.);
#5566=ADVANCED_FACE('',(#807),#125,.T.);
#5567=ADVANCED_FACE('',(#808),#126,.T.);
#5568=ADVANCED_FACE('',(#809),#127,.T.);
#5569=ADVANCED_FACE('',(#810),#128,.T.);
#5570=ADVANCED_FACE('',(#811),#5329,.F.);
#5571=ADVANCED_FACE('',(#812),#531,.T.);
#5572=ADVANCED_FACE('',(#813),#532,.T.);
#5573=ADVANCED_FACE('',(#814),#533,.T.);
#5574=ADVANCED_FACE('',(#815),#534,.T.);
#5575=ADVANCED_FACE('',(#816),#535,.T.);
#5576=ADVANCED_FACE('',(#817,#402,#403,#404,#405,#406,#407),#536,.T.);
#5577=ADVANCED_FACE('',(#818,#408,#409,#410,#411,#412,#413),#537,.T.);
#5578=ADVANCED_FACE('',(#819),#538,.T.);
#5579=ADVANCED_FACE('',(#820),#539,.T.);
#5580=ADVANCED_FACE('',(#821),#540,.T.);
#5581=ADVANCED_FACE('',(#822),#541,.T.);
#5582=ADVANCED_FACE('',(#823,#414,#415,#416),#542,.F.);
#5583=ADVANCED_FACE('',(#824,#417,#418,#419),#543,.T.);
#5584=ADVANCED_FACE('',(#825),#5330,.F.);
#5585=ADVANCED_FACE('',(#826),#5331,.F.);
#5586=ADVANCED_FACE('',(#827),#247,.F.);
#5587=ADVANCED_FACE('',(#828),#5332,.F.);
#5588=ADVANCED_FACE('',(#829),#248,.F.);
#5589=ADVANCED_FACE('',(#830),#5333,.F.);
#5590=ADVANCED_FACE('',(#831),#5334,.F.);
#5591=ADVANCED_FACE('',(#832),#249,.F.);
#5592=ADVANCED_FACE('',(#833),#5335,.F.);
#5593=ADVANCED_FACE('',(#834),#250,.F.);
#5594=ADVANCED_FACE('',(#835),#5336,.F.);
#5595=ADVANCED_FACE('',(#836),#5337,.F.);
#5596=ADVANCED_FACE('',(#837),#5338,.F.);
#5597=ADVANCED_FACE('',(#838),#5339,.F.);
#5598=ADVANCED_FACE('',(#839),#5340,.F.);
#5599=ADVANCED_FACE('',(#840),#5341,.F.);
#5600=ADVANCED_FACE('',(#841),#5342,.F.);
#5601=ADVANCED_FACE('',(#842),#5343,.F.);
#5602=ADVANCED_FACE('',(#843),#5344,.F.);
#5603=ADVANCED_FACE('',(#844),#5345,.F.);
#5604=ADVANCED_FACE('',(#845,#420,#421,#422,#423),#5346,.F.);
#5605=ADVANCED_FACE('',(#846,#424,#425,#426,#427),#5347,.F.);
#5606=ADVANCED_FACE('',(#847),#251,.T.);
#5607=ADVANCED_FACE('',(#848),#252,.T.);
#5608=ADVANCED_FACE('',(#849),#544,.F.);
#5609=ADVANCED_FACE('',(#850),#545,.F.);
#5610=ADVANCED_FACE('',(#851),#546,.F.);
#5611=ADVANCED_FACE('',(#852),#547,.F.);
#5612=ADVANCED_FACE('',(#853),#548,.F.);
#5613=ADVANCED_FACE('',(#854),#549,.F.);
#5614=ADVANCED_FACE('',(#855),#550,.F.);
#5615=ADVANCED_FACE('',(#856),#551,.F.);
#5616=ADVANCED_FACE('',(#857),#552,.F.);
#5617=ADVANCED_FACE('',(#858),#553,.F.);
#5618=ADVANCED_FACE('',(#859),#554,.F.);
#5619=ADVANCED_FACE('',(#860),#555,.F.);
#5620=ADVANCED_FACE('',(#861,#428),#556,.T.);
#5621=ADVANCED_FACE('',(#862),#5348,.T.);
#5622=ADVANCED_FACE('',(#863),#557,.T.);
#5623=ADVANCED_FACE('',(#864),#253,.T.);
#5624=ADVANCED_FACE('',(#865),#22,.T.);
#5625=ADVANCED_FACE('',(#866,#429),#558,.T.);
#5626=ADVANCED_FACE('',(#867),#5349,.T.);
#5627=ADVANCED_FACE('',(#868),#559,.F.);
#5628=ADVANCED_FACE('',(#869),#560,.F.);
#5629=ADVANCED_FACE('',(#870),#561,.F.);
#5630=ADVANCED_FACE('',(#871),#562,.F.);
#5631=ADVANCED_FACE('',(#872),#563,.F.);
#5632=ADVANCED_FACE('',(#873),#564,.F.);
#5633=ADVANCED_FACE('',(#874),#565,.F.);
#5634=ADVANCED_FACE('',(#875),#566,.F.);
#5635=ADVANCED_FACE('',(#876),#567,.F.);
#5636=ADVANCED_FACE('',(#877),#568,.F.);
#5637=ADVANCED_FACE('',(#878),#569,.F.);
#5638=ADVANCED_FACE('',(#879),#570,.F.);
#5639=ADVANCED_FACE('',(#880),#5350,.T.);
#5640=ADVANCED_FACE('',(#881),#571,.T.);
#5641=ADVANCED_FACE('',(#882,#430),#572,.T.);
#5642=ADVANCED_FACE('',(#883),#573,.F.);
#5643=ADVANCED_FACE('',(#884),#574,.F.);
#5644=ADVANCED_FACE('',(#885),#575,.F.);
#5645=ADVANCED_FACE('',(#886),#576,.F.);
#5646=ADVANCED_FACE('',(#887),#129,.F.);
#5647=ADVANCED_FACE('',(#888),#130,.F.);
#5648=ADVANCED_FACE('',(#889),#577,.F.);
#5649=ADVANCED_FACE('',(#890),#23,.F.);
#5650=ADVANCED_FACE('',(#891),#578,.F.);
#5651=ADVANCED_FACE('',(#892),#131,.F.);
#5652=ADVANCED_FACE('',(#893),#132,.F.);
#5653=ADVANCED_FACE('',(#894),#24,.F.);
#5654=ADVANCED_FACE('',(#895),#579,.F.);
#5655=ADVANCED_FACE('',(#896),#580,.F.);
#5656=ADVANCED_FACE('',(#897),#5351,.T.);
#5657=ADVANCED_FACE('',(#898),#5352,.T.);
#5658=ADVANCED_FACE('',(#899),#581,.F.);
#5659=ADVANCED_FACE('',(#900),#582,.F.);
#5660=ADVANCED_FACE('',(#901),#583,.F.);
#5661=ADVANCED_FACE('',(#902),#584,.F.);
#5662=ADVANCED_FACE('',(#903),#585,.F.);
#5663=ADVANCED_FACE('',(#904),#586,.F.);
#5664=ADVANCED_FACE('',(#905),#5353,.T.);
#5665=ADVANCED_FACE('',(#906),#587,.F.);
#5666=ADVANCED_FACE('',(#907,#431),#588,.T.);
#5667=ADVANCED_FACE('',(#908),#14,.F.);
#5668=ADVANCED_FACE('',(#909),#15,.T.);
#5669=ADVANCED_FACE('',(#910),#589,.T.);
#5670=ADVANCED_FACE('',(#911),#16,.F.);
#5671=ADVANCED_FACE('',(#912),#17,.T.);
#5672=ADVANCED_FACE('',(#913),#590,.T.);
#5673=ADVANCED_FACE('',(#914),#5354,.T.);
#5674=ADVANCED_FACE('',(#915),#591,.T.);
#5675=ADVANCED_FACE('',(#916,#432,#433),#592,.F.);
#5676=ADVANCED_FACE('',(#917),#18,.T.);
#5677=ADVANCED_FACE('',(#918),#19,.F.);
#5678=ADVANCED_FACE('',(#919),#593,.F.);
#5679=ADVANCED_FACE('',(#920),#20,.T.);
#5680=ADVANCED_FACE('',(#921),#21,.F.);
#5681=ADVANCED_FACE('',(#922),#594,.F.);
#5682=ADVANCED_FACE('',(#923),#5355,.T.);
#5683=ADVANCED_FACE('',(#924),#595,.F.);
#5684=ADVANCED_FACE('',(#925,#434,#435),#596,.T.);
#5685=CLOSED_SHELL('',(#5356,#5357,#5358,#5359));
#5686=CLOSED_SHELL('',(#5360,#5361,#5362,#5363,#5364));
#5687=CLOSED_SHELL('',(#5365,#5366,#5367,#5368,#5369,#5370,#5371,#5372));
#5688=CLOSED_SHELL('',(#5373,#5374,#5375,#5376,#5377,#5378,#5379,#5380,
#5381,#5382,#5383,#5384,#5385,#5386,#5387,#5388,#5389,#5390,#5391,#5392,
#5393,#5394,#5395,#5396,#5397,#5398,#5399,#5400,#5401,#5402,#5403,#5404,
#5405,#5406,#5407,#5408,#5409,#5410,#5411,#5412,#5413,#5414,#5415,#5416,
#5417,#5418,#5419,#5420,#5421,#5422,#5423,#5424,#5425,#5426,#5427,#5428,
#5429,#5430,#5431,#5432,#5433,#5434,#5435,#5436,#5437,#5438,#5439,#5440,
#5441,#5442,#5443,#5444,#5445,#5446,#5447,#5448,#5449,#5450,#5451,#5452));
#5689=CLOSED_SHELL('',(#5453,#5454,#5455,#5456,#5457,#5458,#5459,#5460,
#5461,#5462,#5463,#5464,#5465,#5466,#5467,#5468,#5469,#5470,#5471,#5472,
#5473,#5474,#5475,#5476,#5477,#5478));
#5690=CLOSED_SHELL('',(#5479,#5480,#5481,#5482,#5483,#5484,#5485,#5486,
#5487,#5488,#5489,#5490,#5491,#5492,#5493,#5494,#5495,#5496,#5497,#5498,
#5499,#5500,#5501,#5502,#5503,#5504));
#5691=CLOSED_SHELL('',(#5505,#5506,#5507,#5508,#5509,#5510,#5511,#5512,
#5513,#5514,#5515,#5516,#5517,#5518,#5519,#5520,#5521,#5522,#5523,#5524));
#5692=CLOSED_SHELL('',(#5525,#5526,#5527,#5528,#5529,#5530,#5531,#5532,
#5533,#5534,#5535,#5536,#5537,#5538,#5539,#5540));
#5693=CLOSED_SHELL('',(#5541,#5542,#5543,#5544,#5545,#5546,#5547,#5548,
#5549,#5550,#5551,#5552,#5553,#5554,#5555,#5556,#5557,#5558,#5559,#5560,
#5561,#5562,#5563,#5564,#5565,#5566,#5567,#5568,#5569,#5570,#5571,#5572,
#5573,#5574,#5575,#5576,#5577,#5578,#5579,#5580,#5581,#5582,#5583,#5584,
#5585,#5586,#5587,#5588,#5589,#5590,#5591,#5592,#5593,#5594,#5595,#5596,
#5597,#5598,#5599,#5600,#5601,#5602,#5603,#5604,#5605));
#5694=CLOSED_SHELL('',(#5606,#5607,#5608,#5609,#5610,#5611,#5612,#5613,
#5614,#5615,#5616,#5617,#5618,#5619,#5620,#5621,#5622));
#5695=CLOSED_SHELL('',(#5623,#5624,#5625,#5626,#5627,#5628,#5629,#5630,
#5631,#5632,#5633,#5634,#5635,#5636,#5637,#5638,#5639,#5640,#5641));
#5696=CLOSED_SHELL('',(#5642,#5643,#5644,#5645,#5646,#5647,#5648,#5649,
#5650,#5651,#5652,#5653,#5654,#5655,#5656,#5657,#5658,#5659,#5660,#5661,
#5662,#5663,#5664,#5665,#5666));
#5697=CLOSED_SHELL('',(#5667,#5668,#5669,#5670,#5671,#5672,#5673,#5674,
#5675));
#5698=CLOSED_SHELL('',(#5676,#5677,#5678,#5679,#5680,#5681,#5682,#5683,
#5684));
#5699=DERIVED_UNIT_ELEMENT(#5725,1.);
#5700=DERIVED_UNIT_ELEMENT(#11985,-3.);
#5701=DERIVED_UNIT_ELEMENT(#5725,1.);
#5702=DERIVED_UNIT_ELEMENT(#11985,-3.);
#5703=DERIVED_UNIT_ELEMENT(#5725,1.);
#5704=DERIVED_UNIT_ELEMENT(#11985,-3.);
#5705=DERIVED_UNIT_ELEMENT(#5725,1.);
#5706=DERIVED_UNIT_ELEMENT(#11985,-3.);
#5707=DERIVED_UNIT_ELEMENT(#5725,1.);
#5708=DERIVED_UNIT_ELEMENT(#11985,-3.);
#5709=DERIVED_UNIT_ELEMENT(#5725,1.);
#5710=DERIVED_UNIT_ELEMENT(#11985,-3.);
#5711=DERIVED_UNIT_ELEMENT(#5725,1.);
#5712=DERIVED_UNIT_ELEMENT(#11985,-3.);
#5713=DERIVED_UNIT_ELEMENT(#5725,1.);
#5714=DERIVED_UNIT_ELEMENT(#11985,-3.);
#5715=DERIVED_UNIT_ELEMENT(#5725,1.);
#5716=DERIVED_UNIT_ELEMENT(#11985,-3.);
#5717=DERIVED_UNIT_ELEMENT(#5725,1.);
#5718=DERIVED_UNIT_ELEMENT(#11985,-3.);
#5719=DERIVED_UNIT_ELEMENT(#5725,1.);
#5720=DERIVED_UNIT_ELEMENT(#11985,-3.);
#5721=DERIVED_UNIT_ELEMENT(#5725,1.);
#5722=DERIVED_UNIT_ELEMENT(#11985,-3.);
#5723=DERIVED_UNIT_ELEMENT(#5725,1.);
#5724=DERIVED_UNIT_ELEMENT(#11985,-3.);
#5725=(
MASS_UNIT()
NAMED_UNIT(*)
SI_UNIT(.KILO.,.GRAM.)
);
#5726=DERIVED_UNIT((#5699,#5700));
#5727=DERIVED_UNIT((#5701,#5702));
#5728=DERIVED_UNIT((#5703,#5704));
#5729=DERIVED_UNIT((#5705,#5706));
#5730=DERIVED_UNIT((#5707,#5708));
#5731=DERIVED_UNIT((#5709,#5710));
#5732=DERIVED_UNIT((#5711,#5712));
#5733=DERIVED_UNIT((#5713,#5714));
#5734=DERIVED_UNIT((#5715,#5716));
#5735=DERIVED_UNIT((#5717,#5718));
#5736=DERIVED_UNIT((#5719,#5720));
#5737=DERIVED_UNIT((#5721,#5722));
#5738=DERIVED_UNIT((#5723,#5724));
#5739=MEASURE_REPRESENTATION_ITEM('density measure',
POSITIVE_RATIO_MEASURE(7850.),#5726);
#5740=MEASURE_REPRESENTATION_ITEM('density measure',
POSITIVE_RATIO_MEASURE(7850.),#5727);
#5741=MEASURE_REPRESENTATION_ITEM('density measure',
POSITIVE_RATIO_MEASURE(7850.),#5728);
#5742=MEASURE_REPRESENTATION_ITEM('density measure',
POSITIVE_RATIO_MEASURE(2700.),#5729);
#5743=MEASURE_REPRESENTATION_ITEM('density measure',
POSITIVE_RATIO_MEASURE(7850.),#5730);
#5744=MEASURE_REPRESENTATION_ITEM('density measure',
POSITIVE_RATIO_MEASURE(7850.),#5731);
#5745=MEASURE_REPRESENTATION_ITEM('density measure',
POSITIVE_RATIO_MEASURE(1060.),#5732);
#5746=MEASURE_REPRESENTATION_ITEM('density measure',
POSITIVE_RATIO_MEASURE(7850.),#5733);
#5747=MEASURE_REPRESENTATION_ITEM('density measure',
POSITIVE_RATIO_MEASURE(2700.),#5734);
#5748=MEASURE_REPRESENTATION_ITEM('density measure',
POSITIVE_RATIO_MEASURE(7750.),#5735);
#5749=MEASURE_REPRESENTATION_ITEM('density measure',
POSITIVE_RATIO_MEASURE(7750.),#5736);
#5750=MEASURE_REPRESENTATION_ITEM('density measure',
POSITIVE_RATIO_MEASURE(8490.),#5737);
#5751=MEASURE_REPRESENTATION_ITEM('density measure',
POSITIVE_RATIO_MEASURE(8000.),#5738);
#5752=PROPERTY_DEFINITION_REPRESENTATION(#5817,#5778);
#5753=PROPERTY_DEFINITION_REPRESENTATION(#5818,#5779);
#5754=PROPERTY_DEFINITION_REPRESENTATION(#5819,#5780);
#5755=PROPERTY_DEFINITION_REPRESENTATION(#5820,#5781);
#5756=PROPERTY_DEFINITION_REPRESENTATION(#5821,#5782);
#5757=PROPERTY_DEFINITION_REPRESENTATION(#5822,#5783);
#5758=PROPERTY_DEFINITION_REPRESENTATION(#5823,#5784);
#5759=PROPERTY_DEFINITION_REPRESENTATION(#5824,#5785);
#5760=PROPERTY_DEFINITION_REPRESENTATION(#5825,#5786);
#5761=PROPERTY_DEFINITION_REPRESENTATION(#5826,#5787);
#5762=PROPERTY_DEFINITION_REPRESENTATION(#5827,#5788);
#5763=PROPERTY_DEFINITION_REPRESENTATION(#5828,#5789);
#5764=PROPERTY_DEFINITION_REPRESENTATION(#5829,#5790);
#5765=PROPERTY_DEFINITION_REPRESENTATION(#5830,#5791);
#5766=PROPERTY_DEFINITION_REPRESENTATION(#5831,#5792);
#5767=PROPERTY_DEFINITION_REPRESENTATION(#5832,#5793);
#5768=PROPERTY_DEFINITION_REPRESENTATION(#5833,#5794);
#5769=PROPERTY_DEFINITION_REPRESENTATION(#5834,#5795);
#5770=PROPERTY_DEFINITION_REPRESENTATION(#5835,#5796);
#5771=PROPERTY_DEFINITION_REPRESENTATION(#5836,#5797);
#5772=PROPERTY_DEFINITION_REPRESENTATION(#5837,#5798);
#5773=PROPERTY_DEFINITION_REPRESENTATION(#5838,#5799);
#5774=PROPERTY_DEFINITION_REPRESENTATION(#5839,#5800);
#5775=PROPERTY_DEFINITION_REPRESENTATION(#5840,#5801);
#5776=PROPERTY_DEFINITION_REPRESENTATION(#5841,#5802);
#5777=PROPERTY_DEFINITION_REPRESENTATION(#5842,#5803);
#5778=REPRESENTATION('material name',(#5804),#11969);
#5779=REPRESENTATION('density',(#5739),#11969);
#5780=REPRESENTATION('material name',(#5805),#11970);
#5781=REPRESENTATION('density',(#5740),#11970);
#5782=REPRESENTATION('material name',(#5806),#11971);
#5783=REPRESENTATION('density',(#5741),#11971);
#5784=REPRESENTATION('material name',(#5807),#11972);
#5785=REPRESENTATION('density',(#5742),#11972);
#5786=REPRESENTATION('material name',(#5808),#11974);
#5787=REPRESENTATION('density',(#5743),#11974);
#5788=REPRESENTATION('material name',(#5809),#11975);
#5789=REPRESENTATION('density',(#5744),#11975);
#5790=REPRESENTATION('material name',(#5810),#11976);
#5791=REPRESENTATION('density',(#5745),#11976);
#5792=REPRESENTATION('material name',(#5811),#11977);
#5793=REPRESENTATION('density',(#5746),#11977);
#5794=REPRESENTATION('material name',(#5812),#11978);
#5795=REPRESENTATION('density',(#5747),#11978);
#5796=REPRESENTATION('material name',(#5813),#11979);
#5797=REPRESENTATION('density',(#5748),#11979);
#5798=REPRESENTATION('material name',(#5814),#11980);
#5799=REPRESENTATION('density',(#5749),#11980);
#5800=REPRESENTATION('material name',(#5815),#11981);
#5801=REPRESENTATION('density',(#5750),#11981);
#5802=REPRESENTATION('material name',(#5816),#11982);
#5803=REPRESENTATION('density',(#5751),#11982);
#5804=DESCRIPTIVE_REPRESENTATION_ITEM('Steel','Steel');
#5805=DESCRIPTIVE_REPRESENTATION_ITEM('Steel','Steel');
#5806=DESCRIPTIVE_REPRESENTATION_ITEM('Steel','Steel');
#5807=DESCRIPTIVE_REPRESENTATION_ITEM('Aluminum 6061','Aluminum 6061');
#5808=DESCRIPTIVE_REPRESENTATION_ITEM('Steel','Steel');
#5809=DESCRIPTIVE_REPRESENTATION_ITEM('Steel','Steel');
#5810=DESCRIPTIVE_REPRESENTATION_ITEM('ABS Plastic','ABS Plastic');
#5811=DESCRIPTIVE_REPRESENTATION_ITEM('Steel','Steel');
#5812=DESCRIPTIVE_REPRESENTATION_ITEM('Aluminum 6061','Aluminum 6061');
#5813=DESCRIPTIVE_REPRESENTATION_ITEM('Steel 4.6, Plain',
'Steel 4.6, Plain');
#5814=DESCRIPTIVE_REPRESENTATION_ITEM('Steel 4.6, Plain',
'Steel 4.6, Plain');
#5815=DESCRIPTIVE_REPRESENTATION_ITEM('Brass','Brass');
#5816=DESCRIPTIVE_REPRESENTATION_ITEM('Stainless Steel',
'Stainless Steel');
#5817=PROPERTY_DEFINITION('material property','material name',#12065);
#5818=PROPERTY_DEFINITION('material property','density of part',#12065);
#5819=PROPERTY_DEFINITION('material property','material name',#12066);
#5820=PROPERTY_DEFINITION('material property','density of part',#12066);
#5821=PROPERTY_DEFINITION('material property','material name',#12067);
#5822=PROPERTY_DEFINITION('material property','density of part',#12067);
#5823=PROPERTY_DEFINITION('material property','material name',#12068);
#5824=PROPERTY_DEFINITION('material property','density of part',#12068);
#5825=PROPERTY_DEFINITION('material property','material name',#12070);
#5826=PROPERTY_DEFINITION('material property','density of part',#12070);
#5827=PROPERTY_DEFINITION('material property','material name',#12071);
#5828=PROPERTY_DEFINITION('material property','density of part',#12071);
#5829=PROPERTY_DEFINITION('material property','material name',#12072);
#5830=PROPERTY_DEFINITION('material property','density of part',#12072);
#5831=PROPERTY_DEFINITION('material property','material name',#12073);
#5832=PROPERTY_DEFINITION('material property','density of part',#12073);
#5833=PROPERTY_DEFINITION('material property','material name',#12074);
#5834=PROPERTY_DEFINITION('material property','density of part',#12074);
#5835=PROPERTY_DEFINITION('material property','material name',#12075);
#5836=PROPERTY_DEFINITION('material property','density of part',#12075);
#5837=PROPERTY_DEFINITION('material property','material name',#12076);
#5838=PROPERTY_DEFINITION('material property','density of part',#12076);
#5839=PROPERTY_DEFINITION('material property','material name',#12077);
#5840=PROPERTY_DEFINITION('material property','density of part',#12077);
#5841=PROPERTY_DEFINITION('material property','material name',#12078);
#5842=PROPERTY_DEFINITION('material property','density of part',#12078);
#5843=AXIS2_PLACEMENT_3D('',#8172,#6481,#6482);
#5844=AXIS2_PLACEMENT_3D('',#8173,#6483,#6484);
#5845=AXIS2_PLACEMENT_3D('',#8174,#6485,#6486);
#5846=AXIS2_PLACEMENT_3D('',#8175,#6487,#6488);
#5847=AXIS2_PLACEMENT_3D('',#8177,#6489,#6490);
#5848=AXIS2_PLACEMENT_3D('',#8180,#6492,#6493);
#5849=AXIS2_PLACEMENT_3D('',#8181,#6494,#6495);
#5850=AXIS2_PLACEMENT_3D('',#8183,#6496,#6497);
#5851=AXIS2_PLACEMENT_3D('',#8186,#6499,#6500);
#5852=AXIS2_PLACEMENT_3D('',#8187,#6501,#6502);
#5853=AXIS2_PLACEMENT_3D('',#8188,#6503,#6504);
#5854=AXIS2_PLACEMENT_3D('',#8189,#6505,#6506);
#5855=AXIS2_PLACEMENT_3D('',#8190,#6507,#6508);
#5856=AXIS2_PLACEMENT_3D('',#8192,#6509,#6510);
#5857=AXIS2_PLACEMENT_3D('',#8195,#6512,#6513);
#5858=AXIS2_PLACEMENT_3D('',#8196,#6514,#6515);
#5859=AXIS2_PLACEMENT_3D('',#8199,#6517,#6518);
#5860=AXIS2_PLACEMENT_3D('',#8200,#6519,#6520);
#5861=AXIS2_PLACEMENT_3D('',#8202,#6521,#6522);
#5862=AXIS2_PLACEMENT_3D('',#8203,#6523,#6524);
#5863=AXIS2_PLACEMENT_3D('',#8205,#6525,#6526);
#5864=AXIS2_PLACEMENT_3D('',#8206,#6527,#6528);
#5865=AXIS2_PLACEMENT_3D('',#8208,#6530,#6531);
#5866=AXIS2_PLACEMENT_3D('',#8209,#6532,#6533);
#5867=AXIS2_PLACEMENT_3D('',#8211,#6534,#6535);
#5868=AXIS2_PLACEMENT_3D('',#8214,#6537,#6538);
#5869=AXIS2_PLACEMENT_3D('',#8215,#6539,#6540);
#5870=AXIS2_PLACEMENT_3D('',#8218,#6542,#6543);
#5871=AXIS2_PLACEMENT_3D('',#8219,#6544,#6545);
#5872=AXIS2_PLACEMENT_3D('',#8221,#6546,#6547);
#5873=AXIS2_PLACEMENT_3D('',#8222,#6548,#6549);
#5874=AXIS2_PLACEMENT_3D('',#8224,#6550,#6551);
#5875=AXIS2_PLACEMENT_3D('',#8227,#6553,#6554);
#5876=AXIS2_PLACEMENT_3D('',#8228,#6555,#6556);
#5877=AXIS2_PLACEMENT_3D('',#8230,#6558,#6559);
#5878=AXIS2_PLACEMENT_3D('',#8232,#6560,#6561);
#5879=AXIS2_PLACEMENT_3D('',#8233,#6562,#6563);
#5880=AXIS2_PLACEMENT_3D('',#8235,#6564,#6565);
#5881=AXIS2_PLACEMENT_3D('',#8237,#6567,#6568);
#5882=AXIS2_PLACEMENT_3D('',#8238,#6569,#6570);
#5883=AXIS2_PLACEMENT_3D('',#8239,#6571,#6572);
#5884=AXIS2_PLACEMENT_3D('',#8240,#6573,#6574);
#5885=AXIS2_PLACEMENT_3D('',#8241,#6575,#6576);
#5886=AXIS2_PLACEMENT_3D('',#8242,#6577,#6578);
#5887=AXIS2_PLACEMENT_3D('',#8244,#6579,#6580);
#5888=AXIS2_PLACEMENT_3D('',#8247,#6582,#6583);
#5889=AXIS2_PLACEMENT_3D('',#8249,#6584,#6585);
#5890=AXIS2_PLACEMENT_3D('',#8251,#6587,#6588);
#5891=AXIS2_PLACEMENT_3D('',#8253,#6589,#6590);
#5892=AXIS2_PLACEMENT_3D('',#8256,#6592,#6593);
#5893=AXIS2_PLACEMENT_3D('',#8258,#6594,#6595);
#5894=AXIS2_PLACEMENT_3D('',#8260,#6597,#6598);
#5895=AXIS2_PLACEMENT_3D('',#8262,#6599,#6600);
#5896=AXIS2_PLACEMENT_3D('',#8265,#6602,#6603);
#5897=AXIS2_PLACEMENT_3D('',#8266,#6604,#6605);
#5898=AXIS2_PLACEMENT_3D('',#8268,#6606,#6607);
#5899=AXIS2_PLACEMENT_3D('',#8271,#6609,#6610);
#5900=AXIS2_PLACEMENT_3D('',#8272,#6611,#6612);
#5901=AXIS2_PLACEMENT_3D('',#8274,#6613,#6614);
#5902=AXIS2_PLACEMENT_3D('',#8277,#6616,#6617);
#5903=AXIS2_PLACEMENT_3D('',#8278,#6618,#6619);
#5904=AXIS2_PLACEMENT_3D('',#8280,#6620,#6621);
#5905=AXIS2_PLACEMENT_3D('',#8283,#6623,#6624);
#5906=AXIS2_PLACEMENT_3D('',#8284,#6625,#6626);
#5907=AXIS2_PLACEMENT_3D('',#8286,#6627,#6628);
#5908=AXIS2_PLACEMENT_3D('',#8289,#6630,#6631);
#5909=AXIS2_PLACEMENT_3D('',#8290,#6632,#6633);
#5910=AXIS2_PLACEMENT_3D('',#8292,#6634,#6635);
#5911=AXIS2_PLACEMENT_3D('',#8295,#6637,#6638);
#5912=AXIS2_PLACEMENT_3D('',#8296,#6639,#6640);
#5913=AXIS2_PLACEMENT_3D('',#8298,#6641,#6642);
#5914=AXIS2_PLACEMENT_3D('',#8301,#6644,#6645);
#5915=AXIS2_PLACEMENT_3D('',#8302,#6646,#6647);
#5916=AXIS2_PLACEMENT_3D('',#8304,#6648,#6649);
#5917=AXIS2_PLACEMENT_3D('',#8307,#6651,#6652);
#5918=AXIS2_PLACEMENT_3D('',#8308,#6653,#6654);
#5919=AXIS2_PLACEMENT_3D('',#8311,#6655,#6656);
#5920=AXIS2_PLACEMENT_3D('',#8315,#6658,#6659);
#5921=AXIS2_PLACEMENT_3D('',#8319,#6661,#6662);
#5922=AXIS2_PLACEMENT_3D('',#8323,#6664,#6665);
#5923=AXIS2_PLACEMENT_3D('',#8326,#6667,#6668);
#5924=AXIS2_PLACEMENT_3D('',#8327,#6669,#6670);
#5925=AXIS2_PLACEMENT_3D('',#8331,#6672,#6673);
#5926=AXIS2_PLACEMENT_3D('',#8333,#6675,#6676);
#5927=AXIS2_PLACEMENT_3D('',#8337,#6679,#6680);
#5928=AXIS2_PLACEMENT_3D('',#8341,#6683,#6684);
#5929=AXIS2_PLACEMENT_3D('',#8344,#6686,#6687);
#5930=AXIS2_PLACEMENT_3D('',#8345,#6688,#6689);
#5931=AXIS2_PLACEMENT_3D('',#8349,#6692,#6693);
#5932=AXIS2_PLACEMENT_3D('',#8351,#6694,#6695);
#5933=AXIS2_PLACEMENT_3D('',#8353,#6697,#6698);
#5934=AXIS2_PLACEMENT_3D('',#8356,#6700,#6701);
#5935=AXIS2_PLACEMENT_3D('',#8357,#6702,#6703);
#5936=AXIS2_PLACEMENT_3D('',#8359,#6705,#6706);
#5937=AXIS2_PLACEMENT_3D('',#8362,#6707,#6708);
#5938=AXIS2_PLACEMENT_3D('',#8366,#6710,#6711);
#5939=AXIS2_PLACEMENT_3D('',#8370,#6713,#6714);
#5940=AXIS2_PLACEMENT_3D('',#8374,#6716,#6717);
#5941=AXIS2_PLACEMENT_3D('',#8377,#6719,#6720);
#5942=AXIS2_PLACEMENT_3D('',#8378,#6721,#6722);
#5943=AXIS2_PLACEMENT_3D('',#8381,#6723,#6724);
#5944=AXIS2_PLACEMENT_3D('',#8385,#6726,#6727);
#5945=AXIS2_PLACEMENT_3D('',#8389,#6729,#6730);
#5946=AXIS2_PLACEMENT_3D('',#8393,#6732,#6733);
#5947=AXIS2_PLACEMENT_3D('',#8396,#6735,#6736);
#5948=AXIS2_PLACEMENT_3D('',#8397,#6737,#6738);
#5949=AXIS2_PLACEMENT_3D('',#8400,#6741,#6742);
#5950=AXIS2_PLACEMENT_3D('',#8402,#6744,#6745);
#5951=AXIS2_PLACEMENT_3D('',#8404,#6747,#6748);
#5952=AXIS2_PLACEMENT_3D('',#8406,#6750,#6751);
#5953=AXIS2_PLACEMENT_3D('',#8408,#6753,#6754);
#5954=AXIS2_PLACEMENT_3D('',#8410,#6756,#6757);
#5955=AXIS2_PLACEMENT_3D('',#8412,#6759,#6760);
#5956=AXIS2_PLACEMENT_3D('',#8413,#6761,#6762);
#5957=AXIS2_PLACEMENT_3D('',#8415,#6764,#6765);
#5958=AXIS2_PLACEMENT_3D('',#8418,#6766,#6767);
#5959=AXIS2_PLACEMENT_3D('',#8422,#6769,#6770);
#5960=AXIS2_PLACEMENT_3D('',#8426,#6772,#6773);
#5961=AXIS2_PLACEMENT_3D('',#8430,#6775,#6776);
#5962=AXIS2_PLACEMENT_3D('',#8433,#6778,#6779);
#5963=AXIS2_PLACEMENT_3D('',#8434,#6780,#6781);
#5964=AXIS2_PLACEMENT_3D('',#8437,#6782,#6783);
#5965=AXIS2_PLACEMENT_3D('',#8441,#6785,#6786);
#5966=AXIS2_PLACEMENT_3D('',#8445,#6788,#6789);
#5967=AXIS2_PLACEMENT_3D('',#8449,#6791,#6792);
#5968=AXIS2_PLACEMENT_3D('',#8452,#6794,#6795);
#5969=AXIS2_PLACEMENT_3D('',#8453,#6796,#6797);
#5970=AXIS2_PLACEMENT_3D('',#8456,#6800,#6801);
#5971=AXIS2_PLACEMENT_3D('',#8458,#6803,#6804);
#5972=AXIS2_PLACEMENT_3D('',#8461,#6807,#6808);
#5973=AXIS2_PLACEMENT_3D('',#8462,#6809,#6810);
#5974=AXIS2_PLACEMENT_3D('',#8464,#6812,#6813);
#5975=AXIS2_PLACEMENT_3D('',#8466,#6815,#6816);
#5976=AXIS2_PLACEMENT_3D('',#8468,#6818,#6819);
#5977=AXIS2_PLACEMENT_3D('',#8469,#6820,#6821);
#5978=AXIS2_PLACEMENT_3D('',#8471,#6822,#6823);
#5979=AXIS2_PLACEMENT_3D('',#8473,#6825,#6826);
#5980=AXIS2_PLACEMENT_3D('',#8476,#6827,#6828);
#5981=AXIS2_PLACEMENT_3D('',#8480,#6830,#6831);
#5982=AXIS2_PLACEMENT_3D('',#8484,#6833,#6834);
#5983=AXIS2_PLACEMENT_3D('',#8488,#6836,#6837);
#5984=AXIS2_PLACEMENT_3D('',#8490,#6839,#6840);
#5985=AXIS2_PLACEMENT_3D('',#8493,#6841,#6842);
#5986=AXIS2_PLACEMENT_3D('',#8497,#6844,#6845);
#5987=AXIS2_PLACEMENT_3D('',#8501,#6847,#6848);
#5988=AXIS2_PLACEMENT_3D('',#8505,#6850,#6851);
#5989=AXIS2_PLACEMENT_3D('',#8508,#6853,#6854);
#5990=AXIS2_PLACEMENT_3D('',#8509,#6855,#6856);
#5991=AXIS2_PLACEMENT_3D('',#8512,#6859,#6860);
#5992=AXIS2_PLACEMENT_3D('',#8514,#6862,#6863);
#5993=AXIS2_PLACEMENT_3D('',#8516,#6865,#6866);
#5994=AXIS2_PLACEMENT_3D('',#8518,#6868,#6869);
#5995=AXIS2_PLACEMENT_3D('',#8520,#6871,#6872);
#5996=AXIS2_PLACEMENT_3D('',#8522,#6874,#6875);
#5997=AXIS2_PLACEMENT_3D('',#8524,#6877,#6878);
#5998=AXIS2_PLACEMENT_3D('',#8525,#6879,#6880);
#5999=AXIS2_PLACEMENT_3D('',#8527,#6881,#6882);
#6000=AXIS2_PLACEMENT_3D('',#8529,#6884,#6885);
#6001=AXIS2_PLACEMENT_3D('',#8532,#6886,#6887);
#6002=AXIS2_PLACEMENT_3D('',#8536,#6889,#6890);
#6003=AXIS2_PLACEMENT_3D('',#8540,#6892,#6893);
#6004=AXIS2_PLACEMENT_3D('',#8544,#6895,#6896);
#6005=AXIS2_PLACEMENT_3D('',#8546,#6898,#6899);
#6006=AXIS2_PLACEMENT_3D('',#8549,#6900,#6901);
#6007=AXIS2_PLACEMENT_3D('',#8553,#6903,#6904);
#6008=AXIS2_PLACEMENT_3D('',#8557,#6906,#6907);
#6009=AXIS2_PLACEMENT_3D('',#8561,#6909,#6910);
#6010=AXIS2_PLACEMENT_3D('',#8564,#6912,#6913);
#6011=AXIS2_PLACEMENT_3D('',#8565,#6914,#6915);
#6012=AXIS2_PLACEMENT_3D('',#8568,#6918,#6919);
#6013=AXIS2_PLACEMENT_3D('',#8570,#6921,#6922);
#6014=AXIS2_PLACEMENT_3D('',#8572,#6924,#6925);
#6015=AXIS2_PLACEMENT_3D('',#8574,#6927,#6928);
#6016=AXIS2_PLACEMENT_3D('',#8576,#6930,#6931);
#6017=AXIS2_PLACEMENT_3D('',#8578,#6933,#6934);
#6018=AXIS2_PLACEMENT_3D('',#8580,#6936,#6937);
#6019=AXIS2_PLACEMENT_3D('',#8581,#6938,#6939);
#6020=AXIS2_PLACEMENT_3D('',#8583,#6940,#6941);
#6021=AXIS2_PLACEMENT_3D('',#8585,#6943,#6944);
#6022=AXIS2_PLACEMENT_3D('',#8588,#6945,#6946);
#6023=AXIS2_PLACEMENT_3D('',#8592,#6948,#6949);
#6024=AXIS2_PLACEMENT_3D('',#8596,#6951,#6952);
#6025=AXIS2_PLACEMENT_3D('',#8600,#6954,#6955);
#6026=AXIS2_PLACEMENT_3D('',#8602,#6957,#6958);
#6027=AXIS2_PLACEMENT_3D('',#8604,#6959,#6960);
#6028=AXIS2_PLACEMENT_3D('',#8607,#6962,#6963);
#6029=AXIS2_PLACEMENT_3D('',#8608,#6964,#6965);
#6030=AXIS2_PLACEMENT_3D('',#8610,#6966,#6967);
#6031=AXIS2_PLACEMENT_3D('',#8613,#6969,#6970);
#6032=AXIS2_PLACEMENT_3D('',#8614,#6971,#6972);
#6033=AXIS2_PLACEMENT_3D('',#8618,#6974,#6975);
#6034=AXIS2_PLACEMENT_3D('',#8620,#6977,#6978);
#6035=AXIS2_PLACEMENT_3D('',#8624,#6981,#6982);
#6036=AXIS2_PLACEMENT_3D('',#8628,#6985,#6986);
#6037=AXIS2_PLACEMENT_3D('',#8630,#6987,#6988);
#6038=AXIS2_PLACEMENT_3D('',#8632,#6990,#6991);
#6039=AXIS2_PLACEMENT_3D('',#8636,#6994,#6995);
#6040=AXIS2_PLACEMENT_3D('',#8639,#6997,#6998);
#6041=AXIS2_PLACEMENT_3D('',#8640,#6999,#7000);
#6042=AXIS2_PLACEMENT_3D('',#8642,#7001,#7002);
#6043=AXIS2_PLACEMENT_3D('',#8644,#7004,#7005);
#6044=AXIS2_PLACEMENT_3D('',#8646,#7007,#7008);
#6045=AXIS2_PLACEMENT_3D('',#8648,#7009,#7010);
#6046=AXIS2_PLACEMENT_3D('',#8649,#7011,#7012);
#6047=AXIS2_PLACEMENT_3D('',#8651,#7014,#7015);
#6048=AXIS2_PLACEMENT_3D('',#8653,#7016,#7017);
#6049=AXIS2_PLACEMENT_3D('',#8654,#7018,#7019);
#6050=AXIS2_PLACEMENT_3D('',#8656,#7021,#7022);
#6051=AXIS2_PLACEMENT_3D('',#8657,#7023,#7024);
#6052=AXIS2_PLACEMENT_3D('',#8658,#7025,#7026);
#6053=AXIS2_PLACEMENT_3D('',#8667,#7031,#7032);
#6054=AXIS2_PLACEMENT_3D('',#8669,#7033,#7034);
#6055=AXIS2_PLACEMENT_3D('',#8672,#7036,#7037);
#6056=AXIS2_PLACEMENT_3D('',#8673,#7038,#7039);
#6057=AXIS2_PLACEMENT_3D('',#8679,#7043,#7044);
#6058=AXIS2_PLACEMENT_3D('',#8681,#7045,#7046);
#6059=AXIS2_PLACEMENT_3D('',#8684,#7048,#7049);
#6060=AXIS2_PLACEMENT_3D('',#8685,#7050,#7051);
#6061=AXIS2_PLACEMENT_3D('',#8691,#7055,#7056);
#6062=AXIS2_PLACEMENT_3D('',#8693,#7057,#7058);
#6063=AXIS2_PLACEMENT_3D('',#8696,#7060,#7061);
#6064=AXIS2_PLACEMENT_3D('',#8697,#7062,#7063);
#6065=AXIS2_PLACEMENT_3D('',#8703,#7067,#7068);
#6066=AXIS2_PLACEMENT_3D('',#8705,#7069,#7070);
#6067=AXIS2_PLACEMENT_3D('',#8708,#7072,#7073);
#6068=AXIS2_PLACEMENT_3D('',#8709,#7074,#7075);
#6069=AXIS2_PLACEMENT_3D('',#8715,#7079,#7080);
#6070=AXIS2_PLACEMENT_3D('',#8717,#7081,#7082);
#6071=AXIS2_PLACEMENT_3D('',#8720,#7084,#7085);
#6072=AXIS2_PLACEMENT_3D('',#8721,#7086,#7087);
#6073=AXIS2_PLACEMENT_3D('',#8727,#7091,#7092);
#6074=AXIS2_PLACEMENT_3D('',#8728,#7093,#7094);
#6075=AXIS2_PLACEMENT_3D('',#8729,#7095,#7096);
#6076=AXIS2_PLACEMENT_3D('',#8730,#7097,#7098);
#6077=AXIS2_PLACEMENT_3D('',#8733,#7099,#7100);
#6078=AXIS2_PLACEMENT_3D('',#8737,#7102,#7103);
#6079=AXIS2_PLACEMENT_3D('',#8739,#7105,#7106);
#6080=AXIS2_PLACEMENT_3D('',#8745,#7110,#7111);
#6081=AXIS2_PLACEMENT_3D('',#8747,#7112,#7113);
#6082=AXIS2_PLACEMENT_3D('',#8750,#7115,#7116);
#6083=AXIS2_PLACEMENT_3D('',#8751,#7117,#7118);
#6084=AXIS2_PLACEMENT_3D('',#8757,#7122,#7123);
#6085=AXIS2_PLACEMENT_3D('',#8759,#7124,#7125);
#6086=AXIS2_PLACEMENT_3D('',#8763,#7127,#7128);
#6087=AXIS2_PLACEMENT_3D('',#8766,#7130,#7131);
#6088=AXIS2_PLACEMENT_3D('',#8768,#7132,#7133);
#6089=AXIS2_PLACEMENT_3D('',#8770,#7134,#7135);
#6090=AXIS2_PLACEMENT_3D('',#8772,#7136,#7137);
#6091=AXIS2_PLACEMENT_3D('',#8773,#7138,#7139);
#6092=AXIS2_PLACEMENT_3D('',#8775,#7140,#7141);
#6093=AXIS2_PLACEMENT_3D('',#8777,#7143,#7144);
#6094=AXIS2_PLACEMENT_3D('',#8781,#7147,#7148);
#6095=AXIS2_PLACEMENT_3D('',#8783,#7149,#7150);
#6096=AXIS2_PLACEMENT_3D('',#8785,#7152,#7153);
#6097=AXIS2_PLACEMENT_3D('',#8787,#7155,#7156);
#6098=AXIS2_PLACEMENT_3D('',#8789,#7157,#7158);
#6099=AXIS2_PLACEMENT_3D('',#8791,#7159,#7160);
#6100=AXIS2_PLACEMENT_3D('',#8793,#7161,#7162);
#6101=AXIS2_PLACEMENT_3D('',#8795,#7163,#7164);
#6102=AXIS2_PLACEMENT_3D('',#8796,#7165,#7166);
#6103=AXIS2_PLACEMENT_3D('',#8798,#7168,#7169);
#6104=AXIS2_PLACEMENT_3D('',#8800,#7171,#7172);
#6105=AXIS2_PLACEMENT_3D('',#8802,#7174,#7175);
#6106=AXIS2_PLACEMENT_3D('',#8804,#7177,#7178);
#6107=AXIS2_PLACEMENT_3D('',#8805,#7179,#7180);
#6108=AXIS2_PLACEMENT_3D('',#8814,#7185,#7186);
#6109=AXIS2_PLACEMENT_3D('',#8816,#7187,#7188);
#6110=AXIS2_PLACEMENT_3D('',#8819,#7190,#7191);
#6111=AXIS2_PLACEMENT_3D('',#8820,#7192,#7193);
#6112=AXIS2_PLACEMENT_3D('',#8826,#7197,#7198);
#6113=AXIS2_PLACEMENT_3D('',#8828,#7199,#7200);
#6114=AXIS2_PLACEMENT_3D('',#8831,#7202,#7203);
#6115=AXIS2_PLACEMENT_3D('',#8832,#7204,#7205);
#6116=AXIS2_PLACEMENT_3D('',#8838,#7209,#7210);
#6117=AXIS2_PLACEMENT_3D('',#8840,#7211,#7212);
#6118=AXIS2_PLACEMENT_3D('',#8843,#7214,#7215);
#6119=AXIS2_PLACEMENT_3D('',#8844,#7216,#7217);
#6120=AXIS2_PLACEMENT_3D('',#8850,#7221,#7222);
#6121=AXIS2_PLACEMENT_3D('',#8852,#7223,#7224);
#6122=AXIS2_PLACEMENT_3D('',#8855,#7226,#7227);
#6123=AXIS2_PLACEMENT_3D('',#8856,#7228,#7229);
#6124=AXIS2_PLACEMENT_3D('',#8862,#7233,#7234);
#6125=AXIS2_PLACEMENT_3D('',#8864,#7235,#7236);
#6126=AXIS2_PLACEMENT_3D('',#8867,#7238,#7239);
#6127=AXIS2_PLACEMENT_3D('',#8868,#7240,#7241);
#6128=AXIS2_PLACEMENT_3D('',#8874,#7245,#7246);
#6129=AXIS2_PLACEMENT_3D('',#8875,#7247,#7248);
#6130=AXIS2_PLACEMENT_3D('',#8876,#7249,#7250);
#6131=AXIS2_PLACEMENT_3D('',#8877,#7251,#7252);
#6132=AXIS2_PLACEMENT_3D('',#8880,#7253,#7254);
#6133=AXIS2_PLACEMENT_3D('',#8884,#7256,#7257);
#6134=AXIS2_PLACEMENT_3D('',#8886,#7259,#7260);
#6135=AXIS2_PLACEMENT_3D('',#8892,#7264,#7265);
#6136=AXIS2_PLACEMENT_3D('',#8894,#7266,#7267);
#6137=AXIS2_PLACEMENT_3D('',#8897,#7269,#7270);
#6138=AXIS2_PLACEMENT_3D('',#8898,#7271,#7272);
#6139=AXIS2_PLACEMENT_3D('',#8904,#7276,#7277);
#6140=AXIS2_PLACEMENT_3D('',#8906,#7278,#7279);
#6141=AXIS2_PLACEMENT_3D('',#8910,#7281,#7282);
#6142=AXIS2_PLACEMENT_3D('',#8913,#7284,#7285);
#6143=AXIS2_PLACEMENT_3D('',#8915,#7286,#7287);
#6144=AXIS2_PLACEMENT_3D('',#8917,#7288,#7289);
#6145=AXIS2_PLACEMENT_3D('',#8919,#7290,#7291);
#6146=AXIS2_PLACEMENT_3D('',#8920,#7292,#7293);
#6147=AXIS2_PLACEMENT_3D('',#8922,#7294,#7295);
#6148=AXIS2_PLACEMENT_3D('',#8924,#7297,#7298);
#6149=AXIS2_PLACEMENT_3D('',#8928,#7301,#7302);
#6150=AXIS2_PLACEMENT_3D('',#8930,#7303,#7304);
#6151=AXIS2_PLACEMENT_3D('',#8932,#7306,#7307);
#6152=AXIS2_PLACEMENT_3D('',#8934,#7309,#7310);
#6153=AXIS2_PLACEMENT_3D('',#8936,#7311,#7312);
#6154=AXIS2_PLACEMENT_3D('',#8938,#7313,#7314);
#6155=AXIS2_PLACEMENT_3D('',#8940,#7315,#7316);
#6156=AXIS2_PLACEMENT_3D('',#8942,#7317,#7318);
#6157=AXIS2_PLACEMENT_3D('',#8943,#7319,#7320);
#6158=AXIS2_PLACEMENT_3D('',#8945,#7322,#7323);
#6159=AXIS2_PLACEMENT_3D('',#8947,#7325,#7326);
#6160=AXIS2_PLACEMENT_3D('',#8949,#7328,#7329);
#6161=AXIS2_PLACEMENT_3D('',#8951,#7331,#7332);
#6162=AXIS2_PLACEMENT_3D('',#8952,#7333,#7334);
#6163=AXIS2_PLACEMENT_3D('',#8953,#7335,#7336);
#6164=AXIS2_PLACEMENT_3D('',#8954,#7337,#7338);
#6165=AXIS2_PLACEMENT_3D('',#8956,#7339,#7340);
#6166=AXIS2_PLACEMENT_3D('',#8959,#7342,#7343);
#6167=AXIS2_PLACEMENT_3D('',#8960,#7344,#7345);
#6168=AXIS2_PLACEMENT_3D('',#8963,#7347,#7348);
#6169=AXIS2_PLACEMENT_3D('',#8964,#7349,#7350);
#6170=AXIS2_PLACEMENT_3D('',#8966,#7351,#7352);
#6171=AXIS2_PLACEMENT_3D('',#8967,#7353,#7354);
#6172=AXIS2_PLACEMENT_3D('',#8970,#7356,#7357);
#6173=AXIS2_PLACEMENT_3D('',#8971,#7358,#7359);
#6174=AXIS2_PLACEMENT_3D('',#8973,#7360,#7361);
#6175=AXIS2_PLACEMENT_3D('',#8974,#7362,#7363);
#6176=AXIS2_PLACEMENT_3D('',#8976,#7364,#7365);
#6177=AXIS2_PLACEMENT_3D('',#8978,#7367,#7368);
#6178=AXIS2_PLACEMENT_3D('',#8980,#7369,#7370);
#6179=AXIS2_PLACEMENT_3D('',#8982,#7372,#7373);
#6180=AXIS2_PLACEMENT_3D('',#8984,#7374,#7375);
#6181=AXIS2_PLACEMENT_3D('',#8986,#7377,#7378);
#6182=AXIS2_PLACEMENT_3D('',#8988,#7379,#7380);
#6183=AXIS2_PLACEMENT_3D('',#8990,#7382,#7383);
#6184=AXIS2_PLACEMENT_3D('',#8993,#7385,#7386);
#6185=AXIS2_PLACEMENT_3D('',#8994,#7387,#7388);
#6186=AXIS2_PLACEMENT_3D('',#8996,#7389,#7390);
#6187=AXIS2_PLACEMENT_3D('',#8997,#7391,#7392);
#6188=AXIS2_PLACEMENT_3D('',#8999,#7393,#7394);
#6189=AXIS2_PLACEMENT_3D('',#9001,#7396,#7397);
#6190=AXIS2_PLACEMENT_3D('',#9010,#7402,#7403);
#6191=AXIS2_PLACEMENT_3D('',#9016,#7407,#7408);
#6192=AXIS2_PLACEMENT_3D('',#9022,#7412,#7413);
#6193=AXIS2_PLACEMENT_3D('',#9028,#7417,#7418);
#6194=AXIS2_PLACEMENT_3D('',#9034,#7422,#7423);
#6195=AXIS2_PLACEMENT_3D('',#9037,#7426,#7427);
#6196=AXIS2_PLACEMENT_3D('',#9038,#7428,#7429);
#6197=AXIS2_PLACEMENT_3D('',#9039,#7430,#7431);
#6198=AXIS2_PLACEMENT_3D('',#9040,#7432,#7433);
#6199=AXIS2_PLACEMENT_3D('',#9051,#7439,#7440);
#6200=AXIS2_PLACEMENT_3D('',#9059,#7445,#7446);
#6201=AXIS2_PLACEMENT_3D('',#9067,#7451,#7452);
#6202=AXIS2_PLACEMENT_3D('',#9075,#7457,#7458);
#6203=AXIS2_PLACEMENT_3D('',#9083,#7463,#7464);
#6204=AXIS2_PLACEMENT_3D('',#9085,#7465,#7466);
#6205=AXIS2_PLACEMENT_3D('',#9087,#7468,#7469);
#6206=AXIS2_PLACEMENT_3D('',#9089,#7470,#7471);
#6207=AXIS2_PLACEMENT_3D('',#9090,#7472,#7473);
#6208=AXIS2_PLACEMENT_3D('',#9091,#7474,#7475);
#6209=AXIS2_PLACEMENT_3D('',#9092,#7476,#7477);
#6210=AXIS2_PLACEMENT_3D('',#9093,#7478,#7479);
#6211=AXIS2_PLACEMENT_3D('',#9094,#7480,#7481);
#6212=AXIS2_PLACEMENT_3D('',#9095,#7482,#7483);
#6213=AXIS2_PLACEMENT_3D('',#9096,#7484,#7485);
#6214=AXIS2_PLACEMENT_3D('',#9097,#7486,#7487);
#6215=AXIS2_PLACEMENT_3D('',#9098,#7488,#7489);
#6216=AXIS2_PLACEMENT_3D('',#9100,#7491,#7492);
#6217=AXIS2_PLACEMENT_3D('',#9102,#7494,#7495);
#6218=AXIS2_PLACEMENT_3D('',#9105,#7497,#7498);
#6219=AXIS2_PLACEMENT_3D('',#9106,#7499,#7500);
#6220=AXIS2_PLACEMENT_3D('',#9108,#7501,#7502);
#6221=AXIS2_PLACEMENT_3D('',#9111,#7504,#7505);
#6222=AXIS2_PLACEMENT_3D('',#9112,#7506,#7507);
#6223=AXIS2_PLACEMENT_3D('',#9113,#7508,#7509);
#6224=AXIS2_PLACEMENT_3D('',#9114,#7510,#7511);
#6225=AXIS2_PLACEMENT_3D('',#9142,#7512,#7513);
#6226=AXIS2_PLACEMENT_3D('',#9144,#7514,#7515);
#6227=AXIS2_PLACEMENT_3D('',#9146,#7516,#7517);
#6228=AXIS2_PLACEMENT_3D('',#9147,#7518,#7519);
#6229=AXIS2_PLACEMENT_3D('',#9178,#7520,#7521);
#6230=AXIS2_PLACEMENT_3D('',#9179,#7522,#7523);
#6231=AXIS2_PLACEMENT_3D('',#9245,#7525,#7526);
#6232=AXIS2_PLACEMENT_3D('',#9247,#7527,#7528);
#6233=AXIS2_PLACEMENT_3D('',#9249,#7529,#7530);
#6234=AXIS2_PLACEMENT_3D('',#9250,#7531,#7532);
#6235=AXIS2_PLACEMENT_3D('',#9306,#7533,#7534);
#6236=AXIS2_PLACEMENT_3D('',#9307,#7535,#7536);
#6237=AXIS2_PLACEMENT_3D('',#9349,#7538,#7539);
#6238=AXIS2_PLACEMENT_3D('',#9353,#7542,#7543);
#6239=AXIS2_PLACEMENT_3D('',#9357,#7545,#7546);
#6240=AXIS2_PLACEMENT_3D('',#9375,#7547,#7548);
#6241=AXIS2_PLACEMENT_3D('',#9395,#7550,#7551);
#6242=AXIS2_PLACEMENT_3D('',#9397,#7552,#7553);
#6243=AXIS2_PLACEMENT_3D('',#9411,#7554,#7555);
#6244=AXIS2_PLACEMENT_3D('',#9439,#7556,#7557);
#6245=AXIS2_PLACEMENT_3D('',#9440,#7558,#7559);
#6246=AXIS2_PLACEMENT_3D('',#9441,#7560,#7561);
#6247=AXIS2_PLACEMENT_3D('',#9507,#7563,#7564);
#6248=AXIS2_PLACEMENT_3D('',#9509,#7565,#7566);
#6249=AXIS2_PLACEMENT_3D('',#9511,#7567,#7568);
#6250=AXIS2_PLACEMENT_3D('',#9512,#7569,#7570);
#6251=AXIS2_PLACEMENT_3D('',#9568,#7571,#7572);
#6252=AXIS2_PLACEMENT_3D('',#9569,#7573,#7574);
#6253=AXIS2_PLACEMENT_3D('',#9611,#7576,#7577);
#6254=AXIS2_PLACEMENT_3D('',#9615,#7580,#7581);
#6255=AXIS2_PLACEMENT_3D('',#9619,#7583,#7584);
#6256=AXIS2_PLACEMENT_3D('',#9637,#7585,#7586);
#6257=AXIS2_PLACEMENT_3D('',#9665,#7588,#7589);
#6258=AXIS2_PLACEMENT_3D('',#9667,#7590,#7591);
#6259=AXIS2_PLACEMENT_3D('',#9668,#7592,#7593);
#6260=AXIS2_PLACEMENT_3D('',#9699,#7594,#7595);
#6261=AXIS2_PLACEMENT_3D('',#9700,#7596,#7597);
#6262=AXIS2_PLACEMENT_3D('',#9758,#7599,#7600);
#6263=AXIS2_PLACEMENT_3D('',#9760,#7601,#7602);
#6264=AXIS2_PLACEMENT_3D('',#9761,#7603,#7604);
#6265=AXIS2_PLACEMENT_3D('',#9817,#7605,#7606);
#6266=AXIS2_PLACEMENT_3D('',#9818,#7607,#7608);
#6267=AXIS2_PLACEMENT_3D('',#9852,#7610,#7611);
#6268=AXIS2_PLACEMENT_3D('',#9882,#7614,#7615);
#6269=AXIS2_PLACEMENT_3D('',#9884,#7616,#7617);
#6270=AXIS2_PLACEMENT_3D('',#9885,#7618,#7619);
#6271=AXIS2_PLACEMENT_3D('',#9941,#7620,#7621);
#6272=AXIS2_PLACEMENT_3D('',#9942,#7622,#7623);
#6273=AXIS2_PLACEMENT_3D('',#10002,#7625,#7626);
#6274=AXIS2_PLACEMENT_3D('',#10004,#7627,#7628);
#6275=AXIS2_PLACEMENT_3D('',#10005,#7629,#7630);
#6276=AXIS2_PLACEMENT_3D('',#10036,#7631,#7632);
#6277=AXIS2_PLACEMENT_3D('',#10037,#7633,#7634);
#6278=AXIS2_PLACEMENT_3D('',#10069,#7636,#7637);
#6279=AXIS2_PLACEMENT_3D('',#10071,#7639,#7640);
#6280=AXIS2_PLACEMENT_3D('',#10075,#7643,#7644);
#6281=AXIS2_PLACEMENT_3D('',#10079,#7647,#7648);
#6282=AXIS2_PLACEMENT_3D('',#10085,#7652,#7653);
#6283=AXIS2_PLACEMENT_3D('',#10093,#7658,#7659);
#6284=AXIS2_PLACEMENT_3D('',#10095,#7661,#7662);
#6285=AXIS2_PLACEMENT_3D('',#10106,#7669,#7670);
#6286=AXIS2_PLACEMENT_3D('',#10108,#7671,#7672);
#6287=AXIS2_PLACEMENT_3D('',#10110,#7673,#7674);
#6288=AXIS2_PLACEMENT_3D('',#10112,#7675,#7676);
#6289=AXIS2_PLACEMENT_3D('',#10114,#7677,#7678);
#6290=AXIS2_PLACEMENT_3D('',#10116,#7679,#7680);
#6291=AXIS2_PLACEMENT_3D('',#10117,#7681,#7682);
#6292=AXIS2_PLACEMENT_3D('',#10129,#7690,#7691);
#6293=AXIS2_PLACEMENT_3D('',#10131,#7692,#7693);
#6294=AXIS2_PLACEMENT_3D('',#10133,#7694,#7695);
#6295=AXIS2_PLACEMENT_3D('',#10135,#7696,#7697);
#6296=AXIS2_PLACEMENT_3D('',#10137,#7698,#7699);
#6297=AXIS2_PLACEMENT_3D('',#10139,#7700,#7701);
#6298=AXIS2_PLACEMENT_3D('',#10140,#7702,#7703);
#6299=AXIS2_PLACEMENT_3D('',#10142,#7705,#7706);
#6300=AXIS2_PLACEMENT_3D('',#10144,#7708,#7709);
#6301=AXIS2_PLACEMENT_3D('',#10147,#7712,#7713);
#6302=AXIS2_PLACEMENT_3D('',#10148,#7714,#7715);
#6303=AXIS2_PLACEMENT_3D('',#10150,#7716,#7717);
#6304=AXIS2_PLACEMENT_3D('',#10152,#7718,#7719);
#6305=AXIS2_PLACEMENT_3D('',#10154,#7720,#7721);
#6306=AXIS2_PLACEMENT_3D('',#10155,#7722,#7723);
#6307=AXIS2_PLACEMENT_3D('',#10157,#7724,#7725);
#6308=AXIS2_PLACEMENT_3D('',#10159,#7726,#7727);
#6309=AXIS2_PLACEMENT_3D('',#10161,#7728,#7729);
#6310=AXIS2_PLACEMENT_3D('',#10162,#7730,#7731);
#6311=AXIS2_PLACEMENT_3D('',#10163,#7732,#7733);
#6312=AXIS2_PLACEMENT_3D('',#10164,#7734,#7735);
#6313=AXIS2_PLACEMENT_3D('',#10166,#7736,#7737);
#6314=AXIS2_PLACEMENT_3D('',#10169,#7739,#7740);
#6315=AXIS2_PLACEMENT_3D('',#10171,#7742,#7743);
#6316=AXIS2_PLACEMENT_3D('',#10173,#7744,#7745);
#6317=AXIS2_PLACEMENT_3D('',#10176,#7747,#7748);
#6318=AXIS2_PLACEMENT_3D('',#10178,#7750,#7751);
#6319=AXIS2_PLACEMENT_3D('',#10180,#7753,#7754);
#6320=AXIS2_PLACEMENT_3D('',#10182,#7755,#7756);
#6321=AXIS2_PLACEMENT_3D('',#10185,#7758,#7759);
#6322=AXIS2_PLACEMENT_3D('',#10187,#7761,#7762);
#6323=AXIS2_PLACEMENT_3D('',#10189,#7763,#7764);
#6324=AXIS2_PLACEMENT_3D('',#10192,#7766,#7767);
#6325=AXIS2_PLACEMENT_3D('',#10194,#7769,#7770);
#6326=AXIS2_PLACEMENT_3D('',#10231,#7772,#7773);
#6327=AXIS2_PLACEMENT_3D('',#10268,#7775,#7776);
#6328=AXIS2_PLACEMENT_3D('',#10305,#7778,#7779);
#6329=AXIS2_PLACEMENT_3D('',#10342,#7781,#7782);
#6330=AXIS2_PLACEMENT_3D('',#10379,#7784,#7785);
#6331=AXIS2_PLACEMENT_3D('',#10416,#7787,#7788);
#6332=AXIS2_PLACEMENT_3D('',#10453,#7790,#7791);
#6333=AXIS2_PLACEMENT_3D('',#10490,#7793,#7794);
#6334=AXIS2_PLACEMENT_3D('',#10491,#7795,#7796);
#6335=AXIS2_PLACEMENT_3D('',#10493,#7798,#7799);
#6336=AXIS2_PLACEMENT_3D('',#10495,#7801,#7802);
#6337=AXIS2_PLACEMENT_3D('',#10496,#7803,#7804);
#6338=AXIS2_PLACEMENT_3D('',#10498,#7805,#7806);
#6339=AXIS2_PLACEMENT_3D('',#10501,#7808,#7809);
#6340=AXIS2_PLACEMENT_3D('',#10502,#7810,#7811);
#6341=AXIS2_PLACEMENT_3D('',#10504,#7812,#7813);
#6342=AXIS2_PLACEMENT_3D('',#10507,#7815,#7816);
#6343=AXIS2_PLACEMENT_3D('',#10508,#7817,#7818);
#6344=AXIS2_PLACEMENT_3D('',#10515,#7822,#7823);
#6345=AXIS2_PLACEMENT_3D('',#10519,#7826,#7827);
#6346=AXIS2_PLACEMENT_3D('',#10523,#7830,#7831);
#6347=AXIS2_PLACEMENT_3D('',#10527,#7834,#7835);
#6348=AXIS2_PLACEMENT_3D('',#10531,#7838,#7839);
#6349=AXIS2_PLACEMENT_3D('',#10533,#7841,#7842);
#6350=AXIS2_PLACEMENT_3D('',#10539,#7846,#7847);
#6351=AXIS2_PLACEMENT_3D('',#10543,#7850,#7851);
#6352=AXIS2_PLACEMENT_3D('',#10547,#7854,#7855);
#6353=AXIS2_PLACEMENT_3D('',#10551,#7858,#7859);
#6354=AXIS2_PLACEMENT_3D('',#10555,#7862,#7863);
#6355=AXIS2_PLACEMENT_3D('',#10557,#7865,#7866);
#6356=AXIS2_PLACEMENT_3D('',#10558,#7867,#7868);
#6357=AXIS2_PLACEMENT_3D('',#10560,#7870,#7871);
#6358=AXIS2_PLACEMENT_3D('',#10561,#7872,#7873);
#6359=AXIS2_PLACEMENT_3D('',#10562,#7874,#7875);
#6360=AXIS2_PLACEMENT_3D('',#10564,#7876,#7877);
#6361=AXIS2_PLACEMENT_3D('',#10567,#7879,#7880);
#6362=AXIS2_PLACEMENT_3D('',#10568,#7881,#7882);
#6363=AXIS2_PLACEMENT_3D('',#10570,#7883,#7884);
#6364=AXIS2_PLACEMENT_3D('',#10572,#7885,#7886);
#6365=AXIS2_PLACEMENT_3D('',#10573,#7887,#7888);
#6366=AXIS2_PLACEMENT_3D('',#10574,#7889,#7890);
#6367=AXIS2_PLACEMENT_3D('',#10587,#7897,#7898);
#6368=AXIS2_PLACEMENT_3D('',#10589,#7899,#7900);
#6369=AXIS2_PLACEMENT_3D('',#10591,#7902,#7903);
#6370=AXIS2_PLACEMENT_3D('',#10598,#7907,#7908);
#6371=AXIS2_PLACEMENT_3D('',#10602,#7911,#7912);
#6372=AXIS2_PLACEMENT_3D('',#10606,#7915,#7916);
#6373=AXIS2_PLACEMENT_3D('',#10610,#7919,#7920);
#6374=AXIS2_PLACEMENT_3D('',#10614,#7923,#7924);
#6375=AXIS2_PLACEMENT_3D('',#10616,#7926,#7927);
#6376=AXIS2_PLACEMENT_3D('',#10619,#7930,#7931);
#6377=AXIS2_PLACEMENT_3D('',#10621,#7933,#7934);
#6378=AXIS2_PLACEMENT_3D('',#10623,#7936,#7937);
#6379=AXIS2_PLACEMENT_3D('',#10625,#7939,#7940);
#6380=AXIS2_PLACEMENT_3D('',#10627,#7942,#7943);
#6381=AXIS2_PLACEMENT_3D('',#10628,#7944,#7945);
#6382=AXIS2_PLACEMENT_3D('',#10631,#7947,#7948);
#6383=AXIS2_PLACEMENT_3D('',#10632,#7949,#7950);
#6384=AXIS2_PLACEMENT_3D('',#10633,#7951,#7952);
#6385=AXIS2_PLACEMENT_3D('',#10634,#7953,#7954);
#6386=AXIS2_PLACEMENT_3D('',#10635,#7955,#7956);
#6387=AXIS2_PLACEMENT_3D('',#10663,#7958,#7959);
#6388=AXIS2_PLACEMENT_3D('',#10691,#7961,#7962);
#6389=AXIS2_PLACEMENT_3D('',#10722,#7964,#7965);
#6390=AXIS2_PLACEMENT_3D('',#11168,#7967,#7968);
#6391=AXIS2_PLACEMENT_3D('',#11176,#7973,#7974);
#6392=AXIS2_PLACEMENT_3D('',#11179,#7975,#7976);
#6393=AXIS2_PLACEMENT_3D('',#11180,#7977,#7978);
#6394=AXIS2_PLACEMENT_3D('',#11182,#7979,#7980);
#6395=AXIS2_PLACEMENT_3D('',#11192,#7981,#7982);
#6396=AXIS2_PLACEMENT_3D('',#11194,#7983,#7984);
#6397=AXIS2_PLACEMENT_3D('',#11203,#7985,#7986);
#6398=AXIS2_PLACEMENT_3D('',#11629,#7990,#7991);
#6399=AXIS2_PLACEMENT_3D('',#11631,#7992,#7993);
#6400=AXIS2_PLACEMENT_3D('',#11632,#7994,#7995);
#6401=AXIS2_PLACEMENT_3D('',#11633,#7996,#7997);
#6402=AXIS2_PLACEMENT_3D('',#11634,#7998,#7999);
#6403=AXIS2_PLACEMENT_3D('',#11635,#8000,#8001);
#6404=AXIS2_PLACEMENT_3D('',#11637,#8002,#8003);
#6405=AXIS2_PLACEMENT_3D('',#11638,#8004,#8005);
#6406=AXIS2_PLACEMENT_3D('',#11640,#8006,#8007);
#6407=AXIS2_PLACEMENT_3D('',#11641,#8008,#8009);
#6408=AXIS2_PLACEMENT_3D('',#11643,#8011,#8012);
#6409=AXIS2_PLACEMENT_3D('',#11645,#8014,#8015);
#6410=AXIS2_PLACEMENT_3D('',#11651,#8019,#8020);
#6411=AXIS2_PLACEMENT_3D('',#11656,#8024,#8025);
#6412=AXIS2_PLACEMENT_3D('',#11660,#8028,#8029);
#6413=AXIS2_PLACEMENT_3D('',#11664,#8032,#8033);
#6414=AXIS2_PLACEMENT_3D('',#11665,#8034,#8035);
#6415=AXIS2_PLACEMENT_3D('',#11667,#8037,#8038);
#6416=AXIS2_PLACEMENT_3D('',#11669,#8039,#8040);
#6417=AXIS2_PLACEMENT_3D('',#11672,#8042,#8043);
#6418=AXIS2_PLACEMENT_3D('',#11673,#8044,#8045);
#6419=AXIS2_PLACEMENT_3D('',#11674,#8046,#8047);
#6420=AXIS2_PLACEMENT_3D('',#11675,#8048,#8049);
#6421=AXIS2_PLACEMENT_3D('',#11695,#8050,#8051);
#6422=AXIS2_PLACEMENT_3D('',#11700,#8052,#8053);
#6423=AXIS2_PLACEMENT_3D('',#11702,#8054,#8055);
#6424=AXIS2_PLACEMENT_3D('',#11703,#8056,#8057);
#6425=AXIS2_PLACEMENT_3D('',#11732,#8058,#8059);
#6426=AXIS2_PLACEMENT_3D('',#11733,#8060,#8061);
#6427=AXIS2_PLACEMENT_3D('',#11734,#8062,#8063);
#6428=AXIS2_PLACEMENT_3D('',#11754,#8064,#8065);
#6429=AXIS2_PLACEMENT_3D('',#11759,#8066,#8067);
#6430=AXIS2_PLACEMENT_3D('',#11761,#8068,#8069);
#6431=AXIS2_PLACEMENT_3D('',#11762,#8070,#8071);
#6432=AXIS2_PLACEMENT_3D('',#11791,#8072,#8073);
#6433=AXIS2_PLACEMENT_3D('',#11792,#8074,#8075);
#6434=AXIS2_PLACEMENT_3D('',#11793,#8076,#8077);
#6435=AXIS2_PLACEMENT_3D('',#11794,#8078,#8079);
#6436=AXIS2_PLACEMENT_3D('',#11796,#8080,#8081);
#6437=AXIS2_PLACEMENT_3D('',#11799,#8083,#8084);
#6438=AXIS2_PLACEMENT_3D('',#11800,#8085,#8086);
#6439=AXIS2_PLACEMENT_3D('',#11801,#8087,#8088);
#6440=AXIS2_PLACEMENT_3D('',#11821,#8089,#8090);
#6441=AXIS2_PLACEMENT_3D('',#11826,#8091,#8092);
#6442=AXIS2_PLACEMENT_3D('',#11828,#8093,#8094);
#6443=AXIS2_PLACEMENT_3D('',#11829,#8095,#8096);
#6444=AXIS2_PLACEMENT_3D('',#11858,#8097,#8098);
#6445=AXIS2_PLACEMENT_3D('',#11859,#8099,#8100);
#6446=AXIS2_PLACEMENT_3D('',#11860,#8101,#8102);
#6447=AXIS2_PLACEMENT_3D('',#11880,#8103,#8104);
#6448=AXIS2_PLACEMENT_3D('',#11885,#8105,#8106);
#6449=AXIS2_PLACEMENT_3D('',#11887,#8107,#8108);
#6450=AXIS2_PLACEMENT_3D('',#11888,#8109,#8110);
#6451=AXIS2_PLACEMENT_3D('',#11917,#8111,#8112);
#6452=AXIS2_PLACEMENT_3D('',#11918,#8113,#8114);
#6453=AXIS2_PLACEMENT_3D('',#11919,#8115,#8116);
#6454=AXIS2_PLACEMENT_3D('',#11920,#8117,#8118);
#6455=AXIS2_PLACEMENT_3D('',#11922,#8119,#8120);
#6456=AXIS2_PLACEMENT_3D('',#11925,#8122,#8123);
#6457=AXIS2_PLACEMENT_3D('',#11926,#8124,#8125);
#6458=AXIS2_PLACEMENT_3D('',#11927,#8126,#8127);
#6459=AXIS2_PLACEMENT_3D('',#11928,#8128,#8129);
#6460=AXIS2_PLACEMENT_3D('',#11929,#8130,#8131);
#6461=AXIS2_PLACEMENT_3D('',#11930,#8132,#8133);
#6462=AXIS2_PLACEMENT_3D('',#11931,#8134,#8135);
#6463=AXIS2_PLACEMENT_3D('',#11932,#8136,#8137);
#6464=AXIS2_PLACEMENT_3D('',#11933,#8138,#8139);
#6465=AXIS2_PLACEMENT_3D('',#11934,#8140,#8141);
#6466=AXIS2_PLACEMENT_3D('',#11935,#8142,#8143);
#6467=AXIS2_PLACEMENT_3D('',#11936,#8144,#8145);
#6468=AXIS2_PLACEMENT_3D('',#11937,#8146,#8147);
#6469=AXIS2_PLACEMENT_3D('',#11938,#8148,#8149);
#6470=AXIS2_PLACEMENT_3D('',#11939,#8150,#8151);
#6471=AXIS2_PLACEMENT_3D('',#11940,#8152,#8153);
#6472=AXIS2_PLACEMENT_3D('',#11941,#8154,#8155);
#6473=AXIS2_PLACEMENT_3D('',#11942,#8156,#8157);
#6474=AXIS2_PLACEMENT_3D('',#11943,#8158,#8159);
#6475=AXIS2_PLACEMENT_3D('',#11944,#8160,#8161);
#6476=AXIS2_PLACEMENT_3D('',#11945,#8162,#8163);
#6477=AXIS2_PLACEMENT_3D('',#11946,#8164,#8165);
#6478=AXIS2_PLACEMENT_3D('',#11947,#8166,#8167);
#6479=AXIS2_PLACEMENT_3D('',#11948,#8168,#8169);
#6480=AXIS2_PLACEMENT_3D('',#11949,#8170,#8171);
#6481=DIRECTION('axis',(0.,0.,1.));
#6482=DIRECTION('refdir',(1.,0.,0.));
#6483=DIRECTION('axis',(0.,0.,1.));
#6484=DIRECTION('refdir',(1.,0.,0.));
#6485=DIRECTION('axis',(0.,0.,1.));
#6486=DIRECTION('refdir',(1.,0.,0.));
#6487=DIRECTION('center_axis',(0.,0.,-1.));
#6488=DIRECTION('ref_axis',(1.,0.,0.));
#6489=DIRECTION('center_axis',(0.,0.,1.));
#6490=DIRECTION('ref_axis',(1.,0.,0.));
#6491=DIRECTION('',(0.,0.,1.));
#6492=DIRECTION('center_axis',(0.,0.,1.));
#6493=DIRECTION('ref_axis',(1.,0.,0.));
#6494=DIRECTION('center_axis',(0.,0.,-1.));
#6495=DIRECTION('ref_axis',(1.,0.,0.));
#6496=DIRECTION('center_axis',(0.,0.,1.));
#6497=DIRECTION('ref_axis',(1.,0.,0.));
#6498=DIRECTION('',(0.,0.,1.));
#6499=DIRECTION('center_axis',(0.,0.,1.));
#6500=DIRECTION('ref_axis',(1.,0.,0.));
#6501=DIRECTION('center_axis',(0.,0.,-1.));
#6502=DIRECTION('ref_axis',(1.,0.,0.));
#6503=DIRECTION('center_axis',(0.,0.,-1.));
#6504=DIRECTION('ref_axis',(1.,0.,0.));
#6505=DIRECTION('axis',(0.,0.,1.));
#6506=DIRECTION('refdir',(1.,0.,0.));
#6507=DIRECTION('center_axis',(0.,0.,1.));
#6508=DIRECTION('ref_axis',(-1.,0.,0.));
#6509=DIRECTION('center_axis',(0.,1.22464679914735E-16,1.));
#6510=DIRECTION('ref_axis',(-1.,0.,0.));
#6511=DIRECTION('',(-0.707106781186547,-8.65956056235493E-17,-0.707106781186548));
#6512=DIRECTION('center_axis',(0.,-1.22464679914735E-16,-1.));
#6513=DIRECTION('ref_axis',(-1.,0.,0.));
#6514=DIRECTION('center_axis',(0.,1.22464679914735E-16,1.));
#6515=DIRECTION('ref_axis',(-1.,0.,0.));
#6516=DIRECTION('',(0.,-1.22464679914735E-16,-1.));
#6517=DIRECTION('center_axis',(0.,0.,1.));
#6518=DIRECTION('ref_axis',(1.,0.,0.));
#6519=DIRECTION('center_axis',(0.,-1.22464679914735E-16,-1.));
#6520=DIRECTION('ref_axis',(-1.,0.,0.));
#6521=DIRECTION('center_axis',(0.,-1.22464679914735E-16,-1.));
#6522=DIRECTION('ref_axis',(1.,0.,0.));
#6523=DIRECTION('center_axis',(0.,0.,-1.));
#6524=DIRECTION('ref_axis',(1.,0.,0.));
#6525=DIRECTION('center_axis',(0.,0.,1.));
#6526=DIRECTION('ref_axis',(1.,0.,0.));
#6527=DIRECTION('center_axis',(0.,0.,-1.));
#6528=DIRECTION('ref_axis',(1.,0.,0.));
#6529=DIRECTION('',(0.,0.,1.));
#6530=DIRECTION('axis',(0.,0.,1.));
#6531=DIRECTION('refdir',(1.,0.,0.));
#6532=DIRECTION('center_axis',(0.,0.,1.));
#6533=DIRECTION('ref_axis',(1.,0.,0.));
#6534=DIRECTION('center_axis',(0.,1.22464679914735E-16,1.));
#6535=DIRECTION('ref_axis',(1.,0.,0.));
#6536=DIRECTION('',(0.707106781186549,8.65956056235495E-17,-0.707106781186546));
#6537=DIRECTION('center_axis',(0.,-1.22464679914735E-16,-1.));
#6538=DIRECTION('ref_axis',(1.,0.,0.));
#6539=DIRECTION('center_axis',(0.,1.22464679914735E-16,1.));
#6540=DIRECTION('ref_axis',(1.,0.,0.));
#6541=DIRECTION('',(0.,-1.22464679914735E-16,-1.));
#6542=DIRECTION('center_axis',(0.,-1.22464679914735E-16,-1.));
#6543=DIRECTION('ref_axis',(1.,0.,0.));
#6544=DIRECTION('center_axis',(0.,-1.22464679914735E-16,-1.));
#6545=DIRECTION('ref_axis',(1.,0.,0.));
#6546=DIRECTION('center_axis',(0.,1.22464679914735E-16,1.));
#6547=DIRECTION('ref_axis',(1.,0.,0.));
#6548=DIRECTION('center_axis',(0.,0.,1.));
#6549=DIRECTION('ref_axis',(1.,0.,0.));
#6550=DIRECTION('center_axis',(0.,1.22464679914735E-16,1.));
#6551=DIRECTION('ref_axis',(1.,0.,0.));
#6552=DIRECTION('',(-0.707106781186547,8.65956056235493E-17,0.707106781186548));
#6553=DIRECTION('center_axis',(0.,-1.22464679914735E-16,-1.));
#6554=DIRECTION('ref_axis',(1.,0.,0.));
#6555=DIRECTION('center_axis',(0.,1.22464679914735E-16,1.));
#6556=DIRECTION('ref_axis',(1.,0.,0.));
#6557=DIRECTION('',(0.,-1.22464679914735E-16,-1.));
#6558=DIRECTION('center_axis',(0.,-1.22464679914735E-16,-1.));
#6559=DIRECTION('ref_axis',(1.,0.,0.));
#6560=DIRECTION('center_axis',(0.,1.22464679914735E-16,1.));
#6561=DIRECTION('ref_axis',(1.,0.,0.));
#6562=DIRECTION('center_axis',(0.,0.,-1.));
#6563=DIRECTION('ref_axis',(1.,0.,0.));
#6564=DIRECTION('center_axis',(0.,-1.22464679914735E-16,-1.));
#6565=DIRECTION('ref_axis',(1.,0.,0.));
#6566=DIRECTION('',(0.,0.,-1.));
#6567=DIRECTION('center_axis',(0.,-1.22464679914735E-16,-1.));
#6568=DIRECTION('ref_axis',(-1.,0.,0.));
#6569=DIRECTION('',(-2.42341588156855E-16,1.93536032659075E-15,1.));
#6570=DIRECTION('',(1.,-5.82867087928207E-16,4.16333634234443E-17));
#6571=DIRECTION('',(-1.76624946852802E-16,1.93536032659075E-15,1.));
#6572=DIRECTION('',(1.,-5.82867087928207E-16,-3.46944695195267E-18));
#6573=DIRECTION('',(-1.76624946852802E-16,1.93536032659075E-15,1.));
#6574=DIRECTION('',(1.,-5.82867087928207E-16,-3.46944695195267E-18));
#6575=DIRECTION('axis',(0.,0.,1.));
#6576=DIRECTION('refdir',(1.,0.,0.));
#6577=DIRECTION('center_axis',(1.,0.,0.));
#6578=DIRECTION('ref_axis',(0.,1.,0.));
#6579=DIRECTION('center_axis',(-1.,0.,0.));
#6580=DIRECTION('ref_axis',(0.,1.,0.));
#6581=DIRECTION('',(-0.515038074910054,0.857167300702112,-1.04972719113862E-16));
#6582=DIRECTION('center_axis',(-1.,0.,0.));
#6583=DIRECTION('ref_axis',(0.,1.,0.));
#6584=DIRECTION('center_axis',(-1.,0.,0.));
#6585=DIRECTION('ref_axis',(0.,1.,0.));
#6586=DIRECTION('',(-1.,0.,0.));
#6587=DIRECTION('center_axis',(-1.,0.,0.));
#6588=DIRECTION('ref_axis',(0.,-1.,0.));
#6589=DIRECTION('center_axis',(1.,0.,0.));
#6590=DIRECTION('ref_axis',(0.,-1.,0.));
#6591=DIRECTION('',(0.515038074910054,-0.857167300702112,-1.04972719113862E-16));
#6592=DIRECTION('center_axis',(1.,0.,0.));
#6593=DIRECTION('ref_axis',(0.,-1.,0.));
#6594=DIRECTION('center_axis',(1.,0.,0.));
#6595=DIRECTION('ref_axis',(0.,-1.,0.));
#6596=DIRECTION('',(1.,0.,0.));
#6597=DIRECTION('center_axis',(0.,0.,-1.));
#6598=DIRECTION('ref_axis',(-1.,0.,0.));
#6599=DIRECTION('center_axis',(0.,0.,1.));
#6600=DIRECTION('ref_axis',(-1.,0.,0.));
#6601=DIRECTION('',(0.,0.,-1.));
#6602=DIRECTION('center_axis',(0.,0.,-1.));
#6603=DIRECTION('ref_axis',(-1.,0.,0.));
#6604=DIRECTION('center_axis',(0.,0.,-1.));
#6605=DIRECTION('ref_axis',(-1.,0.,0.));
#6606=DIRECTION('center_axis',(0.,0.,-1.));
#6607=DIRECTION('ref_axis',(-1.,0.,0.));
#6608=DIRECTION('',(0.,0.,-1.));
#6609=DIRECTION('center_axis',(0.,0.,-1.));
#6610=DIRECTION('ref_axis',(-1.,0.,0.));
#6611=DIRECTION('center_axis',(0.,0.,-1.));
#6612=DIRECTION('ref_axis',(-1.,0.,0.));
#6613=DIRECTION('center_axis',(0.,0.,1.));
#6614=DIRECTION('ref_axis',(-1.,0.,0.));
#6615=DIRECTION('',(0.,0.,-1.));
#6616=DIRECTION('center_axis',(0.,0.,-1.));
#6617=DIRECTION('ref_axis',(-1.,0.,0.));
#6618=DIRECTION('center_axis',(0.,0.,-1.));
#6619=DIRECTION('ref_axis',(-1.,0.,0.));
#6620=DIRECTION('center_axis',(0.,0.,-1.));
#6621=DIRECTION('ref_axis',(-1.,0.,0.));
#6622=DIRECTION('',(0.,0.,-1.));
#6623=DIRECTION('center_axis',(0.,0.,-1.));
#6624=DIRECTION('ref_axis',(-1.,0.,0.));
#6625=DIRECTION('center_axis',(0.,0.,-1.));
#6626=DIRECTION('ref_axis',(-1.,0.,0.));
#6627=DIRECTION('center_axis',(0.,0.,1.));
#6628=DIRECTION('ref_axis',(-1.,0.,0.));
#6629=DIRECTION('',(0.,0.,-1.));
#6630=DIRECTION('center_axis',(0.,0.,-1.));
#6631=DIRECTION('ref_axis',(-1.,0.,0.));
#6632=DIRECTION('center_axis',(0.,0.,-1.));
#6633=DIRECTION('ref_axis',(-1.,0.,0.));
#6634=DIRECTION('center_axis',(0.,0.,-1.));
#6635=DIRECTION('ref_axis',(-1.,0.,0.));
#6636=DIRECTION('',(0.,0.,-1.));
#6637=DIRECTION('center_axis',(0.,0.,-1.));
#6638=DIRECTION('ref_axis',(-1.,0.,0.));
#6639=DIRECTION('center_axis',(0.,0.,-1.));
#6640=DIRECTION('ref_axis',(-1.,0.,0.));
#6641=DIRECTION('center_axis',(0.,0.,1.));
#6642=DIRECTION('ref_axis',(-1.,0.,0.));
#6643=DIRECTION('',(0.,0.,-1.));
#6644=DIRECTION('center_axis',(0.,0.,-1.));
#6645=DIRECTION('ref_axis',(-1.,0.,0.));
#6646=DIRECTION('center_axis',(0.,0.,-1.));
#6647=DIRECTION('ref_axis',(-1.,0.,0.));
#6648=DIRECTION('center_axis',(0.,0.,-1.));
#6649=DIRECTION('ref_axis',(-1.,0.,0.));
#6650=DIRECTION('',(0.,0.,-1.));
#6651=DIRECTION('center_axis',(0.,0.,-1.));
#6652=DIRECTION('ref_axis',(-1.,0.,0.));
#6653=DIRECTION('center_axis',(0.,0.,1.));
#6654=DIRECTION('ref_axis',(-1.,0.,0.));
#6655=DIRECTION('center_axis',(0.,0.,1.));
#6656=DIRECTION('ref_axis',(-5.55111512312579E-16,-1.,0.));
#6657=DIRECTION('',(1.,1.1686558089791E-16,0.));
#6658=DIRECTION('center_axis',(0.,0.,1.));
#6659=DIRECTION('ref_axis',(-1.,-1.11022302462515E-15,0.));
#6660=DIRECTION('',(0.,-1.,0.));
#6661=DIRECTION('center_axis',(0.,0.,1.));
#6662=DIRECTION('ref_axis',(5.55111512323073E-16,1.,0.));
#6663=DIRECTION('',(-1.,-1.9899871115296E-12,0.));
#6664=DIRECTION('center_axis',(0.,0.,1.));
#6665=DIRECTION('ref_axis',(1.,1.66533453693773E-15,0.));
#6666=DIRECTION('',(0.,1.,0.));
#6667=DIRECTION('center_axis',(0.,0.,-1.));
#6668=DIRECTION('ref_axis',(-1.,0.,0.));
#6669=DIRECTION('center_axis',(0.,0.,1.));
#6670=DIRECTION('ref_axis',(5.55111512323073E-16,1.,0.));
#6671=DIRECTION('',(0.,0.,1.));
#6672=DIRECTION('center_axis',(0.,0.,1.));
#6673=DIRECTION('ref_axis',(5.55111512323073E-16,1.,0.));
#6674=DIRECTION('',(0.,0.,1.));
#6675=DIRECTION('center_axis',(-1.,0.,0.));
#6676=DIRECTION('ref_axis',(0.,-1.,0.));
#6677=DIRECTION('',(0.,0.,1.));
#6678=DIRECTION('',(0.,-1.,0.));
#6679=DIRECTION('center_axis',(-1.9899871115296E-12,1.,0.));
#6680=DIRECTION('ref_axis',(-1.,-1.9899871115296E-12,0.));
#6681=DIRECTION('',(-1.,-1.9899871115296E-12,0.));
#6682=DIRECTION('',(0.,0.,1.));
#6683=DIRECTION('center_axis',(0.,0.,1.));
#6684=DIRECTION('ref_axis',(-1.,-1.11022302462515E-15,0.));
#6685=DIRECTION('',(0.,0.,1.));
#6686=DIRECTION('center_axis',(0.,0.,1.));
#6687=DIRECTION('ref_axis',(-1.,-1.11022302462515E-15,0.));
#6688=DIRECTION('center_axis',(1.1686558089791E-16,-1.,0.));
#6689=DIRECTION('ref_axis',(1.,1.1686558089791E-16,0.));
#6690=DIRECTION('',(0.,0.,1.));
#6691=DIRECTION('',(1.,1.1686558089791E-16,0.));
#6692=DIRECTION('center_axis',(0.,0.,1.));
#6693=DIRECTION('ref_axis',(1.,1.66533453693773E-15,0.));
#6694=DIRECTION('center_axis',(0.,0.,1.));
#6695=DIRECTION('ref_axis',(1.,1.66533453693773E-15,0.));
#6696=DIRECTION('',(0.,0.,1.));
#6697=DIRECTION('center_axis',(0.,0.,1.));
#6698=DIRECTION('ref_axis',(-5.55111512312579E-16,-1.,0.));
#6699=DIRECTION('',(0.,0.,1.));
#6700=DIRECTION('center_axis',(0.,0.,1.));
#6701=DIRECTION('ref_axis',(-5.55111512312579E-16,-1.,0.));
#6702=DIRECTION('center_axis',(1.,0.,0.));
#6703=DIRECTION('ref_axis',(0.,1.,0.));
#6704=DIRECTION('',(0.,1.,0.));
#6705=DIRECTION('center_axis',(0.,0.,1.));
#6706=DIRECTION('ref_axis',(-1.,0.,0.));
#6707=DIRECTION('center_axis',(0.,0.,1.));
#6708=DIRECTION('ref_axis',(-5.55111512312579E-16,-1.,0.));
#6709=DIRECTION('',(1.,1.1686558089791E-16,0.));
#6710=DIRECTION('center_axis',(0.,0.,1.));
#6711=DIRECTION('ref_axis',(-1.,-1.11022302462515E-15,0.));
#6712=DIRECTION('',(0.,-1.,0.));
#6713=DIRECTION('center_axis',(0.,0.,1.));
#6714=DIRECTION('ref_axis',(5.55111512323073E-16,1.,0.));
#6715=DIRECTION('',(-1.,-1.9899871115296E-12,0.));
#6716=DIRECTION('center_axis',(0.,0.,1.));
#6717=DIRECTION('ref_axis',(1.,1.66533453693773E-15,0.));
#6718=DIRECTION('',(0.,1.,0.));
#6719=DIRECTION('center_axis',(0.,0.,-1.));
#6720=DIRECTION('ref_axis',(-1.,0.,0.));
#6721=DIRECTION('center_axis',(0.,0.,-1.));
#6722=DIRECTION('ref_axis',(1.,0.,0.));
#6723=DIRECTION('center_axis',(0.,0.,-1.));
#6724=DIRECTION('ref_axis',(-5.55111512312579E-16,-1.,0.));
#6725=DIRECTION('',(0.,-1.,0.));
#6726=DIRECTION('center_axis',(0.,0.,-1.));
#6727=DIRECTION('ref_axis',(1.,1.66533453693773E-15,0.));
#6728=DIRECTION('',(1.,1.9899871115296E-12,0.));
#6729=DIRECTION('center_axis',(0.,0.,-1.));
#6730=DIRECTION('ref_axis',(5.55111512323073E-16,1.,0.));
#6731=DIRECTION('',(0.,1.,0.));
#6732=DIRECTION('center_axis',(0.,0.,-1.));
#6733=DIRECTION('ref_axis',(-1.,-1.11022302462515E-15,0.));
#6734=DIRECTION('',(-1.,-1.1686558089791E-16,0.));
#6735=DIRECTION('center_axis',(0.,0.,1.));
#6736=DIRECTION('ref_axis',(-1.,0.,0.));
#6737=DIRECTION('center_axis',(1.,0.,0.));
#6738=DIRECTION('ref_axis',(0.,1.,0.));
#6739=DIRECTION('',(0.,0.,1.));
#6740=DIRECTION('',(0.,0.,1.));
#6741=DIRECTION('center_axis',(0.,0.,1.));
#6742=DIRECTION('ref_axis',(-5.55111512312579E-16,-1.,0.));
#6743=DIRECTION('',(0.,0.,1.));
#6744=DIRECTION('center_axis',(0.,0.,1.));
#6745=DIRECTION('ref_axis',(1.,1.66533453693773E-15,0.));
#6746=DIRECTION('',(0.,0.,1.));
#6747=DIRECTION('center_axis',(1.1686558089791E-16,-1.,0.));
#6748=DIRECTION('ref_axis',(1.,1.1686558089791E-16,0.));
#6749=DIRECTION('',(0.,0.,1.));
#6750=DIRECTION('center_axis',(0.,0.,1.));
#6751=DIRECTION('ref_axis',(-1.,-1.11022302462515E-15,0.));
#6752=DIRECTION('',(0.,0.,1.));
#6753=DIRECTION('center_axis',(-1.9899871115296E-12,1.,0.));
#6754=DIRECTION('ref_axis',(-1.,-1.9899871115296E-12,0.));
#6755=DIRECTION('',(0.,0.,1.));
#6756=DIRECTION('center_axis',(-1.,0.,0.));
#6757=DIRECTION('ref_axis',(0.,-1.,0.));
#6758=DIRECTION('',(0.,0.,1.));
#6759=DIRECTION('center_axis',(0.,0.,1.));
#6760=DIRECTION('ref_axis',(5.55111512323073E-16,1.,0.));
#6761=DIRECTION('center_axis',(0.,0.,-1.));
#6762=DIRECTION('ref_axis',(-1.,0.,0.));
#6763=DIRECTION('',(0.,0.,1.));
#6764=DIRECTION('center_axis',(0.,0.,-1.));
#6765=DIRECTION('ref_axis',(1.,0.,0.));
#6766=DIRECTION('center_axis',(0.,0.,-1.));
#6767=DIRECTION('ref_axis',(-5.55111512312579E-16,-1.,0.));
#6768=DIRECTION('',(0.,-1.,0.));
#6769=DIRECTION('center_axis',(0.,0.,-1.));
#6770=DIRECTION('ref_axis',(1.,1.66533453693773E-15,0.));
#6771=DIRECTION('',(1.,1.9899871115296E-12,0.));
#6772=DIRECTION('center_axis',(0.,0.,-1.));
#6773=DIRECTION('ref_axis',(5.55111512323073E-16,1.,0.));
#6774=DIRECTION('',(0.,1.,0.));
#6775=DIRECTION('center_axis',(0.,0.,-1.));
#6776=DIRECTION('ref_axis',(-1.,-1.11022302462515E-15,0.));
#6777=DIRECTION('',(-1.,-1.1686558089791E-16,0.));
#6778=DIRECTION('center_axis',(0.,0.,1.));
#6779=DIRECTION('ref_axis',(-1.,0.,0.));
#6780=DIRECTION('center_axis',(0.,0.,1.));
#6781=DIRECTION('ref_axis',(-1.,0.,0.));
#6782=DIRECTION('center_axis',(0.,0.,1.));
#6783=DIRECTION('ref_axis',(-5.55111512312579E-16,-1.,0.));
#6784=DIRECTION('',(1.,1.1686558089791E-16,0.));
#6785=DIRECTION('center_axis',(0.,0.,1.));
#6786=DIRECTION('ref_axis',(-1.,-1.11022302462515E-15,0.));
#6787=DIRECTION('',(0.,-1.,0.));
#6788=DIRECTION('center_axis',(0.,0.,1.));
#6789=DIRECTION('ref_axis',(5.55111512323073E-16,1.,0.));
#6790=DIRECTION('',(-1.,-1.9899871115296E-12,0.));
#6791=DIRECTION('center_axis',(0.,0.,1.));
#6792=DIRECTION('ref_axis',(1.,1.66533453693773E-15,0.));
#6793=DIRECTION('',(0.,1.,0.));
#6794=DIRECTION('center_axis',(0.,0.,-1.));
#6795=DIRECTION('ref_axis',(-1.,0.,0.));
#6796=DIRECTION('center_axis',(-1.,0.,0.));
#6797=DIRECTION('ref_axis',(0.,-1.,0.));
#6798=DIRECTION('',(0.,0.,1.));
#6799=DIRECTION('',(0.,0.,1.));
#6800=DIRECTION('center_axis',(0.,0.,1.));
#6801=DIRECTION('ref_axis',(5.55111512323073E-16,1.,0.));
#6802=DIRECTION('',(0.,0.,1.));
#6803=DIRECTION('center_axis',(1.1686558089791E-16,-1.,0.));
#6804=DIRECTION('ref_axis',(1.,1.1686558089791E-16,0.));
#6805=DIRECTION('',(0.,0.,1.));
#6806=DIRECTION('',(0.,0.,1.));
#6807=DIRECTION('center_axis',(0.,0.,1.));
#6808=DIRECTION('ref_axis',(-1.,-1.11022302462515E-15,0.));
#6809=DIRECTION('center_axis',(0.,0.,1.));
#6810=DIRECTION('ref_axis',(-5.55111512312579E-16,-1.,0.));
#6811=DIRECTION('',(0.,0.,1.));
#6812=DIRECTION('center_axis',(-1.9899871115296E-12,1.,0.));
#6813=DIRECTION('ref_axis',(-1.,-1.9899871115296E-12,0.));
#6814=DIRECTION('',(0.,0.,1.));
#6815=DIRECTION('center_axis',(0.,0.,1.));
#6816=DIRECTION('ref_axis',(1.,1.66533453693773E-15,0.));
#6817=DIRECTION('',(0.,0.,1.));
#6818=DIRECTION('center_axis',(1.,0.,0.));
#6819=DIRECTION('ref_axis',(0.,1.,0.));
#6820=DIRECTION('center_axis',(0.,0.,-1.));
#6821=DIRECTION('ref_axis',(-1.,0.,0.));
#6822=DIRECTION('center_axis',(0.,0.,1.));
#6823=DIRECTION('ref_axis',(-1.,0.,0.));
#6824=DIRECTION('',(0.,0.,1.));
#6825=DIRECTION('center_axis',(0.,0.,-1.));
#6826=DIRECTION('ref_axis',(1.,0.,0.));
#6827=DIRECTION('center_axis',(0.,0.,-1.));
#6828=DIRECTION('ref_axis',(-5.55111512312579E-16,-1.,0.));
#6829=DIRECTION('',(0.,-1.,0.));
#6830=DIRECTION('center_axis',(0.,0.,-1.));
#6831=DIRECTION('ref_axis',(1.,1.66533453693773E-15,0.));
#6832=DIRECTION('',(1.,1.9899871115296E-12,0.));
#6833=DIRECTION('center_axis',(0.,0.,-1.));
#6834=DIRECTION('ref_axis',(5.55111512323073E-16,1.,0.));
#6835=DIRECTION('',(0.,1.,0.));
#6836=DIRECTION('center_axis',(0.,0.,-1.));
#6837=DIRECTION('ref_axis',(-1.,-1.11022302462515E-15,0.));
#6838=DIRECTION('',(-1.,-1.1686558089791E-16,0.));
#6839=DIRECTION('center_axis',(0.,0.,1.));
#6840=DIRECTION('ref_axis',(-1.,0.,0.));
#6841=DIRECTION('center_axis',(0.,0.,1.));
#6842=DIRECTION('ref_axis',(-5.55111512312579E-16,-1.,0.));
#6843=DIRECTION('',(1.,1.1686558089791E-16,0.));
#6844=DIRECTION('center_axis',(0.,0.,1.));
#6845=DIRECTION('ref_axis',(-1.,-1.11022302462515E-15,0.));
#6846=DIRECTION('',(0.,-1.,0.));
#6847=DIRECTION('center_axis',(0.,0.,1.));
#6848=DIRECTION('ref_axis',(5.55111512323073E-16,1.,0.));
#6849=DIRECTION('',(-1.,-1.9899871115296E-12,0.));
#6850=DIRECTION('center_axis',(0.,0.,1.));
#6851=DIRECTION('ref_axis',(1.,1.66533453693773E-15,0.));
#6852=DIRECTION('',(0.,1.,0.));
#6853=DIRECTION('center_axis',(0.,0.,-1.));
#6854=DIRECTION('ref_axis',(-1.,0.,0.));
#6855=DIRECTION('center_axis',(1.,0.,0.));
#6856=DIRECTION('ref_axis',(0.,1.,0.));
#6857=DIRECTION('',(0.,0.,1.));
#6858=DIRECTION('',(0.,0.,1.));
#6859=DIRECTION('center_axis',(0.,0.,1.));
#6860=DIRECTION('ref_axis',(-5.55111512312579E-16,-1.,0.));
#6861=DIRECTION('',(0.,0.,1.));
#6862=DIRECTION('center_axis',(0.,0.,1.));
#6863=DIRECTION('ref_axis',(1.,1.66533453693773E-15,0.));
#6864=DIRECTION('',(0.,0.,1.));
#6865=DIRECTION('center_axis',(1.1686558089791E-16,-1.,0.));
#6866=DIRECTION('ref_axis',(1.,1.1686558089791E-16,0.));
#6867=DIRECTION('',(0.,0.,1.));
#6868=DIRECTION('center_axis',(0.,0.,1.));
#6869=DIRECTION('ref_axis',(-1.,-1.11022302462515E-15,0.));
#6870=DIRECTION('',(0.,0.,1.));
#6871=DIRECTION('center_axis',(-1.9899871115296E-12,1.,0.));
#6872=DIRECTION('ref_axis',(-1.,-1.9899871115296E-12,0.));
#6873=DIRECTION('',(0.,0.,1.));
#6874=DIRECTION('center_axis',(-1.,0.,0.));
#6875=DIRECTION('ref_axis',(0.,-1.,0.));
#6876=DIRECTION('',(0.,0.,1.));
#6877=DIRECTION('center_axis',(0.,0.,1.));
#6878=DIRECTION('ref_axis',(5.55111512323073E-16,1.,0.));
#6879=DIRECTION('center_axis',(0.,0.,-1.));
#6880=DIRECTION('ref_axis',(-1.,0.,0.));
#6881=DIRECTION('center_axis',(0.,0.,1.));
#6882=DIRECTION('ref_axis',(-1.,0.,0.));
#6883=DIRECTION('',(0.,0.,1.));
#6884=DIRECTION('center_axis',(0.,0.,-1.));
#6885=DIRECTION('ref_axis',(1.,0.,0.));
#6886=DIRECTION('center_axis',(0.,0.,-1.));
#6887=DIRECTION('ref_axis',(-5.55111512312579E-16,-1.,0.));
#6888=DIRECTION('',(0.,-1.,0.));
#6889=DIRECTION('center_axis',(0.,0.,-1.));
#6890=DIRECTION('ref_axis',(1.,1.66533453693773E-15,0.));
#6891=DIRECTION('',(1.,1.9899871115296E-12,0.));
#6892=DIRECTION('center_axis',(0.,0.,-1.));
#6893=DIRECTION('ref_axis',(5.55111512323073E-16,1.,0.));
#6894=DIRECTION('',(0.,1.,0.));
#6895=DIRECTION('center_axis',(0.,0.,-1.));
#6896=DIRECTION('ref_axis',(-1.,-1.11022302462515E-15,0.));
#6897=DIRECTION('',(-1.,-1.1686558089791E-16,0.));
#6898=DIRECTION('center_axis',(0.,0.,1.));
#6899=DIRECTION('ref_axis',(-1.,0.,0.));
#6900=DIRECTION('center_axis',(0.,0.,1.));
#6901=DIRECTION('ref_axis',(-5.55111512312579E-16,-1.,0.));
#6902=DIRECTION('',(1.,1.1686558089791E-16,0.));
#6903=DIRECTION('center_axis',(0.,0.,1.));
#6904=DIRECTION('ref_axis',(-1.,-1.11022302462515E-15,0.));
#6905=DIRECTION('',(0.,-1.,0.));
#6906=DIRECTION('center_axis',(0.,0.,1.));
#6907=DIRECTION('ref_axis',(5.55111512323073E-16,1.,0.));
#6908=DIRECTION('',(-1.,-1.9899871115296E-12,0.));
#6909=DIRECTION('center_axis',(0.,0.,1.));
#6910=DIRECTION('ref_axis',(1.,1.66533453693773E-15,0.));
#6911=DIRECTION('',(0.,1.,0.));
#6912=DIRECTION('center_axis',(0.,0.,-1.));
#6913=DIRECTION('ref_axis',(-1.,0.,0.));
#6914=DIRECTION('center_axis',(1.,0.,0.));
#6915=DIRECTION('ref_axis',(0.,1.,0.));
#6916=DIRECTION('',(0.,0.,1.));
#6917=DIRECTION('',(0.,0.,1.));
#6918=DIRECTION('center_axis',(0.,0.,1.));
#6919=DIRECTION('ref_axis',(-5.55111512312579E-16,-1.,0.));
#6920=DIRECTION('',(0.,0.,1.));
#6921=DIRECTION('center_axis',(0.,0.,1.));
#6922=DIRECTION('ref_axis',(1.,1.66533453693773E-15,0.));
#6923=DIRECTION('',(0.,0.,1.));
#6924=DIRECTION('center_axis',(1.1686558089791E-16,-1.,0.));
#6925=DIRECTION('ref_axis',(1.,1.1686558089791E-16,0.));
#6926=DIRECTION('',(0.,0.,1.));
#6927=DIRECTION('center_axis',(0.,0.,1.));
#6928=DIRECTION('ref_axis',(-1.,-1.11022302462515E-15,0.));
#6929=DIRECTION('',(0.,0.,1.));
#6930=DIRECTION('center_axis',(-1.9899871115296E-12,1.,0.));
#6931=DIRECTION('ref_axis',(-1.,-1.9899871115296E-12,0.));
#6932=DIRECTION('',(0.,0.,1.));
#6933=DIRECTION('center_axis',(-1.,0.,0.));
#6934=DIRECTION('ref_axis',(0.,-1.,0.));
#6935=DIRECTION('',(0.,0.,1.));
#6936=DIRECTION('center_axis',(0.,0.,1.));
#6937=DIRECTION('ref_axis',(5.55111512323073E-16,1.,0.));
#6938=DIRECTION('center_axis',(0.,0.,-1.));
#6939=DIRECTION('ref_axis',(-1.,0.,0.));
#6940=DIRECTION('center_axis',(0.,0.,1.));
#6941=DIRECTION('ref_axis',(-1.,0.,0.));
#6942=DIRECTION('',(0.,0.,1.));
#6943=DIRECTION('center_axis',(0.,0.,-1.));
#6944=DIRECTION('ref_axis',(1.,0.,0.));
#6945=DIRECTION('center_axis',(0.,0.,-1.));
#6946=DIRECTION('ref_axis',(-5.55111512312579E-16,-1.,0.));
#6947=DIRECTION('',(0.,-1.,0.));
#6948=DIRECTION('center_axis',(0.,0.,-1.));
#6949=DIRECTION('ref_axis',(1.,1.66533453693773E-15,0.));
#6950=DIRECTION('',(1.,1.9899871115296E-12,0.));
#6951=DIRECTION('center_axis',(0.,0.,-1.));
#6952=DIRECTION('ref_axis',(5.55111512323073E-16,1.,0.));
#6953=DIRECTION('',(0.,1.,0.));
#6954=DIRECTION('center_axis',(0.,0.,-1.));
#6955=DIRECTION('ref_axis',(-1.,-1.11022302462515E-15,0.));
#6956=DIRECTION('',(-1.,-1.1686558089791E-16,0.));
#6957=DIRECTION('center_axis',(0.,1.,0.));
#6958=DIRECTION('ref_axis',(1.,0.,0.));
#6959=DIRECTION('center_axis',(0.,1.,0.));
#6960=DIRECTION('ref_axis',(1.,0.,0.));
#6961=DIRECTION('',(0.,1.,0.));
#6962=DIRECTION('center_axis',(0.,-1.,0.));
#6963=DIRECTION('ref_axis',(1.,0.,0.));
#6964=DIRECTION('center_axis',(0.,1.,0.));
#6965=DIRECTION('ref_axis',(1.,0.,0.));
#6966=DIRECTION('center_axis',(0.,1.,0.));
#6967=DIRECTION('ref_axis',(1.,0.,0.));
#6968=DIRECTION('',(0.,1.,0.));
#6969=DIRECTION('center_axis',(0.,-1.,0.));
#6970=DIRECTION('ref_axis',(1.,0.,0.));
#6971=DIRECTION('center_axis',(0.,0.,1.));
#6972=DIRECTION('ref_axis',(5.55111512323073E-16,1.,0.));
#6973=DIRECTION('',(0.,0.,1.));
#6974=DIRECTION('center_axis',(0.,0.,1.));
#6975=DIRECTION('ref_axis',(5.55111512323073E-16,1.,0.));
#6976=DIRECTION('',(0.,0.,1.));
#6977=DIRECTION('center_axis',(-1.,0.,0.));
#6978=DIRECTION('ref_axis',(0.,-1.,0.));
#6979=DIRECTION('',(0.,-1.,0.));
#6980=DIRECTION('',(0.,0.,1.));
#6981=DIRECTION('center_axis',(-1.9899871115296E-12,1.,0.));
#6982=DIRECTION('ref_axis',(-1.,-1.9899871115296E-12,0.));
#6983=DIRECTION('',(0.,0.,1.));
#6984=DIRECTION('',(-1.,0.,0.));
#6985=DIRECTION('center_axis',(0.,0.,1.));
#6986=DIRECTION('ref_axis',(-1.,-1.11022302462515E-15,0.));
#6987=DIRECTION('center_axis',(0.,0.,1.));
#6988=DIRECTION('ref_axis',(-1.,-1.11022302462515E-15,0.));
#6989=DIRECTION('',(0.,0.,1.));
#6990=DIRECTION('center_axis',(1.1686558089791E-16,-1.,0.));
#6991=DIRECTION('ref_axis',(1.,1.1686558089791E-16,0.));
#6992=DIRECTION('',(1.,0.,0.));
#6993=DIRECTION('',(0.,0.,1.));
#6994=DIRECTION('center_axis',(0.,0.,1.));
#6995=DIRECTION('ref_axis',(1.,1.66533453693773E-15,0.));
#6996=DIRECTION('',(0.,0.,1.));
#6997=DIRECTION('center_axis',(0.,0.,1.));
#6998=DIRECTION('ref_axis',(1.,1.66533453693773E-15,0.));
#6999=DIRECTION('center_axis',(0.,0.,1.));
#7000=DIRECTION('ref_axis',(-5.55111512312579E-16,-1.,0.));
#7001=DIRECTION('center_axis',(0.,0.,1.));
#7002=DIRECTION('ref_axis',(-5.55111512312579E-16,-1.,0.));
#7003=DIRECTION('',(0.,0.,1.));
#7004=DIRECTION('center_axis',(1.,0.,0.));
#7005=DIRECTION('ref_axis',(0.,1.,0.));
#7006=DIRECTION('',(0.,1.,0.));
#7007=DIRECTION('center_axis',(0.,0.,1.));
#7008=DIRECTION('ref_axis',(-1.,0.,0.));
#7009=DIRECTION('center_axis',(0.,0.,1.));
#7010=DIRECTION('ref_axis',(-1.,0.,0.));
#7011=DIRECTION('center_axis',(0.,0.,-1.));
#7012=DIRECTION('ref_axis',(-1.,0.,0.));
#7013=DIRECTION('',(0.,0.,1.));
#7014=DIRECTION('center_axis',(0.,0.,1.));
#7015=DIRECTION('ref_axis',(-1.,0.,0.));
#7016=DIRECTION('center_axis',(0.,0.,1.));
#7017=DIRECTION('ref_axis',(-1.,0.,0.));
#7018=DIRECTION('center_axis',(0.,0.,1.));
#7019=DIRECTION('ref_axis',(-1.,0.,0.));
#7020=DIRECTION('',(0.,0.,-1.));
#7021=DIRECTION('axis',(0.,0.,1.));
#7022=DIRECTION('refdir',(1.,0.,0.));
#7023=DIRECTION('axis',(0.,0.,1.));
#7024=DIRECTION('refdir',(1.,0.,0.));
#7025=DIRECTION('center_axis',(0.,0.,-1.));
#7026=DIRECTION('ref_axis',(-1.,0.,0.));
#7027=DIRECTION('',(-1.,0.,0.));
#7028=DIRECTION('',(0.,1.,0.));
#7029=DIRECTION('',(1.,0.,0.));
#7030=DIRECTION('',(0.,1.,0.));
#7031=DIRECTION('center_axis',(0.,1.,0.));
#7032=DIRECTION('ref_axis',(1.,0.,0.));
#7033=DIRECTION('center_axis',(0.,-1.,0.));
#7034=DIRECTION('ref_axis',(1.,0.,0.));
#7035=DIRECTION('',(0.,1.,0.));
#7036=DIRECTION('center_axis',(0.,1.,0.));
#7037=DIRECTION('ref_axis',(1.,0.,0.));
#7038=DIRECTION('center_axis',(-1.,0.,-7.24057933832909E-16));
#7039=DIRECTION('ref_axis',(-7.24057933832909E-16,0.,1.));
#7040=DIRECTION('',(-7.24057933832909E-16,0.,1.));
#7041=DIRECTION('',(0.,1.,0.));
#7042=DIRECTION('',(7.24057933832909E-16,0.,-1.));
#7043=DIRECTION('center_axis',(0.,1.,0.));
#7044=DIRECTION('ref_axis',(0.799999997218452,0.,-0.600000003708731));
#7045=DIRECTION('center_axis',(0.,-1.,0.));
#7046=DIRECTION('ref_axis',(0.799999997218452,0.,-0.600000003708731));
#7047=DIRECTION('',(0.,1.,0.));
#7048=DIRECTION('center_axis',(0.,1.,0.));
#7049=DIRECTION('ref_axis',(0.799999997218452,0.,-0.600000003708731));
#7050=DIRECTION('center_axis',(-0.799999997218448,0.,0.600000003708735));
#7051=DIRECTION('ref_axis',(0.600000003708735,0.,0.799999997218448));
#7052=DIRECTION('',(0.600000003708735,0.,0.799999997218448));
#7053=DIRECTION('',(0.,1.,0.));
#7054=DIRECTION('',(-0.600000003708735,0.,-0.799999997218448));
#7055=DIRECTION('center_axis',(0.,1.,0.));
#7056=DIRECTION('ref_axis',(-2.94101871511324E-8,0.,-1.));
#7057=DIRECTION('center_axis',(0.,-1.,0.));
#7058=DIRECTION('ref_axis',(-2.94101871511324E-8,0.,-1.));
#7059=DIRECTION('',(0.,1.,0.));
#7060=DIRECTION('center_axis',(0.,1.,0.));
#7061=DIRECTION('ref_axis',(-2.94101871511324E-8,0.,-1.));
#7062=DIRECTION('center_axis',(1.77635685925259E-15,0.,1.));
#7063=DIRECTION('ref_axis',(1.,0.,-1.77635685925259E-15));
#7064=DIRECTION('',(1.,0.,-1.77635685925259E-15));
#7065=DIRECTION('',(0.,1.,0.));
#7066=DIRECTION('',(-1.,0.,1.77635685925259E-15));
#7067=DIRECTION('center_axis',(0.,1.,0.));
#7068=DIRECTION('ref_axis',(-0.799999997218451,0.,-0.600000003708733));
#7069=DIRECTION('center_axis',(0.,-1.,0.));
#7070=DIRECTION('ref_axis',(-0.799999997218451,0.,-0.600000003708733));
#7071=DIRECTION('',(0.,1.,0.));
#7072=DIRECTION('center_axis',(0.,1.,0.));
#7073=DIRECTION('ref_axis',(-0.799999997218451,0.,-0.600000003708733));
#7074=DIRECTION('center_axis',(0.799999997218452,0.,0.600000003708731));
#7075=DIRECTION('ref_axis',(0.600000003708731,0.,-0.799999997218452));
#7076=DIRECTION('',(0.600000003708731,0.,-0.799999997218452));
#7077=DIRECTION('',(0.,1.,0.));
#7078=DIRECTION('',(-0.600000003708731,0.,0.799999997218452));
#7079=DIRECTION('center_axis',(0.,1.,0.));
#7080=DIRECTION('ref_axis',(-1.,0.,-9.34924652315899E-15));
#7081=DIRECTION('center_axis',(0.,-1.,0.));
#7082=DIRECTION('ref_axis',(-1.,0.,-9.34924652315899E-15));
#7083=DIRECTION('',(0.,1.,0.));
#7084=DIRECTION('center_axis',(0.,1.,0.));
#7085=DIRECTION('ref_axis',(-1.,0.,-9.34924652315899E-15));
#7086=DIRECTION('center_axis',(1.,0.,-2.17217380149873E-15));
#7087=DIRECTION('ref_axis',(-2.17217380149873E-15,0.,-1.));
#7088=DIRECTION('',(-2.17217380149873E-15,0.,-1.));
#7089=DIRECTION('',(0.,1.,0.));
#7090=DIRECTION('',(2.17217380149873E-15,0.,1.));
#7091=DIRECTION('center_axis',(0.,1.,0.));
#7092=DIRECTION('ref_axis',(3.50596744618471E-15,0.,1.));
#7093=DIRECTION('center_axis',(0.,-1.,0.));
#7094=DIRECTION('ref_axis',(3.50596744618471E-15,0.,1.));
#7095=DIRECTION('center_axis',(0.,1.,0.));
#7096=DIRECTION('ref_axis',(3.50596744618471E-15,0.,1.));
#7097=DIRECTION('center_axis',(0.,-1.,0.));
#7098=DIRECTION('ref_axis',(-0.894427192036533,0.,0.447213593426723));
#7099=DIRECTION('center_axis',(0.,1.,0.));
#7100=DIRECTION('ref_axis',(-0.894427192036533,0.,0.447213593426723));
#7101=DIRECTION('',(0.,-1.,0.));
#7102=DIRECTION('center_axis',(0.,-1.,0.));
#7103=DIRECTION('ref_axis',(-0.894427192036533,0.,0.447213593426723));
#7104=DIRECTION('',(0.,1.,0.));
#7105=DIRECTION('center_axis',(0.,0.,-1.));
#7106=DIRECTION('ref_axis',(1.,0.,0.));
#7107=DIRECTION('',(1.,0.,0.));
#7108=DIRECTION('',(0.,1.,0.));
#7109=DIRECTION('',(1.,0.,0.));
#7110=DIRECTION('center_axis',(0.,-1.,0.));
#7111=DIRECTION('ref_axis',(0.894427192036533,0.,0.447213593426724));
#7112=DIRECTION('center_axis',(0.,1.,0.));
#7113=DIRECTION('ref_axis',(0.894427192036533,0.,0.447213593426724));
#7114=DIRECTION('',(0.,-1.,0.));
#7115=DIRECTION('center_axis',(0.,-1.,0.));
#7116=DIRECTION('ref_axis',(0.894427192036533,0.,0.447213593426724));
#7117=DIRECTION('center_axis',(-0.799999997218448,0.,0.600000003708735));
#7118=DIRECTION('ref_axis',(-0.600000003708735,0.,-0.799999997218448));
#7119=DIRECTION('',(-0.600000003708735,0.,-0.799999997218448));
#7120=DIRECTION('',(0.,1.,0.));
#7121=DIRECTION('',(-0.600000003708735,0.,-0.799999997218448));
#7122=DIRECTION('center_axis',(0.,-1.,0.));
#7123=DIRECTION('ref_axis',(1.,0.,0.));
#7124=DIRECTION('center_axis',(0.,-1.,0.));
#7125=DIRECTION('ref_axis',(0.447213593426714,0.,-0.894427192036538));
#7126=DIRECTION('',(-1.,0.,0.));
#7127=DIRECTION('center_axis',(0.,-1.,0.));
#7128=DIRECTION('ref_axis',(-0.447213593426713,0.,-0.894427192036538));
#7129=DIRECTION('',(-0.600000003708734,0.,0.79999999721845));
#7130=DIRECTION('center_axis',(0.,1.,0.));
#7131=DIRECTION('ref_axis',(1.,0.,0.));
#7132=DIRECTION('center_axis',(0.,1.,0.));
#7133=DIRECTION('ref_axis',(1.,0.,0.));
#7134=DIRECTION('center_axis',(0.,1.,0.));
#7135=DIRECTION('ref_axis',(1.,0.,0.));
#7136=DIRECTION('center_axis',(0.,1.,0.));
#7137=DIRECTION('ref_axis',(1.,0.,0.));
#7138=DIRECTION('center_axis',(0.,-1.,0.));
#7139=DIRECTION('ref_axis',(0.447213593426714,0.,-0.894427192036538));
#7140=DIRECTION('center_axis',(0.,1.,0.));
#7141=DIRECTION('ref_axis',(0.447213593426714,0.,-0.894427192036538));
#7142=DIRECTION('',(0.,-1.,0.));
#7143=DIRECTION('center_axis',(0.,0.,1.));
#7144=DIRECTION('ref_axis',(-1.,0.,0.));
#7145=DIRECTION('',(-1.,0.,0.));
#7146=DIRECTION('',(0.,1.,0.));
#7147=DIRECTION('center_axis',(0.,-1.,0.));
#7148=DIRECTION('ref_axis',(-0.447213593426713,0.,-0.894427192036538));
#7149=DIRECTION('center_axis',(0.,1.,0.));
#7150=DIRECTION('ref_axis',(-0.447213593426713,0.,-0.894427192036538));
#7151=DIRECTION('',(0.,-1.,0.));
#7152=DIRECTION('center_axis',(0.79999999721845,0.,0.600000003708734));
#7153=DIRECTION('ref_axis',(-0.600000003708734,0.,0.79999999721845));
#7154=DIRECTION('',(-0.600000003708734,0.,0.79999999721845));
#7155=DIRECTION('center_axis',(0.,-1.,0.));
#7156=DIRECTION('ref_axis',(1.,0.,0.));
#7157=DIRECTION('center_axis',(0.,1.,0.));
#7158=DIRECTION('ref_axis',(1.,0.,0.));
#7159=DIRECTION('center_axis',(0.,1.,0.));
#7160=DIRECTION('ref_axis',(1.,0.,0.));
#7161=DIRECTION('center_axis',(0.,1.,0.));
#7162=DIRECTION('ref_axis',(1.,0.,0.));
#7163=DIRECTION('center_axis',(0.,1.,0.));
#7164=DIRECTION('ref_axis',(1.,0.,0.));
#7165=DIRECTION('center_axis',(0.,-1.,0.));
#7166=DIRECTION('ref_axis',(1.,0.,0.));
#7167=DIRECTION('',(0.,1.,0.));
#7168=DIRECTION('center_axis',(0.,-1.,0.));
#7169=DIRECTION('ref_axis',(1.,0.,0.));
#7170=DIRECTION('',(0.,1.,0.));
#7171=DIRECTION('center_axis',(0.,-1.,0.));
#7172=DIRECTION('ref_axis',(1.,0.,0.));
#7173=DIRECTION('',(0.,1.,0.));
#7174=DIRECTION('center_axis',(0.,-1.,0.));
#7175=DIRECTION('ref_axis',(1.,0.,0.));
#7176=DIRECTION('',(0.,1.,0.));
#7177=DIRECTION('axis',(0.,0.,1.));
#7178=DIRECTION('refdir',(1.,0.,0.));
#7179=DIRECTION('center_axis',(-5.55111512312578E-17,0.,-1.));
#7180=DIRECTION('ref_axis',(-1.,0.,5.55111512312578E-17));
#7181=DIRECTION('',(-1.,0.,5.55111512312578E-17));
#7182=DIRECTION('',(0.,1.,0.));
#7183=DIRECTION('',(1.,0.,-5.55111512312578E-17));
#7184=DIRECTION('',(0.,1.,0.));
#7185=DIRECTION('center_axis',(0.,1.,0.));
#7186=DIRECTION('ref_axis',(1.,0.,-5.55111512312578E-17));
#7187=DIRECTION('center_axis',(0.,-1.,0.));
#7188=DIRECTION('ref_axis',(1.,0.,-5.55111512312578E-17));
#7189=DIRECTION('',(0.,1.,0.));
#7190=DIRECTION('center_axis',(0.,1.,0.));
#7191=DIRECTION('ref_axis',(1.,0.,-5.55111512312578E-17));
#7192=DIRECTION('center_axis',(-1.,0.,-6.68546782601651E-16));
#7193=DIRECTION('ref_axis',(-6.68546782601651E-16,0.,1.));
#7194=DIRECTION('',(-6.68546782601651E-16,0.,1.));
#7195=DIRECTION('',(0.,1.,0.));
#7196=DIRECTION('',(6.68546782601651E-16,0.,-1.));
#7197=DIRECTION('center_axis',(0.,1.,0.));
#7198=DIRECTION('ref_axis',(0.799999997218452,0.,-0.600000003708731));
#7199=DIRECTION('center_axis',(0.,-1.,0.));
#7200=DIRECTION('ref_axis',(0.799999997218452,0.,-0.600000003708731));
#7201=DIRECTION('',(0.,1.,0.));
#7202=DIRECTION('center_axis',(0.,1.,0.));
#7203=DIRECTION('ref_axis',(0.799999997218452,0.,-0.600000003708731));
#7204=DIRECTION('center_axis',(-0.799999997218448,0.,0.600000003708735));
#7205=DIRECTION('ref_axis',(0.600000003708735,0.,0.799999997218448));
#7206=DIRECTION('',(0.600000003708735,0.,0.799999997218448));
#7207=DIRECTION('',(0.,1.,0.));
#7208=DIRECTION('',(-0.600000003708735,0.,-0.799999997218448));
#7209=DIRECTION('center_axis',(0.,1.,0.));
#7210=DIRECTION('ref_axis',(-2.94101872066436E-8,0.,-1.));
#7211=DIRECTION('center_axis',(0.,-1.,0.));
#7212=DIRECTION('ref_axis',(-2.94101872066436E-8,0.,-1.));
#7213=DIRECTION('',(0.,1.,0.));
#7214=DIRECTION('center_axis',(0.,1.,0.));
#7215=DIRECTION('ref_axis',(-2.94101872066436E-8,0.,-1.));
#7216=DIRECTION('center_axis',(1.83186801048384E-15,0.,1.));
#7217=DIRECTION('ref_axis',(1.,0.,-1.83186801048384E-15));
#7218=DIRECTION('',(1.,0.,-1.83186801048384E-15));
#7219=DIRECTION('',(0.,1.,0.));
#7220=DIRECTION('',(-1.,0.,1.83186801048384E-15));
#7221=DIRECTION('center_axis',(0.,1.,0.));
#7222=DIRECTION('ref_axis',(-0.799999997218451,0.,-0.600000003708733));
#7223=DIRECTION('center_axis',(0.,-1.,0.));
#7224=DIRECTION('ref_axis',(-0.799999997218451,0.,-0.600000003708733));
#7225=DIRECTION('',(0.,1.,0.));
#7226=DIRECTION('center_axis',(0.,1.,0.));
#7227=DIRECTION('ref_axis',(-0.799999997218451,0.,-0.600000003708733));
#7228=DIRECTION('center_axis',(0.799999997218452,0.,0.600000003708731));
#7229=DIRECTION('ref_axis',(0.600000003708731,0.,-0.799999997218452));
#7230=DIRECTION('',(0.600000003708731,0.,-0.799999997218452));
#7231=DIRECTION('',(0.,1.,0.));
#7232=DIRECTION('',(-0.600000003708731,0.,0.799999997218452));
#7233=DIRECTION('center_axis',(0.,1.,0.));
#7234=DIRECTION('ref_axis',(-1.,0.,-9.29373537192773E-15));
#7235=DIRECTION('center_axis',(0.,-1.,0.));
#7236=DIRECTION('ref_axis',(-1.,0.,-9.29373537192773E-15));
#7237=DIRECTION('',(0.,1.,0.));
#7238=DIRECTION('center_axis',(0.,1.,0.));
#7239=DIRECTION('ref_axis',(-1.,0.,-9.29373537192773E-15));
#7240=DIRECTION('center_axis',(1.,0.,-2.22768495272998E-15));
#7241=DIRECTION('ref_axis',(-2.22768495272998E-15,0.,-1.));
#7242=DIRECTION('',(-2.22768495272998E-15,0.,-1.));
#7243=DIRECTION('',(0.,1.,0.));
#7244=DIRECTION('',(2.22768495272998E-15,0.,1.));
#7245=DIRECTION('center_axis',(0.,1.,0.));
#7246=DIRECTION('ref_axis',(3.56147859741597E-15,0.,1.));
#7247=DIRECTION('center_axis',(0.,-1.,0.));
#7248=DIRECTION('ref_axis',(3.56147859741597E-15,0.,1.));
#7249=DIRECTION('center_axis',(0.,1.,0.));
#7250=DIRECTION('ref_axis',(3.56147859741597E-15,0.,1.));
#7251=DIRECTION('center_axis',(0.,-1.,0.));
#7252=DIRECTION('ref_axis',(-0.894427192036533,0.,0.447213593426723));
#7253=DIRECTION('center_axis',(0.,1.,0.));
#7254=DIRECTION('ref_axis',(-0.894427192036533,0.,0.447213593426723));
#7255=DIRECTION('',(0.,-1.,0.));
#7256=DIRECTION('center_axis',(0.,-1.,0.));
#7257=DIRECTION('ref_axis',(-0.894427192036533,0.,0.447213593426723));
#7258=DIRECTION('',(0.,1.,0.));
#7259=DIRECTION('center_axis',(-5.55111512312578E-17,0.,-1.));
#7260=DIRECTION('ref_axis',(1.,0.,-5.55111512312578E-17));
#7261=DIRECTION('',(1.,0.,-5.55111512312578E-17));
#7262=DIRECTION('',(0.,1.,0.));
#7263=DIRECTION('',(1.,0.,-5.55111512312578E-17));
#7264=DIRECTION('center_axis',(0.,-1.,0.));
#7265=DIRECTION('ref_axis',(0.894427192036533,0.,0.447213593426724));
#7266=DIRECTION('center_axis',(0.,1.,0.));
#7267=DIRECTION('ref_axis',(0.894427192036533,0.,0.447213593426724));
#7268=DIRECTION('',(0.,-1.,0.));
#7269=DIRECTION('center_axis',(0.,-1.,0.));
#7270=DIRECTION('ref_axis',(0.894427192036533,0.,0.447213593426724));
#7271=DIRECTION('center_axis',(-0.799999997218448,0.,0.600000003708735));
#7272=DIRECTION('ref_axis',(-0.600000003708735,0.,-0.799999997218448));
#7273=DIRECTION('',(-0.600000003708735,0.,-0.799999997218448));
#7274=DIRECTION('',(0.,1.,0.));
#7275=DIRECTION('',(-0.600000003708735,0.,-0.799999997218448));
#7276=DIRECTION('center_axis',(0.,-1.,0.));
#7277=DIRECTION('ref_axis',(1.,0.,-5.55111512312578E-17));
#7278=DIRECTION('center_axis',(0.,-1.,0.));
#7279=DIRECTION('ref_axis',(0.447213593426714,0.,-0.894427192036538));
#7280=DIRECTION('',(-1.,0.,5.55111512312578E-17));
#7281=DIRECTION('center_axis',(0.,-1.,0.));
#7282=DIRECTION('ref_axis',(-0.447213593426713,0.,-0.894427192036538));
#7283=DIRECTION('',(-0.600000003708734,0.,0.79999999721845));
#7284=DIRECTION('center_axis',(0.,1.,0.));
#7285=DIRECTION('ref_axis',(1.,0.,-5.55111512312578E-17));
#7286=DIRECTION('center_axis',(0.,1.,0.));
#7287=DIRECTION('ref_axis',(1.,0.,-5.55111512312578E-17));
#7288=DIRECTION('center_axis',(0.,1.,0.));
#7289=DIRECTION('ref_axis',(1.,0.,-5.55111512312578E-17));
#7290=DIRECTION('center_axis',(0.,1.,0.));
#7291=DIRECTION('ref_axis',(1.,0.,-5.55111512312578E-17));
#7292=DIRECTION('center_axis',(0.,-1.,0.));
#7293=DIRECTION('ref_axis',(0.447213593426714,0.,-0.894427192036538));
#7294=DIRECTION('center_axis',(0.,1.,0.));
#7295=DIRECTION('ref_axis',(0.447213593426714,0.,-0.894427192036538));
#7296=DIRECTION('',(0.,-1.,0.));
#7297=DIRECTION('center_axis',(5.55111512312578E-17,0.,1.));
#7298=DIRECTION('ref_axis',(-1.,0.,5.55111512312578E-17));
#7299=DIRECTION('',(-1.,0.,5.55111512312578E-17));
#7300=DIRECTION('',(0.,1.,0.));
#7301=DIRECTION('center_axis',(0.,-1.,0.));
#7302=DIRECTION('ref_axis',(-0.447213593426713,0.,-0.894427192036538));
#7303=DIRECTION('center_axis',(0.,1.,0.));
#7304=DIRECTION('ref_axis',(-0.447213593426713,0.,-0.894427192036538));
#7305=DIRECTION('',(0.,-1.,0.));
#7306=DIRECTION('center_axis',(0.79999999721845,0.,0.600000003708734));
#7307=DIRECTION('ref_axis',(-0.600000003708734,0.,0.79999999721845));
#7308=DIRECTION('',(-0.600000003708734,0.,0.79999999721845));
#7309=DIRECTION('center_axis',(0.,-1.,0.));
#7310=DIRECTION('ref_axis',(1.,0.,-5.55111512312578E-17));
#7311=DIRECTION('center_axis',(0.,1.,0.));
#7312=DIRECTION('ref_axis',(1.,0.,-5.55111512312578E-17));
#7313=DIRECTION('center_axis',(0.,1.,0.));
#7314=DIRECTION('ref_axis',(1.,0.,-5.55111512312578E-17));
#7315=DIRECTION('center_axis',(0.,1.,0.));
#7316=DIRECTION('ref_axis',(1.,0.,-5.55111512312578E-17));
#7317=DIRECTION('center_axis',(0.,1.,0.));
#7318=DIRECTION('ref_axis',(1.,0.,-5.55111512312578E-17));
#7319=DIRECTION('center_axis',(0.,-1.,0.));
#7320=DIRECTION('ref_axis',(1.,0.,-5.55111512312578E-17));
#7321=DIRECTION('',(0.,1.,0.));
#7322=DIRECTION('center_axis',(0.,-1.,0.));
#7323=DIRECTION('ref_axis',(1.,0.,-5.55111512312578E-17));
#7324=DIRECTION('',(0.,1.,0.));
#7325=DIRECTION('center_axis',(0.,-1.,0.));
#7326=DIRECTION('ref_axis',(1.,0.,-5.55111512312578E-17));
#7327=DIRECTION('',(0.,1.,0.));
#7328=DIRECTION('center_axis',(0.,-1.,0.));
#7329=DIRECTION('ref_axis',(1.,0.,-5.55111512312578E-17));
#7330=DIRECTION('',(0.,1.,0.));
#7331=DIRECTION('',(0.,0.,1.));
#7332=DIRECTION('',(1.,0.,0.));
#7333=DIRECTION('',(0.,0.,1.));
#7334=DIRECTION('',(1.,0.,0.));
#7335=DIRECTION('axis',(0.,0.,1.));
#7336=DIRECTION('refdir',(1.,0.,0.));
#7337=DIRECTION('center_axis',(0.,0.,1.));
#7338=DIRECTION('ref_axis',(1.,0.,0.));
#7339=DIRECTION('center_axis',(0.,0.,1.));
#7340=DIRECTION('ref_axis',(1.,0.,0.));
#7341=DIRECTION('',(0.707106781186547,8.65956056235493E-17,-0.707106781186548));
#7342=DIRECTION('center_axis',(0.,0.,1.));
#7343=DIRECTION('ref_axis',(1.,0.,0.));
#7344=DIRECTION('center_axis',(0.,0.,-1.));
#7345=DIRECTION('ref_axis',(1.,0.,0.));
#7346=DIRECTION('',(0.,0.,1.));
#7347=DIRECTION('center_axis',(0.,0.,-1.));
#7348=DIRECTION('ref_axis',(1.,0.,0.));
#7349=DIRECTION('center_axis',(0.,0.,-1.));
#7350=DIRECTION('ref_axis',(1.,0.,0.));
#7351=DIRECTION('center_axis',(0.,0.,1.));
#7352=DIRECTION('ref_axis',(1.,0.,0.));
#7353=DIRECTION('center_axis',(0.,0.,-1.));
#7354=DIRECTION('ref_axis',(1.,0.,0.));
#7355=DIRECTION('',(0.707106781186547,-8.65956056235493E-17,0.707106781186548));
#7356=DIRECTION('center_axis',(0.,0.,-1.));
#7357=DIRECTION('ref_axis',(1.,0.,0.));
#7358=DIRECTION('center_axis',(0.,0.,-1.));
#7359=DIRECTION('ref_axis',(1.,0.,0.));
#7360=DIRECTION('center_axis',(0.,0.,1.));
#7361=DIRECTION('ref_axis',(1.,0.,0.));
#7362=DIRECTION('center_axis',(0.,0.,-1.));
#7363=DIRECTION('ref_axis',(1.,0.,0.));
#7364=DIRECTION('center_axis',(0.,0.,-1.));
#7365=DIRECTION('ref_axis',(1.,0.,0.));
#7366=DIRECTION('',(-0.707106781186548,8.65956056235494E-17,-0.707106781186547));
#7367=DIRECTION('center_axis',(0.,0.,-1.));
#7368=DIRECTION('ref_axis',(1.,0.,0.));
#7369=DIRECTION('center_axis',(0.,0.,1.));
#7370=DIRECTION('ref_axis',(1.,0.,0.));
#7371=DIRECTION('',(0.,0.,-1.));
#7372=DIRECTION('center_axis',(0.,0.,-1.));
#7373=DIRECTION('ref_axis',(1.,0.,0.));
#7374=DIRECTION('center_axis',(0.,0.,-1.));
#7375=DIRECTION('ref_axis',(1.,0.,0.));
#7376=DIRECTION('',(-0.499902762747606,6.12204318283775E-17,-0.866081536460229));
#7377=DIRECTION('center_axis',(0.,0.,-1.));
#7378=DIRECTION('ref_axis',(1.,0.,0.));
#7379=DIRECTION('center_axis',(0.,0.,-1.));
#7380=DIRECTION('ref_axis',(1.,0.,0.));
#7381=DIRECTION('',(0.,0.,-1.));
#7382=DIRECTION('center_axis',(0.,0.,-1.));
#7383=DIRECTION('ref_axis',(1.,0.,0.));
#7384=DIRECTION('',(0.,0.,1.));
#7385=DIRECTION('center_axis',(0.,0.,1.));
#7386=DIRECTION('ref_axis',(1.,0.,0.));
#7387=DIRECTION('center_axis',(0.,0.,-1.));
#7388=DIRECTION('ref_axis',(-1.,0.,0.));
#7389=DIRECTION('center_axis',(0.,0.,-1.));
#7390=DIRECTION('ref_axis',(1.,0.,0.));
#7391=DIRECTION('center_axis',(0.,0.,-1.));
#7392=DIRECTION('ref_axis',(-1.,0.,0.));
#7393=DIRECTION('center_axis',(0.,0.,-1.));
#7394=DIRECTION('ref_axis',(-1.,0.,0.));
#7395=DIRECTION('',(-0.6,7.34788079488412E-17,0.8));
#7396=DIRECTION('center_axis',(-4.12063432796478E-16,-1.,0.));
#7397=DIRECTION('ref_axis',(1.,-4.12063432796478E-16,0.));
#7398=DIRECTION('',(1.,-4.12063432796478E-16,0.));
#7399=DIRECTION('',(0.,0.,1.));
#7400=DIRECTION('',(1.,-4.12063432796478E-16,0.));
#7401=DIRECTION('',(0.,0.,1.));
#7402=DIRECTION('center_axis',(-0.866025403784439,-0.5,0.));
#7403=DIRECTION('ref_axis',(0.5,-0.866025403784439,0.));
#7404=DIRECTION('',(0.5,-0.866025403784439,0.));
#7405=DIRECTION('',(0.5,-0.866025403784439,0.));
#7406=DIRECTION('',(0.,0.,1.));
#7407=DIRECTION('center_axis',(-0.866025403784439,0.5,0.));
#7408=DIRECTION('ref_axis',(-0.5,-0.866025403784439,0.));
#7409=DIRECTION('',(-0.5,-0.866025403784439,0.));
#7410=DIRECTION('',(-0.5,-0.866025403784439,0.));
#7411=DIRECTION('',(0.,0.,1.));
#7412=DIRECTION('center_axis',(0.,1.,0.));
#7413=DIRECTION('ref_axis',(-1.,0.,0.));
#7414=DIRECTION('',(-1.,0.,0.));
#7415=DIRECTION('',(-1.,0.,0.));
#7416=DIRECTION('',(0.,0.,1.));
#7417=DIRECTION('center_axis',(0.866025403784439,0.5,0.));
#7418=DIRECTION('ref_axis',(-0.5,0.866025403784439,0.));
#7419=DIRECTION('',(-0.5,0.866025403784439,0.));
#7420=DIRECTION('',(-0.5,0.866025403784439,0.));
#7421=DIRECTION('',(0.,0.,1.));
#7422=DIRECTION('center_axis',(0.866025403784438,-0.5,0.));
#7423=DIRECTION('ref_axis',(0.5,0.866025403784438,0.));
#7424=DIRECTION('',(0.5,0.866025403784438,0.));
#7425=DIRECTION('',(0.5,0.866025403784438,0.));
#7426=DIRECTION('center_axis',(0.,0.,1.));
#7427=DIRECTION('ref_axis',(1.,0.,0.));
#7428=DIRECTION('center_axis',(0.,0.,1.));
#7429=DIRECTION('ref_axis',(1.,0.,0.));
#7430=DIRECTION('axis',(0.,0.,1.));
#7431=DIRECTION('refdir',(1.,0.,0.));
#7432=DIRECTION('center_axis',(-7.21111023511924E-16,-1.,0.));
#7433=DIRECTION('ref_axis',(-1.,7.21111023511924E-16,0.));
#7434=DIRECTION('',(-1.,7.21111023511924E-16,0.));
#7435=DIRECTION('',(0.,0.,-1.));
#7436=DIRECTION('',(-1.,7.21111023511924E-16,0.));
#7437=DIRECTION('',(-1.,7.21111023511924E-16,0.));
#7438=DIRECTION('',(0.,0.,-1.));
#7439=DIRECTION('center_axis',(-0.866025403784439,-0.5,0.));
#7440=DIRECTION('ref_axis',(-0.499999999999999,0.866025403784439,0.));
#7441=DIRECTION('',(-0.499999999999999,0.866025403784439,0.));
#7442=DIRECTION('',(-0.499999999999999,0.866025403784439,0.));
#7443=DIRECTION('',(-0.499999999999999,0.866025403784439,0.));
#7444=DIRECTION('',(0.,0.,-1.));
#7445=DIRECTION('center_axis',(0.866025403784438,-0.500000000000001,0.));
#7446=DIRECTION('ref_axis',(-0.500000000000001,-0.866025403784438,0.));
#7447=DIRECTION('',(-0.500000000000001,-0.866025403784438,0.));
#7448=DIRECTION('',(0.,0.,-1.));
#7449=DIRECTION('',(-0.500000000000001,-0.866025403784438,0.));
#7450=DIRECTION('',(-0.500000000000001,-0.866025403784438,0.));
#7451=DIRECTION('center_axis',(-0.866025403784438,0.5,0.));
#7452=DIRECTION('ref_axis',(0.5,0.866025403784438,0.));
#7453=DIRECTION('',(0.5,0.866025403784438,0.));
#7454=DIRECTION('',(0.5,0.866025403784438,0.));
#7455=DIRECTION('',(0.5,0.866025403784438,0.));
#7456=DIRECTION('',(0.,0.,-1.));
#7457=DIRECTION('center_axis',(0.866025403784439,0.499999999999999,0.));
#7458=DIRECTION('ref_axis',(0.499999999999999,-0.866025403784439,0.));
#7459=DIRECTION('',(0.499999999999999,-0.866025403784439,0.));
#7460=DIRECTION('',(0.,0.,-1.));
#7461=DIRECTION('',(0.499999999999999,-0.866025403784439,0.));
#7462=DIRECTION('',(0.499999999999999,-0.866025403784439,0.));
#7463=DIRECTION('center_axis',(0.,0.,-1.));
#7464=DIRECTION('ref_axis',(-1.,0.,0.));
#7465=DIRECTION('center_axis',(0.,0.,1.));
#7466=DIRECTION('ref_axis',(1.,0.,0.));
#7467=DIRECTION('',(1.,-4.80740682341282E-16,0.));
#7468=DIRECTION('center_axis',(0.,0.,-1.));
#7469=DIRECTION('ref_axis',(-1.,0.,0.));
#7470=DIRECTION('center_axis',(0.,0.,1.));
#7471=DIRECTION('ref_axis',(1.,0.,0.));
#7472=DIRECTION('center_axis',(0.,0.,1.));
#7473=DIRECTION('ref_axis',(1.,0.,0.));
#7474=DIRECTION('center_axis',(0.,0.,-1.));
#7475=DIRECTION('ref_axis',(-1.,0.,0.));
#7476=DIRECTION('center_axis',(0.,0.,1.));
#7477=DIRECTION('ref_axis',(1.,0.,0.));
#7478=DIRECTION('center_axis',(0.,0.,-1.));
#7479=DIRECTION('ref_axis',(-1.,0.,0.));
#7480=DIRECTION('center_axis',(0.,0.,1.));
#7481=DIRECTION('ref_axis',(1.,0.,0.));
#7482=DIRECTION('center_axis',(0.,0.,-1.));
#7483=DIRECTION('ref_axis',(-1.,0.,0.));
#7484=DIRECTION('center_axis',(0.,0.,1.));
#7485=DIRECTION('ref_axis',(1.,0.,0.));
#7486=DIRECTION('center_axis',(0.,0.,-1.));
#7487=DIRECTION('ref_axis',(-1.,0.,0.));
#7488=DIRECTION('center_axis',(0.,0.,1.));
#7489=DIRECTION('ref_axis',(1.,0.,0.));
#7490=DIRECTION('',(1.,-4.80740682341282E-16,0.));
#7491=DIRECTION('center_axis',(4.80740682341282E-16,1.,0.));
#7492=DIRECTION('ref_axis',(1.,-4.80740682341282E-16,0.));
#7493=DIRECTION('',(1.,-4.80740682341282E-16,0.));
#7494=DIRECTION('center_axis',(0.,0.,1.));
#7495=DIRECTION('ref_axis',(1.,0.,0.));
#7496=DIRECTION('',(0.,0.,-1.));
#7497=DIRECTION('center_axis',(0.,0.,-1.));
#7498=DIRECTION('ref_axis',(1.,0.,0.));
#7499=DIRECTION('center_axis',(0.,0.,1.));
#7500=DIRECTION('ref_axis',(1.,0.,0.));
#7501=DIRECTION('center_axis',(0.,0.,-1.));
#7502=DIRECTION('ref_axis',(1.,0.,0.));
#7503=DIRECTION('',(0.,0.,-1.));
#7504=DIRECTION('center_axis',(0.,0.,-1.));
#7505=DIRECTION('ref_axis',(1.,0.,0.));
#7506=DIRECTION('center_axis',(0.,0.,1.));
#7507=DIRECTION('ref_axis',(1.,0.,0.));
#7508=DIRECTION('center_axis',(0.,0.,1.));
#7509=DIRECTION('ref_axis',(1.,0.,0.));
#7510=DIRECTION('axis',(0.,0.,1.));
#7511=DIRECTION('refdir',(1.,0.,0.));
#7512=DIRECTION('center_axis',(0.468521285665816,0.624695047554422,-0.624695047554428));
#7513=DIRECTION('ref_axis',(-0.8,0.6,0.));
#7514=DIRECTION('center_axis',(-8.65956056235494E-17,-0.707106781186548,
-0.707106781186547));
#7515=DIRECTION('ref_axis',(-8.65956056235493E-17,-0.707106781186547,0.707106781186548));
#7516=DIRECTION('center_axis',(-0.999999980555211,-0.000139444573835482,
0.000139444573835483));
#7517=DIRECTION('ref_axis',(0.,0.707106781186551,0.707106781186545));
#7518=DIRECTION('center_axis',(1.33059388913602E-16,0.780868809443031,0.624695047554424));
#7519=DIRECTION('ref_axis',(-1.73387706291057E-16,-0.624695047554424,0.780868809443031));
#7520=DIRECTION('center_axis',(0.,-0.654967443191405,-0.755657097074667));
#7521=DIRECTION('ref_axis',(1.11787972082737E-16,0.755657097074667,-0.654967443191405));
#7522=DIRECTION('center_axis',(8.65956056235494E-17,0.707106781186548,0.707106781186547));
#7523=DIRECTION('ref_axis',(8.65817010862948E-17,0.707106781186547,-0.707106781186548));
#7524=DIRECTION('',(-8.65956056235492E-17,-0.707106781186547,0.707106781186548));
#7525=DIRECTION('center_axis',(-0.999999980555211,0.000139444573835481,
0.000139444573835482));
#7526=DIRECTION('ref_axis',(-0.000139444575191217,-0.999999990277605,0.));
#7527=DIRECTION('center_axis',(8.65956056235494E-17,0.707106781186548,-0.707106781186547));
#7528=DIRECTION('ref_axis',(8.65956056235492E-17,0.707106781186547,0.707106781186548));
#7529=DIRECTION('center_axis',(0.468521285665819,-0.624695047554423,-0.624695047554425));
#7530=DIRECTION('ref_axis',(0.,-0.707106781186548,0.707106781186547));
#7531=DIRECTION('center_axis',(-5.81983086940802E-17,-0.780868809443031,
0.624695047554424));
#7532=DIRECTION('ref_axis',(1.73387706291057E-16,0.624695047554424,0.780868809443031));
#7533=DIRECTION('center_axis',(-8.65956056235494E-17,-0.707106781186548,
0.707106781186547));
#7534=DIRECTION('ref_axis',(-6.03434826696382E-17,-0.707106781186547,-0.707106781186548));
#7535=DIRECTION('center_axis',(0.,0.654967443191406,-0.755657097074667));
#7536=DIRECTION('ref_axis',(-1.11787972082737E-16,-0.755657097074667,-0.654967443191406));
#7537=DIRECTION('',(-8.65956056235492E-17,-0.707106781186547,-0.707106781186548));
#7538=DIRECTION('center_axis',(-8.65956056235494E-17,-0.707106781186548,
-0.707106781186547));
#7539=DIRECTION('ref_axis',(-1.,0.,1.22464679914736E-16));
#7540=DIRECTION('',(-8.65956056235492E-17,-0.707106781186547,0.707106781186548));
#7541=DIRECTION('',(-1.,1.22464679914735E-16,0.));
#7542=DIRECTION('center_axis',(0.,0.,1.));
#7543=DIRECTION('ref_axis',(1.,0.,0.));
#7544=DIRECTION('',(0.,0.,1.));
#7545=DIRECTION('center_axis',(5.81983086940801E-17,0.78086880944303,-0.624695047554425));
#7546=DIRECTION('ref_axis',(-1.73387706291057E-16,-0.624695047554425,-0.78086880944303));
#7547=DIRECTION('center_axis',(-1.33059388913602E-16,-0.78086880944303,
-0.624695047554425));
#7548=DIRECTION('ref_axis',(1.73387706291057E-16,0.624695047554424,-0.78086880944303));
#7549=DIRECTION('',(0.,0.,1.));
#7550=DIRECTION('center_axis',(-0.999999980555211,-0.000139444573835485,
-0.000139444573835485));
#7551=DIRECTION('ref_axis',(0.000139444575191218,-0.999999990277605,1.77635683940027E-14));
#7552=DIRECTION('center_axis',(-8.65956056235494E-17,-0.707106781186548,
0.707106781186547));
#7553=DIRECTION('ref_axis',(-8.65964333818684E-17,-0.707106781186547,-0.707106781186548));
#7554=DIRECTION('center_axis',(-8.94303776661893E-16,0.654967443191405,
-0.755657097074668));
#7555=DIRECTION('ref_axis',(-1.11787972082737E-16,-0.755657097074668,-0.654967443191405));
#7556=DIRECTION('center_axis',(-0.468521285665815,-0.624695047554423,-0.624695047554428));
#7557=DIRECTION('ref_axis',(0.800000000000001,-0.599999999999999,0.));
#7558=DIRECTION('center_axis',(8.65956056235494E-17,0.707106781186548,-0.707106781186547));
#7559=DIRECTION('ref_axis',(8.65956056235493E-17,0.707106781186547,0.707106781186548));
#7560=DIRECTION('center_axis',(-1.33059388913602E-16,-0.780868809443031,
0.624695047554424));
#7561=DIRECTION('ref_axis',(1.73387706291057E-16,0.624695047554424,0.780868809443031));
#7562=DIRECTION('',(8.65956056235493E-17,0.707106781186547,0.707106781186548));
#7563=DIRECTION('center_axis',(0.999999980555211,-0.000139444573835483,
0.000139444573835484));
#7564=DIRECTION('ref_axis',(0.000139444575191217,0.999999990277605,8.88178419700125E-15));
#7565=DIRECTION('center_axis',(-8.65956056235494E-17,-0.707106781186548,
-0.707106781186547));
#7566=DIRECTION('ref_axis',(-8.65956056235493E-17,-0.707106781186547,0.707106781186548));
#7567=DIRECTION('center_axis',(-0.468521285665816,0.624695047554424,-0.624695047554427));
#7568=DIRECTION('ref_axis',(2.22044604925031E-15,0.70710678118655,0.707106781186545));
#7569=DIRECTION('center_axis',(5.81983086940802E-17,0.780868809443031,0.624695047554424));
#7570=DIRECTION('ref_axis',(-1.73387706291057E-16,-0.624695047554424,0.780868809443031));
#7571=DIRECTION('center_axis',(8.65956056235494E-17,0.707106781186548,0.707106781186547));
#7572=DIRECTION('ref_axis',(6.03434826696382E-17,0.707106781186547,-0.707106781186548));
#7573=DIRECTION('center_axis',(0.,-0.654967443191406,-0.755657097074667));
#7574=DIRECTION('ref_axis',(1.11787972082737E-16,0.755657097074667,-0.654967443191406));
#7575=DIRECTION('',(8.65956056235492E-17,0.707106781186547,-0.707106781186548));
#7576=DIRECTION('center_axis',(8.65956056235494E-17,0.707106781186548,-0.707106781186547));
#7577=DIRECTION('ref_axis',(-1.,0.,-1.22464679914735E-16));
#7578=DIRECTION('',(8.65956056235493E-17,0.707106781186547,0.707106781186548));
#7579=DIRECTION('',(1.,-1.22464679914735E-16,0.));
#7580=DIRECTION('center_axis',(0.,0.,1.));
#7581=DIRECTION('ref_axis',(-1.,1.22464679914735E-16,0.));
#7582=DIRECTION('',(0.,0.,1.));
#7583=DIRECTION('center_axis',(-5.81983086940801E-17,-0.78086880944303,
-0.624695047554424));
#7584=DIRECTION('ref_axis',(1.73387706291057E-16,0.624695047554424,-0.78086880944303));
#7585=DIRECTION('center_axis',(1.33059388913602E-16,0.78086880944303,-0.624695047554424));
#7586=DIRECTION('ref_axis',(-1.73387706291057E-16,-0.624695047554424,-0.78086880944303));
#7587=DIRECTION('',(0.,0.,1.));
#7588=DIRECTION('center_axis',(-0.468521285665819,0.624695047554426,0.624695047554423));
#7589=DIRECTION('ref_axis',(0.8,0.6,0.));
#7590=DIRECTION('center_axis',(-8.65956056235493E-17,-0.707106781186548,
0.707106781186548));
#7591=DIRECTION('ref_axis',(-8.65956056235493E-17,-0.707106781186547,-0.707106781186547));
#7592=DIRECTION('center_axis',(0.999999980555211,-0.000139444573835481,
-0.000139444573835481));
#7593=DIRECTION('ref_axis',(0.,0.707106781186547,-0.707106781186548));
#7594=DIRECTION('center_axis',(-5.58939860413683E-17,-0.654967443191405,
0.755657097074668));
#7595=DIRECTION('ref_axis',(1.11787972082737E-16,0.755657097074668,0.654967443191405));
#7596=DIRECTION('center_axis',(8.65956056235493E-17,0.707106781186548,-0.707106781186548));
#7597=DIRECTION('ref_axis',(6.03434826696382E-17,0.707106781186548,0.707106781186547));
#7598=DIRECTION('',(-8.65956056235493E-17,-0.707106781186548,-0.707106781186548));
#7599=DIRECTION('center_axis',(0.999999980555211,0.000139444573836592,-0.000139444573835021));
#7600=DIRECTION('ref_axis',(0.000139444575192327,-0.999999990277605,0.));
#7601=DIRECTION('center_axis',(8.65956056235493E-17,0.707106781186548,0.707106781186547));
#7602=DIRECTION('ref_axis',(8.65956056235493E-17,0.707106781186547,-0.707106781186548));
#7603=DIRECTION('center_axis',(-0.468521285665818,-0.624695047554425,0.624695047554424));
#7604=DIRECTION('ref_axis',(0.,-0.707106781186547,-0.707106781186548));
#7605=DIRECTION('center_axis',(-8.65956056235493E-17,-0.707106781186548,
-0.707106781186547));
#7606=DIRECTION('ref_axis',(-8.65817010862948E-17,-0.707106781186547,0.707106781186548));
#7607=DIRECTION('center_axis',(-5.58939860413683E-17,0.654967443191405,
0.755657097074668));
#7608=DIRECTION('ref_axis',(-1.11787972082737E-16,-0.755657097074668,0.654967443191405));
#7609=DIRECTION('',(-8.65956056235493E-17,-0.707106781186547,0.707106781186548));
#7610=DIRECTION('center_axis',(-8.65956056235493E-17,-0.707106781186548,
0.707106781186548));
#7611=DIRECTION('ref_axis',(1.,0.,1.22464679914735E-16));
#7612=DIRECTION('',(-8.65956056235493E-17,-0.707106781186548,-0.707106781186548));
#7613=DIRECTION('',(1.,-1.22464679914735E-16,0.));
#7614=DIRECTION('center_axis',(-0.999999980555211,-0.000139444573835479,
-0.000139444573835479));
#7615=DIRECTION('ref_axis',(-0.000139444575191216,0.999999990277605,1.11022302462515E-14));
#7616=DIRECTION('center_axis',(-8.65956056235493E-17,-0.707106781186547,
0.707106781186548));
#7617=DIRECTION('ref_axis',(-8.65956056235494E-17,-0.707106781186548,-0.707106781186547));
#7618=DIRECTION('center_axis',(0.468521285665818,0.624695047554424,0.624695047554424));
#7619=DIRECTION('ref_axis',(0.,0.707106781186547,-0.707106781186548));
#7620=DIRECTION('center_axis',(8.65956056235493E-17,0.707106781186547,-0.707106781186548));
#7621=DIRECTION('ref_axis',(8.65669687907212E-17,0.707106781186548,0.707106781186547));
#7622=DIRECTION('center_axis',(5.58939860413683E-17,-0.654967443191404,
0.755657097074668));
#7623=DIRECTION('ref_axis',(1.11787972082737E-16,0.755657097074668,0.654967443191404));
#7624=DIRECTION('',(8.65956056235494E-17,0.707106781186548,0.707106781186547));
#7625=DIRECTION('center_axis',(0.468521285665818,-0.624695047554425,0.624695047554423));
#7626=DIRECTION('ref_axis',(-0.8,-0.6,0.));
#7627=DIRECTION('center_axis',(8.65956056235493E-17,0.707106781186547,0.707106781186548));
#7628=DIRECTION('ref_axis',(8.65956056235493E-17,0.707106781186548,-0.707106781186547));
#7629=DIRECTION('center_axis',(-0.999999980555211,0.000139444573835481,
-0.000139444573835481));
#7630=DIRECTION('ref_axis',(0.,-0.707106781186548,-0.707106781186547));
#7631=DIRECTION('center_axis',(0.,0.654967443191405,0.755657097074668));
#7632=DIRECTION('ref_axis',(-1.11787972082737E-16,-0.755657097074668,0.654967443191404));
#7633=DIRECTION('center_axis',(-8.65956056235493E-17,-0.707106781186547,
-0.707106781186548));
#7634=DIRECTION('ref_axis',(-6.03434826696383E-17,-0.707106781186548,0.707106781186547));
#7635=DIRECTION('',(8.65956056235493E-17,0.707106781186548,-0.707106781186547));
#7636=DIRECTION('center_axis',(0.,0.,1.));
#7637=DIRECTION('ref_axis',(-0.000139444575191501,0.999999990277605,0.));
#7638=DIRECTION('',(0.,0.,1.));
#7639=DIRECTION('center_axis',(8.65956056235493E-17,0.707106781186547,0.707106781186548));
#7640=DIRECTION('ref_axis',(1.,0.,-1.22464679914735E-16));
#7641=DIRECTION('',(8.65956056235493E-17,0.707106781186548,-0.707106781186547));
#7642=DIRECTION('',(-1.,1.22464679914735E-16,0.));
#7643=DIRECTION('center_axis',(8.65956056235494E-17,0.707106781186548,-0.707106781186547));
#7644=DIRECTION('ref_axis',(-1.,0.,-1.22464679914736E-16));
#7645=DIRECTION('',(1.,-1.22464679914735E-16,0.));
#7646=DIRECTION('',(-8.65956056235492E-17,-0.707106781186547,-0.707106781186548));
#7647=DIRECTION('center_axis',(1.,-1.22464679914735E-16,0.));
#7648=DIRECTION('ref_axis',(0.,0.,1.));
#7649=DIRECTION('',(0.,0.,1.));
#7650=DIRECTION('',(-1.22464679914735E-16,-1.,0.));
#7651=DIRECTION('',(0.,0.,-1.));
#7652=DIRECTION('center_axis',(-1.,1.22464679914735E-16,0.));
#7653=DIRECTION('ref_axis',(0.,0.,-1.));
#7654=DIRECTION('',(8.65956056235492E-17,0.707106781186547,-0.707106781186548));
#7655=DIRECTION('',(0.,0.,-1.));
#7656=DIRECTION('',(-1.22464679914735E-16,-1.,0.));
#7657=DIRECTION('',(0.,0.,1.));
#7658=DIRECTION('center_axis',(-8.65956056235494E-17,-0.707106781186548,
-0.707106781186547));
#7659=DIRECTION('ref_axis',(-1.,0.,1.22464679914736E-16));
#7660=DIRECTION('',(-1.,1.22464679914735E-16,0.));
#7661=DIRECTION('center_axis',(-1.22464679914735E-16,-1.,0.));
#7662=DIRECTION('ref_axis',(1.,-1.22464679914735E-16,0.));
#7663=DIRECTION('',(0.,0.,1.));
#7664=DIRECTION('',(0.,0.,1.));
#7665=DIRECTION('',(-1.,1.22464679914735E-16,0.));
#7666=DIRECTION('',(0.,0.,-1.));
#7667=DIRECTION('',(1.,-1.22464679914735E-16,0.));
#7668=DIRECTION('',(1.,-1.22464679914735E-16,0.));
#7669=DIRECTION('center_axis',(1.22464679914735E-16,1.,0.));
#7670=DIRECTION('ref_axis',(-1.,1.22464679914735E-16,0.));
#7671=DIRECTION('center_axis',(1.22464679914735E-16,1.,0.));
#7672=DIRECTION('ref_axis',(-1.,1.22464679914735E-16,0.));
#7673=DIRECTION('center_axis',(1.22464679914735E-16,1.,0.));
#7674=DIRECTION('ref_axis',(-1.,1.22464679914735E-16,0.));
#7675=DIRECTION('center_axis',(1.22464679914735E-16,1.,0.));
#7676=DIRECTION('ref_axis',(0.,0.,1.));
#7677=DIRECTION('center_axis',(1.22464679914735E-16,1.,0.));
#7678=DIRECTION('ref_axis',(-1.,1.22464679914735E-16,0.));
#7679=DIRECTION('center_axis',(1.22464679914735E-16,1.,0.));
#7680=DIRECTION('ref_axis',(0.,0.,1.));
#7681=DIRECTION('center_axis',(1.22464679914735E-16,1.,0.));
#7682=DIRECTION('ref_axis',(-1.,1.22464679914735E-16,0.));
#7683=DIRECTION('',(-1.,1.22464679914735E-16,0.));
#7684=DIRECTION('',(0.,0.,-1.));
#7685=DIRECTION('',(0.,0.,1.));
#7686=DIRECTION('',(-1.,1.22464679914735E-16,0.));
#7687=DIRECTION('',(0.,0.,-1.));
#7688=DIRECTION('',(-1.,1.22464679914735E-16,0.));
#7689=DIRECTION('',(0.,0.,1.));
#7690=DIRECTION('center_axis',(-1.22464679914735E-16,-1.,0.));
#7691=DIRECTION('ref_axis',(-1.,1.22464679914735E-16,0.));
#7692=DIRECTION('center_axis',(-1.22464679914735E-16,-1.,0.));
#7693=DIRECTION('ref_axis',(-1.,1.22464679914735E-16,0.));
#7694=DIRECTION('center_axis',(-1.22464679914735E-16,-1.,0.));
#7695=DIRECTION('ref_axis',(-1.,1.22464679914735E-16,0.));
#7696=DIRECTION('center_axis',(-1.22464679914735E-16,-1.,0.));
#7697=DIRECTION('ref_axis',(0.,0.,-1.));
#7698=DIRECTION('center_axis',(-1.22464679914735E-16,-1.,0.));
#7699=DIRECTION('ref_axis',(0.,0.,-1.));
#7700=DIRECTION('center_axis',(-1.22464679914735E-16,-1.,0.));
#7701=DIRECTION('ref_axis',(-1.,1.22464679914735E-16,0.));
#7702=DIRECTION('center_axis',(8.65956056235493E-17,0.707106781186548,0.707106781186547));
#7703=DIRECTION('ref_axis',(1.,0.,-1.22464679914735E-16));
#7704=DIRECTION('',(-8.65956056235493E-17,-0.707106781186547,0.707106781186548));
#7705=DIRECTION('center_axis',(-1.,1.22464679914735E-16,0.));
#7706=DIRECTION('ref_axis',(0.,0.,-1.));
#7707=DIRECTION('',(1.22464679914735E-16,1.,0.));
#7708=DIRECTION('center_axis',(1.,-1.22464679914735E-16,0.));
#7709=DIRECTION('ref_axis',(0.,0.,1.));
#7710=DIRECTION('',(8.65956056235494E-17,0.707106781186548,0.707106781186547));
#7711=DIRECTION('',(-1.22464679914735E-16,-1.,0.));
#7712=DIRECTION('center_axis',(-8.65956056235493E-17,-0.707106781186547,
0.707106781186548));
#7713=DIRECTION('ref_axis',(1.,0.,1.22464679914735E-16));
#7714=DIRECTION('center_axis',(0.,0.,1.));
#7715=DIRECTION('ref_axis',(-1.,1.22464679914735E-16,0.));
#7716=DIRECTION('center_axis',(0.,0.,1.));
#7717=DIRECTION('ref_axis',(-1.,1.22464679914735E-16,0.));
#7718=DIRECTION('center_axis',(0.,0.,1.));
#7719=DIRECTION('ref_axis',(-1.,1.22464679914735E-16,0.));
#7720=DIRECTION('center_axis',(0.,0.,1.));
#7721=DIRECTION('ref_axis',(1.,-1.22464679914735E-16,0.));
#7722=DIRECTION('center_axis',(0.,0.,1.));
#7723=DIRECTION('ref_axis',(-1.,1.22464679914735E-16,0.));
#7724=DIRECTION('center_axis',(0.,0.,-1.));
#7725=DIRECTION('ref_axis',(-1.,1.22464679914735E-16,0.));
#7726=DIRECTION('center_axis',(0.,0.,-1.));
#7727=DIRECTION('ref_axis',(-1.,1.22464679914735E-16,0.));
#7728=DIRECTION('center_axis',(0.,0.,-1.));
#7729=DIRECTION('ref_axis',(1.,-1.22464679914735E-16,0.));
#7730=DIRECTION('center_axis',(0.,0.,1.));
#7731=DIRECTION('ref_axis',(0.599828922758349,0.800128279354354,0.));
#7732=DIRECTION('center_axis',(0.,0.,1.));
#7733=DIRECTION('ref_axis',(-0.599828922758349,-0.800128279354354,0.));
#7734=DIRECTION('center_axis',(-1.22464679914735E-16,-1.,0.));
#7735=DIRECTION('ref_axis',(0.,0.,1.));
#7736=DIRECTION('center_axis',(1.22464679914735E-16,1.,0.));
#7737=DIRECTION('ref_axis',(0.,0.,1.));
#7738=DIRECTION('',(1.68046692101623E-16,0.515038074910054,0.857167300702112));
#7739=DIRECTION('center_axis',(1.22464679914735E-16,1.,0.));
#7740=DIRECTION('ref_axis',(0.,0.,1.));
#7741=DIRECTION('',(1.22464679914735E-16,1.,0.));
#7742=DIRECTION('center_axis',(-1.22464679914735E-16,-1.,0.));
#7743=DIRECTION('ref_axis',(0.,0.,1.));
#7744=DIRECTION('center_axis',(1.22464679914735E-16,1.,0.));
#7745=DIRECTION('ref_axis',(0.,0.,1.));
#7746=DIRECTION('',(1.68046692101623E-16,0.515038074910054,0.857167300702112));
#7747=DIRECTION('center_axis',(1.22464679914735E-16,1.,0.));
#7748=DIRECTION('ref_axis',(0.,0.,1.));
#7749=DIRECTION('',(1.22464679914735E-16,1.,0.));
#7750=DIRECTION('center_axis',(0.,0.,-1.));
#7751=DIRECTION('ref_axis',(1.,-1.22464679914735E-16,0.));
#7752=DIRECTION('',(0.,0.,-1.));
#7753=DIRECTION('center_axis',(1.22464679914735E-16,1.,0.));
#7754=DIRECTION('ref_axis',(0.,0.,-1.));
#7755=DIRECTION('center_axis',(-1.22464679914735E-16,-1.,0.));
#7756=DIRECTION('ref_axis',(0.,0.,-1.));
#7757=DIRECTION('',(4.18987461261006E-17,-0.515038074910054,-0.857167300702112));
#7758=DIRECTION('center_axis',(-1.22464679914735E-16,-1.,0.));
#7759=DIRECTION('ref_axis',(0.,0.,-1.));
#7760=DIRECTION('',(-1.22464679914735E-16,-1.,0.));
#7761=DIRECTION('center_axis',(1.22464679914735E-16,1.,0.));
#7762=DIRECTION('ref_axis',(0.,0.,-1.));
#7763=DIRECTION('center_axis',(-1.22464679914735E-16,-1.,0.));
#7764=DIRECTION('ref_axis',(0.,0.,-1.));
#7765=DIRECTION('',(4.18987461261006E-17,-0.515038074910054,-0.857167300702112));
#7766=DIRECTION('center_axis',(-1.22464679914735E-16,-1.,0.));
#7767=DIRECTION('ref_axis',(0.,0.,-1.));
#7768=DIRECTION('',(-1.22464679914735E-16,-1.,0.));
#7769=DIRECTION('center_axis',(-1.22464679914735E-16,-1.,0.));
#7770=DIRECTION('ref_axis',(-1.,1.22464679914735E-16,0.));
#7771=DIRECTION('',(-1.22464679914735E-16,-1.,0.));
#7772=DIRECTION('center_axis',(-1.22464679914735E-16,-1.,0.));
#7773=DIRECTION('ref_axis',(-1.,1.22464679914735E-16,0.));
#7774=DIRECTION('',(-1.22464679914735E-16,-1.,0.));
#7775=DIRECTION('center_axis',(-1.22464679914735E-16,-1.,0.));
#7776=DIRECTION('ref_axis',(-1.,1.22464679914735E-16,0.));
#7777=DIRECTION('',(-1.22464679914735E-16,-1.,0.));
#7778=DIRECTION('center_axis',(-1.22464679914735E-16,-1.,0.));
#7779=DIRECTION('ref_axis',(-1.,1.22464679914735E-16,0.));
#7780=DIRECTION('',(-1.22464679914735E-16,-1.,0.));
#7781=DIRECTION('center_axis',(-1.22464679914735E-16,-1.,0.));
#7782=DIRECTION('ref_axis',(-1.,1.22464679914735E-16,0.));
#7783=DIRECTION('',(-1.22464679914735E-16,-1.,0.));
#7784=DIRECTION('center_axis',(-1.22464679914735E-16,-1.,0.));
#7785=DIRECTION('ref_axis',(-1.,1.22464679914735E-16,0.));
#7786=DIRECTION('',(-1.22464679914735E-16,-1.,0.));
#7787=DIRECTION('center_axis',(-1.22464679914735E-16,-1.,0.));
#7788=DIRECTION('ref_axis',(-1.,1.22464679914735E-16,0.));
#7789=DIRECTION('',(-1.22464679914735E-16,-1.,0.));
#7790=DIRECTION('center_axis',(-1.22464679914735E-16,-1.,0.));
#7791=DIRECTION('ref_axis',(-1.,1.22464679914735E-16,0.));
#7792=DIRECTION('',(-1.22464679914735E-16,-1.,0.));
#7793=DIRECTION('center_axis',(0.,0.,1.));
#7794=DIRECTION('ref_axis',(0.000139444575191501,-0.999999990277605,0.));
#7795=DIRECTION('center_axis',(0.,0.,1.));
#7796=DIRECTION('ref_axis',(-1.,1.22464679914735E-16,0.));
#7797=DIRECTION('',(0.,0.,-1.));
#7798=DIRECTION('center_axis',(0.,0.,1.));
#7799=DIRECTION('ref_axis',(-1.,1.22464679914735E-16,0.));
#7800=DIRECTION('',(0.,0.,-1.));
#7801=DIRECTION('axis',(0.,0.,1.));
#7802=DIRECTION('refdir',(1.,0.,0.));
#7803=DIRECTION('center_axis',(0.,0.,-1.));
#7804=DIRECTION('ref_axis',(-1.,0.,0.));
#7805=DIRECTION('center_axis',(-2.6442308570435E-16,0.,1.));
#7806=DIRECTION('ref_axis',(-1.,0.,0.));
#7807=DIRECTION('',(0.499999999999994,-6.12323399573669E-17,-0.866025403784442));
#7808=DIRECTION('center_axis',(2.6442308570435E-16,0.,-1.));
#7809=DIRECTION('ref_axis',(-1.,0.,0.));
#7810=DIRECTION('center_axis',(0.,0.,1.));
#7811=DIRECTION('ref_axis',(-1.,0.,0.));
#7812=DIRECTION('center_axis',(-2.6442308570435E-16,0.,1.));
#7813=DIRECTION('ref_axis',(-1.,0.,0.));
#7814=DIRECTION('',(-0.866025403784441,1.06057523872491E-16,-0.499999999999995));
#7815=DIRECTION('center_axis',(2.6442308570435E-16,0.,-1.));
#7816=DIRECTION('ref_axis',(-1.,0.,0.));
#7817=DIRECTION('center_axis',(-0.433012701890108,-0.249999999999999,-0.866025403785495));
#7818=DIRECTION('ref_axis',(-0.499999999999997,0.86602540378444,-1.21957999255435E-12));
#7819=DIRECTION('',(0.894427191001007,-1.60528677304773E-15,-0.447213595497777));
#7820=DIRECTION('',(-0.499999999999997,0.86602540378444,-1.21957999255434E-12));
#7821=DIRECTION('',(0.447213595501051,0.774596669241482,-0.447213595498867));
#7822=DIRECTION('center_axis',(2.11117265931962E-12,-0.5,-0.866025403784439));
#7823=DIRECTION('ref_axis',(-1.,2.40370335797944E-15,-2.4391599851087E-12));
#7824=DIRECTION('',(-1.,2.40370335797944E-15,-2.4391599851087E-12));
#7825=DIRECTION('',(-0.447213595498868,0.774596669241484,-0.447213595501048));
#7826=DIRECTION('center_axis',(0.433012701894333,-0.249999999999999,-0.866025403783382));
#7827=DIRECTION('ref_axis',(-0.499999999999997,-0.86602540378444,-1.21957999255435E-12));
#7828=DIRECTION('',(-0.499999999999997,-0.86602540378444,-1.21957999255435E-12));
#7829=DIRECTION('',(-0.894427190998825,-1.71995011397971E-15,-0.44721359550214));
#7830=DIRECTION('center_axis',(0.433012701894332,0.250000000000001,-0.866025403783382));
#7831=DIRECTION('ref_axis',(0.500000000000001,-0.866025403784438,1.21957999255435E-12));
#7832=DIRECTION('',(0.500000000000001,-0.866025403784438,1.21957999255435E-12));
#7833=DIRECTION('',(-0.447213595498868,-0.774596669241482,-0.447213595501049));
#7834=DIRECTION('center_axis',(2.11445772057553E-12,0.5,-0.866025403784439));
#7835=DIRECTION('ref_axis',(1.,-4.16641915383104E-15,2.4391599851087E-12));
#7836=DIRECTION('',(1.,-4.16641915383104E-15,2.4391599851087E-12));
#7837=DIRECTION('',(0.447213595501047,-0.774596669241485,-0.447213595498867));
#7838=DIRECTION('center_axis',(-0.433012701890107,0.25,-0.866025403785495));
#7839=DIRECTION('ref_axis',(0.500000000000001,0.866025403784438,1.21957999255435E-12));
#7840=DIRECTION('',(0.500000000000001,0.866025403784438,1.21957999255435E-12));
#7841=DIRECTION('center_axis',(-0.86602540378444,-0.499999999999997,-2.11235448013103E-12));
#7842=DIRECTION('ref_axis',(-0.499999999999997,0.86602540378444,-1.21957999255435E-12));
#7843=DIRECTION('',(-0.499999999999997,0.86602540378444,-1.32211542852174E-16));
#7844=DIRECTION('',(2.43913685545512E-12,0.,-1.));
#7845=DIRECTION('',(2.43913685545512E-12,0.,-1.));
#7846=DIRECTION('center_axis',(-2.40370335797944E-15,-1.,-5.8629614500289E-27));
#7847=DIRECTION('ref_axis',(-1.,2.40370335797944E-15,-2.4391599851087E-12));
#7848=DIRECTION('',(-1.,2.40370335797944E-15,-2.6442308570435E-16));
#7849=DIRECTION('',(2.43913685545512E-12,0.,-1.));
#7850=DIRECTION('center_axis',(0.86602540378444,-0.499999999999997,2.11235448013103E-12));
#7851=DIRECTION('ref_axis',(-0.499999999999997,-0.86602540378444,-1.21957999255435E-12));
#7852=DIRECTION('',(-0.499999999999997,-0.86602540378444,-1.32211542852174E-16));
#7853=DIRECTION('',(2.43913685545512E-12,0.,-1.));
#7854=DIRECTION('center_axis',(0.866025403784438,0.500000000000001,2.11235448013103E-12));
#7855=DIRECTION('ref_axis',(0.500000000000001,-0.866025403784438,1.21957999255435E-12));
#7856=DIRECTION('',(0.500000000000001,-0.866025403784438,1.32211542852175E-16));
#7857=DIRECTION('',(2.43913685545512E-12,0.,-1.));
#7858=DIRECTION('center_axis',(4.16641915383104E-15,1.,1.01624665133834E-26));
#7859=DIRECTION('ref_axis',(1.,-4.16641915383104E-15,2.4391599851087E-12));
#7860=DIRECTION('',(1.,-4.16641915383104E-15,2.6442308570435E-16));
#7861=DIRECTION('',(2.43913685545512E-12,0.,-1.));
#7862=DIRECTION('center_axis',(-0.866025403784438,0.500000000000001,-2.11235448013103E-12));
#7863=DIRECTION('ref_axis',(0.500000000000001,0.866025403784438,1.21957999255435E-12));
#7864=DIRECTION('',(0.500000000000001,0.866025403784438,1.32211542852175E-16));
#7865=DIRECTION('center_axis',(-2.6442308570435E-16,0.,1.));
#7866=DIRECTION('ref_axis',(1.,0.,2.6442308570435E-16));
#7867=DIRECTION('center_axis',(2.6442308570435E-16,0.,-1.));
#7868=DIRECTION('ref_axis',(-1.,0.,0.));
#7869=DIRECTION('',(-2.6442308570435E-16,0.,1.));
#7870=DIRECTION('center_axis',(2.6442308570435E-16,0.,-1.));
#7871=DIRECTION('ref_axis',(-1.,0.,-2.6442308570435E-16));
#7872=DIRECTION('axis',(0.,0.,1.));
#7873=DIRECTION('refdir',(1.,0.,0.));
#7874=DIRECTION('center_axis',(0.,0.,1.));
#7875=DIRECTION('ref_axis',(-1.,0.,0.));
#7876=DIRECTION('center_axis',(-3.80158440648099E-15,0.,1.));
#7877=DIRECTION('ref_axis',(-1.,0.,-3.99099892259342E-15));
#7878=DIRECTION('',(-0.707106781186916,8.65956056235945E-17,-0.707106781186179));
#7879=DIRECTION('center_axis',(3.80158440648099E-15,0.,-1.));
#7880=DIRECTION('ref_axis',(-1.,0.,0.));
#7881=DIRECTION('center_axis',(3.80158440648099E-15,0.,-1.));
#7882=DIRECTION('ref_axis',(-1.,0.,-3.7396986092637E-15));
#7883=DIRECTION('center_axis',(-3.80158440648099E-15,0.,1.));
#7884=DIRECTION('ref_axis',(1.,0.,3.79813140003345E-15));
#7885=DIRECTION('center_axis',(-1.22464679914735E-16,-1.,-4.65559817508544E-31));
#7886=DIRECTION('ref_axis',(1.,-1.22464679914735E-16,3.79813140003345E-15));
#7887=DIRECTION('center_axis',(3.80158440648099E-15,0.,-1.));
#7888=DIRECTION('ref_axis',(1.,0.,3.80158440648099E-15));
#7889=DIRECTION('center_axis',(-3.80158440648099E-15,0.,1.));
#7890=DIRECTION('ref_axis',(1.,0.,3.80158440648099E-15));
#7891=DIRECTION('',(0.,1.,0.));
#7892=DIRECTION('',(0.866025403784439,0.5,3.29226867064333E-15));
#7893=DIRECTION('',(0.866025403784438,-0.500000000000001,3.29226867064332E-15));
#7894=DIRECTION('',(-3.20493781063927E-16,-1.,-1.21838416046676E-30));
#7895=DIRECTION('',(-0.866025403784439,-0.5,-3.29226867064333E-15));
#7896=DIRECTION('',(-0.866025403784439,0.5,-3.29226867064333E-15));
#7897=DIRECTION('center_axis',(3.80158440648099E-15,0.,-1.));
#7898=DIRECTION('ref_axis',(-1.,0.,-3.99099892259342E-15));
#7899=DIRECTION('center_axis',(3.80158440648099E-15,0.,-1.));
#7900=DIRECTION('ref_axis',(1.,0.,3.80158440648099E-15));
#7901=DIRECTION('',(-3.80158440648099E-15,0.,1.));
#7902=DIRECTION('center_axis',(-0.0871557427476581,0.,-0.996194698091746));
#7903=DIRECTION('ref_axis',(0.,1.,0.));
#7904=DIRECTION('',(0.863550259614423,-0.498570974847159,-0.0755508581011305));
#7905=DIRECTION('',(0.,1.,0.));
#7906=DIRECTION('',(0.863550259614423,0.498570974847158,-0.0755508581011305));
#7907=DIRECTION('center_axis',(-0.0435778713738291,-0.0754790873051733,
-0.996194698091746));
#7908=DIRECTION('ref_axis',(-0.866025403784439,0.5,0.));
#7909=DIRECTION('',(-0.866025403784439,0.5,0.));
#7910=DIRECTION('',(1.59381164582915E-16,0.997141949694316,-0.0755508581011305));
#7911=DIRECTION('center_axis',(0.043577871373829,-0.0754790873051733,-0.996194698091746));
#7912=DIRECTION('ref_axis',(-0.866025403784439,-0.5,0.));
#7913=DIRECTION('',(-0.866025403784439,-0.5,0.));
#7914=DIRECTION('',(-0.863550259614423,0.498570974847159,-0.0755508581011305));
#7915=DIRECTION('center_axis',(0.0871557427476581,-2.79328735346319E-17,
-0.996194698091746));
#7916=DIRECTION('ref_axis',(-3.20493781063927E-16,-1.,0.));
#7917=DIRECTION('',(-3.20493781063927E-16,-1.,0.));
#7918=DIRECTION('',(-0.863550259614423,-0.498570974847158,-0.0755508581011305));
#7919=DIRECTION('center_axis',(0.0435778713738291,0.0754790873051733,-0.996194698091746));
#7920=DIRECTION('ref_axis',(0.866025403784438,-0.500000000000001,0.));
#7921=DIRECTION('',(0.866025403784438,-0.500000000000001,0.));
#7922=DIRECTION('',(-4.78143493748745E-16,-0.997141949694316,-0.0755508581011305));
#7923=DIRECTION('center_axis',(-0.043577871373829,0.0754790873051733,-0.996194698091746));
#7924=DIRECTION('ref_axis',(0.866025403784439,0.5,0.));
#7925=DIRECTION('',(0.866025403784439,0.5,0.));
#7926=DIRECTION('center_axis',(-1.,0.,0.));
#7927=DIRECTION('ref_axis',(0.,1.,0.));
#7928=DIRECTION('',(0.,0.,-1.));
#7929=DIRECTION('',(0.,0.,-1.));
#7930=DIRECTION('center_axis',(-0.5,-0.866025403784439,0.));
#7931=DIRECTION('ref_axis',(-0.866025403784439,0.5,0.));
#7932=DIRECTION('',(0.,0.,-1.));
#7933=DIRECTION('center_axis',(0.5,-0.866025403784439,0.));
#7934=DIRECTION('ref_axis',(-0.866025403784439,-0.5,0.));
#7935=DIRECTION('',(0.,0.,-1.));
#7936=DIRECTION('center_axis',(1.,-3.20493781063927E-16,0.));
#7937=DIRECTION('ref_axis',(-3.20493781063927E-16,-1.,0.));
#7938=DIRECTION('',(0.,0.,-1.));
#7939=DIRECTION('center_axis',(0.500000000000001,0.866025403784438,0.));
#7940=DIRECTION('ref_axis',(0.866025403784438,-0.500000000000001,0.));
#7941=DIRECTION('',(0.,0.,-1.));
#7942=DIRECTION('center_axis',(-0.5,0.866025403784439,0.));
#7943=DIRECTION('ref_axis',(0.866025403784439,0.5,0.));
#7944=DIRECTION('center_axis',(3.80158440648099E-15,0.,-1.));
#7945=DIRECTION('ref_axis',(-1.,0.,-3.99099892259342E-15));
#7946=DIRECTION('',(-3.80158440648099E-15,0.,1.));
#7947=DIRECTION('center_axis',(-3.80158440648099E-15,0.,1.));
#7948=DIRECTION('ref_axis',(-1.,0.,-3.99099892259342E-15));
#7949=DIRECTION('center_axis',(3.80158440648099E-15,0.,-1.));
#7950=DIRECTION('ref_axis',(-1.,0.,-3.80158440648099E-15));
#7951=DIRECTION('center_axis',(3.80158440648099E-15,0.,-1.));
#7952=DIRECTION('ref_axis',(-1.,0.,-3.80158440648099E-15));
#7953=DIRECTION('axis',(0.,0.,1.));
#7954=DIRECTION('refdir',(1.,0.,0.));
#7955=DIRECTION('center_axis',(-0.866025403784439,-0.5,8.50485470495407E-32));
#7956=DIRECTION('ref_axis',(0.5,-0.866025403784439,-4.91028015332388E-32));
#7957=DIRECTION('',(0.5,-0.866025403784439,-4.91028015332388E-32));
#7958=DIRECTION('center_axis',(0.866025403784439,-0.5,-8.50485470495407E-32));
#7959=DIRECTION('ref_axis',(0.5,0.866025403784439,-4.91028015332388E-32));
#7960=DIRECTION('',(0.5,0.866025403784439,-4.91028015332388E-32));
#7961=DIRECTION('center_axis',(0.866025403784439,0.5,-8.50485470495407E-32));
#7962=DIRECTION('ref_axis',(-0.5,0.866025403784439,4.91028015332388E-32));
#7963=DIRECTION('',(-0.5,0.866025403784439,4.91028015332388E-32));
#7964=DIRECTION('center_axis',(-0.866025403784439,0.5,8.50485470495407E-32));
#7965=DIRECTION('ref_axis',(-0.5,-0.866025403784439,4.91028015332388E-32));
#7966=DIRECTION('',(-0.5,-0.866025403784439,4.91028015332388E-32));
#7967=DIRECTION('center_axis',(0.866025403784439,0.5,-8.50485470495407E-32));
#7968=DIRECTION('ref_axis',(-0.5,0.866025403784439,4.91028015332388E-32));
#7969=DIRECTION('',(9.82056030664777E-32,0.,1.));
#7970=DIRECTION('',(-0.5,0.866025403784439,4.91028015332388E-32));
#7971=DIRECTION('',(9.82056030664777E-32,0.,1.));
#7972=DIRECTION('',(-0.5,0.866025403784439,4.91028015332388E-32));
#7973=DIRECTION('center_axis',(-9.82056030664777E-32,0.,-1.));
#7974=DIRECTION('ref_axis',(-1.,0.,0.));
#7975=DIRECTION('center_axis',(-9.82056030664777E-32,0.,-1.));
#7976=DIRECTION('ref_axis',(1.,-6.16297582203915E-33,-9.82056030664777E-32));
#7977=DIRECTION('center_axis',(-9.82056030664777E-32,0.,-1.));
#7978=DIRECTION('ref_axis',(1.,-6.16297582203915E-33,-9.82056030664777E-32));
#7979=DIRECTION('center_axis',(0.,-1.,0.));
#7980=DIRECTION('ref_axis',(1.,0.,0.));
#7981=DIRECTION('center_axis',(-9.82056030664777E-32,0.,-1.));
#7982=DIRECTION('ref_axis',(-1.,6.16297582203915E-33,9.82056030664777E-32));
#7983=DIRECTION('center_axis',(-9.82056030664777E-32,0.,-1.));
#7984=DIRECTION('ref_axis',(-1.,6.16297582203915E-33,9.82056030664777E-32));
#7985=DIRECTION('center_axis',(0.866025403784439,-0.5,-8.50485470495407E-32));
#7986=DIRECTION('ref_axis',(0.5,0.866025403784439,-4.91028015332388E-32));
#7987=DIRECTION('',(0.5,0.866025403784439,-4.91028015332388E-32));
#7988=DIRECTION('',(9.82056030664777E-32,0.,1.));
#7989=DIRECTION('',(0.5,0.866025403784439,-4.91028015332388E-32));
#7990=DIRECTION('center_axis',(-9.82056030664777E-32,0.,-1.));
#7991=DIRECTION('ref_axis',(1.,0.,0.));
#7992=DIRECTION('center_axis',(9.82056030664777E-32,0.,1.));
#7993=DIRECTION('ref_axis',(1.,-6.16297582203915E-33,-9.82056030664777E-32));
#7994=DIRECTION('center_axis',(0.,1.,0.));
#7995=DIRECTION('ref_axis',(-1.,0.,0.));
#7996=DIRECTION('center_axis',(-9.82056030664777E-32,0.,-1.));
#7997=DIRECTION('ref_axis',(-1.,6.16297582203915E-33,9.82056030664777E-32));
#7998=DIRECTION('center_axis',(-9.82056030664777E-32,0.,-1.));
#7999=DIRECTION('ref_axis',(-1.,6.16297582203915E-33,9.82056030664777E-32));
#8000=DIRECTION('center_axis',(-9.82056030664777E-32,0.,-1.));
#8001=DIRECTION('ref_axis',(1.,-6.16297582203915E-33,-9.82056030664777E-32));
#8002=DIRECTION('center_axis',(-9.82056030664777E-32,0.,-1.));
#8003=DIRECTION('ref_axis',(1.,-6.16297582203915E-33,-9.82056030664777E-32));
#8004=DIRECTION('center_axis',(-9.82056030664777E-32,0.,-1.));
#8005=DIRECTION('ref_axis',(1.,-6.16297582203915E-33,-9.82056030664777E-32));
#8006=DIRECTION('center_axis',(-9.82056030664777E-32,0.,-1.));
#8007=DIRECTION('ref_axis',(1.,-6.16297582203915E-33,-9.82056030664777E-32));
#8008=DIRECTION('center_axis',(-9.82056030664777E-32,0.,-1.));
#8009=DIRECTION('ref_axis',(1.,-6.16297582203915E-33,-9.82056030664777E-32));
#8010=DIRECTION('',(-9.82056030664777E-32,0.,-1.));
#8011=DIRECTION('center_axis',(-9.82056030664777E-32,0.,-1.));
#8012=DIRECTION('ref_axis',(1.,-6.16297582203915E-33,-9.82056030664777E-32));
#8013=DIRECTION('',(-9.82056030664777E-32,0.,-1.));
#8014=DIRECTION('center_axis',(6.16297582203915E-33,1.,-6.05238757287476E-64));
#8015=DIRECTION('ref_axis',(-1.,6.16297582203915E-33,9.82056030664777E-32));
#8016=DIRECTION('',(-1.,6.16297582203915E-33,9.82056030664777E-32));
#8017=DIRECTION('',(9.82056030664777E-32,0.,1.));
#8018=DIRECTION('',(-1.,6.16297582203915E-33,9.82056030664777E-32));
#8019=DIRECTION('center_axis',(-0.866025403784439,0.5,8.50485470495407E-32));
#8020=DIRECTION('ref_axis',(-0.5,-0.866025403784439,4.91028015332388E-32));
#8021=DIRECTION('',(-0.5,-0.866025403784439,4.91028015332388E-32));
#8022=DIRECTION('',(-0.5,-0.866025403784439,4.91028015332388E-32));
#8023=DIRECTION('',(9.82056030664777E-32,0.,1.));
#8024=DIRECTION('center_axis',(-9.82056030664777E-32,0.,-1.));
#8025=DIRECTION('ref_axis',(-1.,6.16297582203915E-33,9.82056030664777E-32));
#8026=DIRECTION('',(0.5,-0.866025403784439,-4.91028015332388E-32));
#8027=DIRECTION('',(1.,-6.16297582203915E-33,-9.82056030664777E-32));
#8028=DIRECTION('center_axis',(-6.16297582203915E-33,-1.,6.05238757287476E-64));
#8029=DIRECTION('ref_axis',(1.,-6.16297582203915E-33,-9.82056030664777E-32));
#8030=DIRECTION('',(9.82056030664777E-32,0.,1.));
#8031=DIRECTION('',(1.,-6.16297582203915E-33,-9.82056030664777E-32));
#8032=DIRECTION('center_axis',(-9.82056030664777E-32,0.,-1.));
#8033=DIRECTION('ref_axis',(-1.,6.16297582203915E-33,9.82056030664777E-32));
#8034=DIRECTION('center_axis',(-0.866025403784439,-0.5,8.50485470495407E-32));
#8035=DIRECTION('ref_axis',(0.5,-0.866025403784439,-4.91028015332388E-32));
#8036=DIRECTION('',(0.5,-0.866025403784439,-4.91028015332388E-32));
#8037=DIRECTION('center_axis',(9.82056030664777E-32,0.,1.));
#8038=DIRECTION('ref_axis',(-1.,6.16297582203915E-33,9.82056030664777E-32));
#8039=DIRECTION('center_axis',(-9.82056030664777E-32,0.,-1.));
#8040=DIRECTION('ref_axis',(-1.,6.16297582203915E-33,9.82056030664777E-32));
#8041=DIRECTION('',(9.82056030664777E-32,0.,1.));
#8042=DIRECTION('center_axis',(9.82056030664777E-32,0.,1.));
#8043=DIRECTION('ref_axis',(-1.,6.16297582203915E-33,9.82056030664777E-32));
#8044=DIRECTION('center_axis',(9.82056030664777E-32,0.,1.));
#8045=DIRECTION('ref_axis',(-1.,6.16297582203915E-33,9.82056030664777E-32));
#8046=DIRECTION('center_axis',(-9.82056030664777E-32,0.,-1.));
#8047=DIRECTION('ref_axis',(-1.,6.16297582203915E-33,9.82056030664777E-32));
#8048=DIRECTION('axis',(0.,0.,1.));
#8049=DIRECTION('refdir',(1.,0.,0.));
#8050=DIRECTION('center_axis',(0.799999999999999,0.,0.600000000000002));
#8051=DIRECTION('ref_axis',(-0.600000000000002,0.,0.799999999999999));
#8052=DIRECTION('center_axis',(0.799999999999999,0.,0.600000000000002));
#8053=DIRECTION('ref_axis',(-0.600000000000002,0.,0.799999999999999));
#8054=DIRECTION('center_axis',(0.799999999999999,0.,0.600000000000002));
#8055=DIRECTION('ref_axis',(-0.600000000000002,0.,0.799999999999999));
#8056=DIRECTION('center_axis',(0.799999999999999,0.,0.600000000000002));
#8057=DIRECTION('ref_axis',(-0.600000000000002,0.,0.799999999999999));
#8058=DIRECTION('center_axis',(0.,0.,-1.));
#8059=DIRECTION('ref_axis',(-1.,0.,0.));
#8060=DIRECTION('center_axis',(-2.01044477326564E-16,1.,4.3839133801755E-15));
#8061=DIRECTION('ref_axis',(-0.554700196225242,-3.69504557768018E-15,0.832050294337835));
#8062=DIRECTION('center_axis',(0.799999999999999,0.,0.600000000000002));
#8063=DIRECTION('ref_axis',(-0.600000000000002,0.,0.799999999999999));
#8064=DIRECTION('center_axis',(0.799999999999999,0.,0.600000000000002));
#8065=DIRECTION('ref_axis',(-0.600000000000002,0.,0.799999999999999));
#8066=DIRECTION('center_axis',(0.799999999999999,0.,0.600000000000002));
#8067=DIRECTION('ref_axis',(-0.600000000000002,0.,0.799999999999999));
#8068=DIRECTION('center_axis',(0.799999999999999,0.,0.600000000000002));
#8069=DIRECTION('ref_axis',(-0.600000000000002,0.,0.799999999999999));
#8070=DIRECTION('center_axis',(0.799999999999999,0.,0.600000000000002));
#8071=DIRECTION('ref_axis',(-0.600000000000002,0.,0.799999999999999));
#8072=DIRECTION('center_axis',(0.,0.,-1.));
#8073=DIRECTION('ref_axis',(-1.,0.,0.));
#8074=DIRECTION('center_axis',(0.,1.,0.));
#8075=DIRECTION('ref_axis',(-0.554700196225242,0.,0.832050294337835));
#8076=DIRECTION('center_axis',(0.799999999999999,0.,0.600000000000002));
#8077=DIRECTION('ref_axis',(-0.600000000000002,0.,0.799999999999999));
#8078=DIRECTION('center_axis',(0.,0.,1.));
#8079=DIRECTION('ref_axis',(1.,0.,0.));
#8080=DIRECTION('center_axis',(0.,0.,1.));
#8081=DIRECTION('ref_axis',(1.,0.,0.));
#8082=DIRECTION('',(0.,0.,-1.));
#8083=DIRECTION('center_axis',(0.,0.,-1.));
#8084=DIRECTION('ref_axis',(1.,0.,0.));
#8085=DIRECTION('center_axis',(0.,0.,-1.));
#8086=DIRECTION('ref_axis',(1.,0.,0.));
#8087=DIRECTION('center_axis',(0.,0.,-1.));
#8088=DIRECTION('ref_axis',(1.,0.,0.));
#8089=DIRECTION('center_axis',(0.799999999999999,0.,-0.600000000000002));
#8090=DIRECTION('ref_axis',(0.600000000000002,0.,0.799999999999999));
#8091=DIRECTION('center_axis',(0.799999999999999,0.,-0.600000000000002));
#8092=DIRECTION('ref_axis',(0.600000000000002,0.,0.799999999999999));
#8093=DIRECTION('center_axis',(0.799999999999999,0.,-0.600000000000002));
#8094=DIRECTION('ref_axis',(0.600000000000002,0.,0.799999999999999));
#8095=DIRECTION('center_axis',(0.799999999999999,0.,-0.600000000000002));
#8096=DIRECTION('ref_axis',(0.600000000000002,0.,0.799999999999999));
#8097=DIRECTION('center_axis',(0.,0.,1.));
#8098=DIRECTION('ref_axis',(1.,0.,0.));
#8099=DIRECTION('center_axis',(-2.01044477326564E-16,-1.,-4.3839133801755E-15));
#8100=DIRECTION('ref_axis',(0.554700196225242,-3.69504557768018E-15,0.832050294337835));
#8101=DIRECTION('center_axis',(0.799999999999999,0.,-0.600000000000002));
#8102=DIRECTION('ref_axis',(0.600000000000002,0.,0.799999999999999));
#8103=DIRECTION('center_axis',(0.799999999999999,0.,-0.600000000000002));
#8104=DIRECTION('ref_axis',(0.600000000000002,0.,0.799999999999999));
#8105=DIRECTION('center_axis',(0.799999999999999,0.,-0.600000000000002));
#8106=DIRECTION('ref_axis',(0.600000000000002,0.,0.799999999999999));
#8107=DIRECTION('center_axis',(0.799999999999999,0.,-0.600000000000002));
#8108=DIRECTION('ref_axis',(0.600000000000002,0.,0.799999999999999));
#8109=DIRECTION('center_axis',(0.799999999999999,0.,-0.600000000000002));
#8110=DIRECTION('ref_axis',(0.600000000000002,0.,0.799999999999999));
#8111=DIRECTION('center_axis',(0.,0.,1.));
#8112=DIRECTION('ref_axis',(1.,0.,0.));
#8113=DIRECTION('center_axis',(0.,-1.,0.));
#8114=DIRECTION('ref_axis',(0.554700196225242,0.,0.832050294337835));
#8115=DIRECTION('center_axis',(0.799999999999999,0.,-0.600000000000002));
#8116=DIRECTION('ref_axis',(0.600000000000002,0.,0.799999999999999));
#8117=DIRECTION('center_axis',(0.,0.,-1.));
#8118=DIRECTION('ref_axis',(-1.,0.,0.));
#8119=DIRECTION('center_axis',(0.,0.,-1.));
#8120=DIRECTION('ref_axis',(-1.,0.,0.));
#8121=DIRECTION('',(0.,0.,-1.));
#8122=DIRECTION('center_axis',(0.,0.,1.));
#8123=DIRECTION('ref_axis',(-1.,0.,0.));
#8124=DIRECTION('center_axis',(0.,0.,1.));
#8125=DIRECTION('ref_axis',(-1.,0.,0.));
#8126=DIRECTION('center_axis',(0.,0.,1.));
#8127=DIRECTION('ref_axis',(-1.,0.,0.));
#8128=DIRECTION('',(6.59194920871187E-17,-5.55111512312578E-17,1.));
#8129=DIRECTION('',(1.,-1.21430643318376E-17,-2.08166817117217E-17));
#8130=DIRECTION('',(0.,0.,1.));
#8131=DIRECTION('',(1.,0.,0.));
#8132=DIRECTION('',(0.,0.,1.));
#8133=DIRECTION('',(1.,0.,0.));
#8134=DIRECTION('',(-8.20218034233093E-47,-1.14491749414469E-16,-1.));
#8135=DIRECTION('',(1.,-7.90401649176522E-31,2.73691106313441E-48));
#8136=DIRECTION('',(6.93889390390723E-17,0.,-1.));
#8137=DIRECTION('',(-1.,0.,-6.93889390390723E-17));
#8138=DIRECTION('',(0.,0.,1.));
#8139=DIRECTION('',(1.,0.,0.));
#8140=DIRECTION('',(1.22464679914735E-16,1.,-1.22464679914735E-16));
#8141=DIRECTION('',(1.,0.,0.));
#8142=DIRECTION('',(1.22464679914735E-16,1.,-1.22464679914735E-16));
#8143=DIRECTION('',(1.,0.,0.));
#8144=DIRECTION('',(1.22464679914735E-16,1.,-1.22464679914735E-16));
#8145=DIRECTION('',(1.,0.,0.));
#8146=DIRECTION('',(1.22464679914735E-16,1.,-1.22464679914735E-16));
#8147=DIRECTION('',(1.,0.,0.));
#8148=DIRECTION('',(0.,1.,0.));
#8149=DIRECTION('',(1.,0.,0.));
#8150=DIRECTION('',(0.,1.,0.));
#8151=DIRECTION('',(1.,0.,0.));
#8152=DIRECTION('',(0.,1.,0.));
#8153=DIRECTION('',(1.,0.,0.));
#8154=DIRECTION('',(0.,1.,0.));
#8155=DIRECTION('',(1.,0.,0.));
#8156=DIRECTION('',(0.,-1.,1.22464679914735E-16));
#8157=DIRECTION('',(1.,0.,0.));
#8158=DIRECTION('',(0.,-1.,1.22464679914735E-16));
#8159=DIRECTION('',(1.,0.,0.));
#8160=DIRECTION('',(0.,-1.,1.22464679914735E-16));
#8161=DIRECTION('',(1.,0.,0.));
#8162=DIRECTION('',(0.,-1.,1.22464679914735E-16));
#8163=DIRECTION('',(1.,0.,0.));
#8164=DIRECTION('',(0.,1.,1.73472347597681E-15));
#8165=DIRECTION('',(0.999999999999999,6.93889390390722E-18,1.38777878078144E-17));
#8166=DIRECTION('',(-1.22846206711756E-19,1.,1.73472347597681E-15));
#8167=DIRECTION('',(0.999999999999999,6.83625994342706E-18,1.47431246640015E-17));
#8168=DIRECTION('',(0.,0.,1.));
#8169=DIRECTION('',(1.,0.,0.));
#8170=DIRECTION('center_axis',(0.,0.,1.));
#8171=DIRECTION('ref_axis',(1.,0.,0.));
#8172=CARTESIAN_POINT('',(0.,0.,0.));
#8173=CARTESIAN_POINT('',(0.,0.,0.));
#8174=CARTESIAN_POINT('',(0.,0.,0.));
#8175=CARTESIAN_POINT('Origin',(0.,45.7147598266602,6.12510299682617));
#8176=CARTESIAN_POINT('',(-1.,45.7147598266602,0.625102996826173));
#8177=CARTESIAN_POINT('Origin',(0.,45.7147598266602,0.625102996826173));
#8178=CARTESIAN_POINT('',(-1.,45.7147598266602,6.12510299682617));
#8179=CARTESIAN_POINT('',(-1.,45.7147598266602,6.12510299682617));
#8180=CARTESIAN_POINT('Origin',(0.,45.7147598266602,6.12510299682617));
#8181=CARTESIAN_POINT('Origin',(0.,45.7147598266602,6.12510299682617));
#8182=CARTESIAN_POINT('',(-2.942,45.7147598266602,0.625102996826173));
#8183=CARTESIAN_POINT('Origin',(0.,45.7147598266602,0.625102996826173));
#8184=CARTESIAN_POINT('',(-2.942,45.7147598266602,6.12510299682617));
#8185=CARTESIAN_POINT('',(-2.942,45.7147598266602,6.12510299682617));
#8186=CARTESIAN_POINT('Origin',(0.,45.7147598266602,6.12510299682617));
#8187=CARTESIAN_POINT('Origin',(0.,45.7147598266602,0.625102996826173));
#8188=CARTESIAN_POINT('Origin',(0.,45.7147598266602,6.12510299682617));
#8189=CARTESIAN_POINT('',(0.,0.,0.));
#8190=CARTESIAN_POINT('Origin',(0.,45.7147598266602,17.0251029968262));
#8191=CARTESIAN_POINT('',(1.2,45.7147598266602,17.1251029968262));
#8192=CARTESIAN_POINT('Origin',(0.,45.7147598266602,17.1251029968262));
#8193=CARTESIAN_POINT('',(1.,45.7147598266602,16.9251029968262));
#8194=CARTESIAN_POINT('',(1.1,45.7147598266602,17.0251029968262));
#8195=CARTESIAN_POINT('Origin',(0.,45.7147598266602,16.9251029968262));
#8196=CARTESIAN_POINT('Origin',(0.,45.7147598266602,7.62510299682617));
#8197=CARTESIAN_POINT('',(1.,45.7147598266602,6.12510299682617));
#8198=CARTESIAN_POINT('',(1.,45.7147598266602,7.62510299682617));
#8199=CARTESIAN_POINT('Origin',(0.,45.7147598266602,6.12510299682617));
#8200=CARTESIAN_POINT('Origin',(0.,45.7147598266602,17.1251029968262));
#8201=CARTESIAN_POINT('',(-1.375,45.7147598266602,17.1251029968262));
#8202=CARTESIAN_POINT('Origin',(0.,45.7147598266602,17.1251029968262));
#8203=CARTESIAN_POINT('Origin',(0.,45.7147598266602,6.12510299682617));
#8204=CARTESIAN_POINT('',(-1.375,45.7147598266602,6.12510299682617));
#8205=CARTESIAN_POINT('Origin',(0.,45.7147598266602,6.12510299682617));
#8206=CARTESIAN_POINT('Origin',(0.,45.7147598266602,7.62510299682617));
#8207=CARTESIAN_POINT('',(-1.375,45.7147598266602,7.62510299682617));
#8208=CARTESIAN_POINT('',(0.,0.,0.));
#8209=CARTESIAN_POINT('Origin',(0.,45.7147598266602,20.8751029968262));
#8210=CARTESIAN_POINT('',(-2.6,45.7147598266602,21.1251029968262));
#8211=CARTESIAN_POINT('Origin',(0.,45.7147598266602,21.1251029968262));
#8212=CARTESIAN_POINT('',(-2.1,45.7147598266602,20.6251029968262));
#8213=CARTESIAN_POINT('',(-2.35,45.7147598266602,20.8751029968262));
#8214=CARTESIAN_POINT('Origin',(0.,45.7147598266602,20.6251029968262));
#8215=CARTESIAN_POINT('Origin',(0.,45.7147598266602,7.62510299682617));
#8216=CARTESIAN_POINT('',(-2.1,45.7147598266602,17.1251029968262));
#8217=CARTESIAN_POINT('',(-2.1,45.7147598266602,7.62510299682617));
#8218=CARTESIAN_POINT('Origin',(0.,45.7147598266602,17.1251029968262));
#8219=CARTESIAN_POINT('Origin',(0.,45.7147598266602,21.1251029968262));
#8220=CARTESIAN_POINT('',(-3.5,45.7147598266602,21.1251029968262));
#8221=CARTESIAN_POINT('Origin',(0.,45.7147598266602,21.1251029968262));
#8222=CARTESIAN_POINT('Origin',(0.,45.7147598266602,7.87510299682617));
#8223=CARTESIAN_POINT('',(-3.,45.7147598266602,7.62510299682617));
#8224=CARTESIAN_POINT('Origin',(0.,45.7147598266602,7.62510299682617));
#8225=CARTESIAN_POINT('',(-3.5,45.7147598266602,8.12510299682618));
#8226=CARTESIAN_POINT('',(-3.25,45.7147598266602,7.87510299682617));
#8227=CARTESIAN_POINT('Origin',(0.,45.7147598266602,8.12510299682618));
#8228=CARTESIAN_POINT('Origin',(0.,45.7147598266602,7.62510299682617));
#8229=CARTESIAN_POINT('',(-3.5,45.7147598266602,7.62510299682617));
#8230=CARTESIAN_POINT('Origin',(0.,45.7147598266602,7.62510299682617));
#8231=CARTESIAN_POINT('',(-1.375,45.7147598266602,7.62510299682617));
#8232=CARTESIAN_POINT('Origin',(0.,45.7147598266602,7.62510299682617));
#8233=CARTESIAN_POINT('Origin',(0.,45.7147598266602,7.62510299682617));
#8234=CARTESIAN_POINT('',(-1.375,45.7147598266602,17.1251029968262));
#8235=CARTESIAN_POINT('Origin',(0.,45.7147598266602,17.1251029968262));
#8236=CARTESIAN_POINT('',(-1.375,45.7147598266602,7.62510299682617));
#8237=CARTESIAN_POINT('Origin',(0.,45.7147598266602,17.1251029968262));
#8238=CARTESIAN_POINT('',(0.892973927003415,-1.15802915229508,0.513420904471857));
#8239=CARTESIAN_POINT('',(0.892973927003415,-1.15802915229508,0.513420904471857));
#8240=CARTESIAN_POINT('',(0.892973927003415,-1.15802915229508,0.513420904471857));
#8241=CARTESIAN_POINT('',(0.,0.,0.));
#8242=CARTESIAN_POINT('Origin',(9.12010592577389,-1.38777878078145E-15,
82.1));
#8243=CARTESIAN_POINT('',(9.50000005215407,-1.26450000000001,82.1));
#8244=CARTESIAN_POINT('Origin',(9.50000005215406,-1.38777878078145E-15,
82.1));
#8245=CARTESIAN_POINT('',(8.74021179939371,-1.38777878078145E-15,82.1));
#8246=CARTESIAN_POINT('',(9.12010592577389,-0.632250000000001,82.1));
#8247=CARTESIAN_POINT('Origin',(10.5000000521541,-1.38777878078145E-15,
82.1));
#8248=CARTESIAN_POINT('',(11.5000000521541,-1.2645,82.1));
#8249=CARTESIAN_POINT('Origin',(11.5000000521541,-1.38777878078145E-15,
82.1));
#8250=CARTESIAN_POINT('',(10.5000000521541,-1.2645,82.1));
#8251=CARTESIAN_POINT('Origin',(-9.12010592577389,3.33066907387547E-15,
82.1));
#8252=CARTESIAN_POINT('',(-9.50000005215407,1.26450000000001,82.1));
#8253=CARTESIAN_POINT('Origin',(-9.50000005215407,3.33066907387547E-15,
82.1));
#8254=CARTESIAN_POINT('',(-8.74021179939372,3.33066907387547E-15,82.1));
#8255=CARTESIAN_POINT('',(-9.12010592577389,0.632250000000003,82.1));
#8256=CARTESIAN_POINT('Origin',(-10.5000000521541,3.33066907387547E-15,
82.1));
#8257=CARTESIAN_POINT('',(-11.5000000521541,1.2645,82.1));
#8258=CARTESIAN_POINT('Origin',(-11.5000000521541,3.33066907387547E-15,
82.1));
#8259=CARTESIAN_POINT('',(-10.5000000521541,1.2645,82.1));
#8260=CARTESIAN_POINT('Origin',(5.0000000745058,2.75000004097816,108.));
#8261=CARTESIAN_POINT('',(6.2645000745058,2.75000004097816,103.24));
#8262=CARTESIAN_POINT('Origin',(5.0000000745058,2.75000004097816,103.24));
#8263=CARTESIAN_POINT('',(6.2645000745058,2.75000004097816,100.86));
#8264=CARTESIAN_POINT('',(6.2645000745058,2.75000004097816,108.));
#8265=CARTESIAN_POINT('Origin',(5.0000000745058,2.75000004097816,100.86));
#8266=CARTESIAN_POINT('Origin',(5.0000000745058,2.75000004097816,108.));
#8267=CARTESIAN_POINT('',(6.2645000745058,2.75000004097816,108.));
#8268=CARTESIAN_POINT('Origin',(5.0000000745058,2.75000004097816,108.));
#8269=CARTESIAN_POINT('',(6.2645000745058,2.75000004097816,105.62));
#8270=CARTESIAN_POINT('',(6.2645000745058,2.75000004097816,108.));
#8271=CARTESIAN_POINT('Origin',(5.0000000745058,2.75000004097816,105.62));
#8272=CARTESIAN_POINT('Origin',(-5.0000000745058,2.75000004097816,108.));
#8273=CARTESIAN_POINT('',(-3.7355000745058,2.75000004097816,103.24));
#8274=CARTESIAN_POINT('Origin',(-5.0000000745058,2.75000004097816,103.24));
#8275=CARTESIAN_POINT('',(-3.7355000745058,2.75000004097816,100.86));
#8276=CARTESIAN_POINT('',(-3.7355000745058,2.75000004097816,108.));
#8277=CARTESIAN_POINT('Origin',(-5.0000000745058,2.75000004097816,100.86));
#8278=CARTESIAN_POINT('Origin',(-5.0000000745058,2.75000004097816,108.));
#8279=CARTESIAN_POINT('',(-3.7355000745058,2.75000004097816,108.));
#8280=CARTESIAN_POINT('Origin',(-5.0000000745058,2.75000004097816,108.));
#8281=CARTESIAN_POINT('',(-3.7355000745058,2.75000004097816,105.62));
#8282=CARTESIAN_POINT('',(-3.7355000745058,2.75000004097816,108.));
#8283=CARTESIAN_POINT('Origin',(-5.0000000745058,2.75000004097816,105.62));
#8284=CARTESIAN_POINT('Origin',(5.0000000745058,-2.75000004097816,108.));
#8285=CARTESIAN_POINT('',(6.2645000745058,-2.75000004097816,103.24));
#8286=CARTESIAN_POINT('Origin',(5.0000000745058,-2.75000004097816,103.24));
#8287=CARTESIAN_POINT('',(6.2645000745058,-2.75000004097816,100.86));
#8288=CARTESIAN_POINT('',(6.2645000745058,-2.75000004097816,108.));
#8289=CARTESIAN_POINT('Origin',(5.0000000745058,-2.75000004097816,100.86));
#8290=CARTESIAN_POINT('Origin',(5.0000000745058,-2.75000004097816,108.));
#8291=CARTESIAN_POINT('',(6.2645000745058,-2.75000004097816,108.));
#8292=CARTESIAN_POINT('Origin',(5.0000000745058,-2.75000004097816,108.));
#8293=CARTESIAN_POINT('',(6.2645000745058,-2.75000004097816,105.62));
#8294=CARTESIAN_POINT('',(6.2645000745058,-2.75000004097816,108.));
#8295=CARTESIAN_POINT('Origin',(5.0000000745058,-2.75000004097816,105.62));
#8296=CARTESIAN_POINT('Origin',(-5.0000000745058,-2.75000004097816,108.));
#8297=CARTESIAN_POINT('',(-3.7355000745058,-2.75000004097816,103.24));
#8298=CARTESIAN_POINT('Origin',(-5.0000000745058,-2.75000004097816,103.24));
#8299=CARTESIAN_POINT('',(-3.7355000745058,-2.75000004097816,100.86));
#8300=CARTESIAN_POINT('',(-3.7355000745058,-2.75000004097816,108.));
#8301=CARTESIAN_POINT('Origin',(-5.0000000745058,-2.75000004097816,100.86));
#8302=CARTESIAN_POINT('Origin',(-5.0000000745058,-2.75000004097816,108.));
#8303=CARTESIAN_POINT('',(-3.7355000745058,-2.75000004097816,108.));
#8304=CARTESIAN_POINT('Origin',(-5.0000000745058,-2.75000004097816,108.));
#8305=CARTESIAN_POINT('',(-3.7355000745058,-2.75000004097816,105.62));
#8306=CARTESIAN_POINT('',(-3.7355000745058,-2.75000004097816,108.));
#8307=CARTESIAN_POINT('Origin',(-5.0000000745058,-2.75000004097816,105.62));
#8308=CARTESIAN_POINT('Origin',(11.5000000521541,5.49999992175,105.62));
#8309=CARTESIAN_POINT('',(9.50000005215407,-5.50000007825,105.62));
#8310=CARTESIAN_POINT('',(11.5000000521541,-3.49999992176891,105.62));
#8311=CARTESIAN_POINT('Origin',(9.50000005215407,-3.49999992176891,105.62));
#8312=CARTESIAN_POINT('',(-9.50000005215406,-5.50000007825,105.62));
#8313=CARTESIAN_POINT('',(0.999999999999999,-5.4999999217689,105.62));
#8314=CARTESIAN_POINT('',(-11.5000000521509,-3.4999999217689,105.62));
#8315=CARTESIAN_POINT('Origin',(-9.50000005215406,-3.4999999217689,105.62));
#8316=CARTESIAN_POINT('',(-11.5000000521509,3.49999992176891,105.62));
#8317=CARTESIAN_POINT('',(-11.5000000521541,4.49999992175945,105.62));
#8318=CARTESIAN_POINT('',(-9.50000005215407,5.49999992175,105.62));
#8319=CARTESIAN_POINT('Origin',(-9.50000005215407,3.49999992176891,105.62));
#8320=CARTESIAN_POINT('',(9.50000005215406,5.49999992176891,105.62));
#8321=CARTESIAN_POINT('',(10.5000000521541,5.4999999217709,105.62));
#8322=CARTESIAN_POINT('',(11.5000000521541,3.4999999217689,105.62));
#8323=CARTESIAN_POINT('Origin',(9.50000005215406,3.4999999217689,105.62));
#8324=CARTESIAN_POINT('',(11.5000000521541,0.999999999990549,105.62));
#8325=CARTESIAN_POINT('',(4.,-4.89858719658941E-16,105.62));
#8326=CARTESIAN_POINT('Origin',(0.,0.,105.62));
#8327=CARTESIAN_POINT('Origin',(-9.50000005215407,3.49999992176891,80.));
#8328=CARTESIAN_POINT('',(-11.5000000521541,3.4999999217689,108.));
#8329=CARTESIAN_POINT('',(-11.5000000521541,3.4999999217689,80.));
#8330=CARTESIAN_POINT('',(-9.50000005215407,5.4999999217311,108.));
#8331=CARTESIAN_POINT('Origin',(-9.50000005215407,3.49999992176891,108.));
#8332=CARTESIAN_POINT('',(-9.50000005215407,5.4999999217311,80.));
#8333=CARTESIAN_POINT('Origin',(-11.5000000521541,3.4999999217689,80.));
#8334=CARTESIAN_POINT('',(-11.5000000521541,-3.4999999217689,108.));
#8335=CARTESIAN_POINT('',(-11.5000000521541,-3.4999999217689,80.));
#8336=CARTESIAN_POINT('',(-11.5000000521541,3.4999999217689,108.));
#8337=CARTESIAN_POINT('Origin',(9.50000005215406,5.49999992176891,80.));
#8338=CARTESIAN_POINT('',(9.50000005215406,5.49999992176891,108.));
#8339=CARTESIAN_POINT('',(9.50000005215406,5.49999992176891,108.));
#8340=CARTESIAN_POINT('',(9.50000005215406,5.49999992176891,80.));
#8341=CARTESIAN_POINT('Origin',(-9.50000005215406,-3.4999999217689,80.));
#8342=CARTESIAN_POINT('',(-9.50000005215406,-5.49999992176891,108.));
#8343=CARTESIAN_POINT('',(-9.50000005215406,-5.49999992176891,80.));
#8344=CARTESIAN_POINT('Origin',(-9.50000005215406,-3.4999999217689,108.));
#8345=CARTESIAN_POINT('Origin',(-9.50000005215406,-5.49999992176891,80.));
#8346=CARTESIAN_POINT('',(9.50000005215406,-5.4999999217689,108.));
#8347=CARTESIAN_POINT('',(9.50000005215406,-5.4999999217689,80.));
#8348=CARTESIAN_POINT('',(-9.50000005215406,-5.49999992176891,108.));
#8349=CARTESIAN_POINT('Origin',(9.50000005215406,3.4999999217689,80.));
#8350=CARTESIAN_POINT('',(11.5000000521541,3.4999999217689,108.));
#8351=CARTESIAN_POINT('Origin',(9.50000005215406,3.4999999217689,108.));
#8352=CARTESIAN_POINT('',(11.5000000521541,3.4999999217689,80.));
#8353=CARTESIAN_POINT('Origin',(9.50000005215407,-3.49999992176891,80.));
#8354=CARTESIAN_POINT('',(11.5000000521541,-3.4999999217689,108.));
#8355=CARTESIAN_POINT('',(11.5000000521541,-3.4999999217689,80.));
#8356=CARTESIAN_POINT('Origin',(9.50000005215407,-3.49999992176891,108.));
#8357=CARTESIAN_POINT('Origin',(11.5000000521541,-3.4999999217689,80.));
#8358=CARTESIAN_POINT('',(11.5000000521541,-3.4999999217689,108.));
#8359=CARTESIAN_POINT('Origin',(11.5000000521541,5.49999992175,100.86));
#8360=CARTESIAN_POINT('',(9.50000005215407,-5.50000007825,100.86));
#8361=CARTESIAN_POINT('',(11.5000000521541,-3.49999992176891,100.86));
#8362=CARTESIAN_POINT('Origin',(9.50000005215407,-3.49999992176891,100.86));
#8363=CARTESIAN_POINT('',(-9.50000005215406,-5.50000007825,100.86));
#8364=CARTESIAN_POINT('',(1.,-5.4999999217689,100.86));
#8365=CARTESIAN_POINT('',(-11.5000000521444,-3.4999999217689,100.86));
#8366=CARTESIAN_POINT('Origin',(-9.50000005215406,-3.4999999217689,100.86));
#8367=CARTESIAN_POINT('',(-11.5000000521444,3.49999992176891,100.86));
#8368=CARTESIAN_POINT('',(-11.5000000521541,4.49999992175945,100.86));
#8369=CARTESIAN_POINT('',(-9.50000005215407,5.49999992175,100.86));
#8370=CARTESIAN_POINT('Origin',(-9.50000005215407,3.49999992176891,100.86));
#8371=CARTESIAN_POINT('',(9.50000005215406,5.49999992176891,100.86));
#8372=CARTESIAN_POINT('',(10.5000000521541,5.4999999217709,100.86));
#8373=CARTESIAN_POINT('',(11.5000000521541,3.4999999217689,100.86));
#8374=CARTESIAN_POINT('Origin',(9.50000005215406,3.4999999217689,100.86));
#8375=CARTESIAN_POINT('',(11.5000000521541,0.999999999990549,100.86));
#8376=CARTESIAN_POINT('',(4.,-4.89858719658941E-16,100.86));
#8377=CARTESIAN_POINT('Origin',(0.,0.,100.86));
#8378=CARTESIAN_POINT('Origin',(-11.5000000521476,5.49999992175,103.24));
#8379=CARTESIAN_POINT('',(11.5000000521541,-3.49999992176891,103.24));
#8380=CARTESIAN_POINT('',(9.50000005215407,-5.50000007825,103.24));
#8381=CARTESIAN_POINT('Origin',(9.50000005215407,-3.49999992176891,103.24));
#8382=CARTESIAN_POINT('',(11.5000000521541,3.4999999217689,103.24));
#8383=CARTESIAN_POINT('',(11.5000000521541,0.999999999990549,103.24));
#8384=CARTESIAN_POINT('',(9.50000005215406,5.49999992176891,103.24));
#8385=CARTESIAN_POINT('Origin',(9.50000005215406,3.4999999217689,103.24));
#8386=CARTESIAN_POINT('',(-9.50000005215407,5.49999992175,103.24));
#8387=CARTESIAN_POINT('',(-0.999999999996787,5.49999992174801,103.24));
#8388=CARTESIAN_POINT('',(-11.5000000521476,3.49999992176891,103.24));
#8389=CARTESIAN_POINT('Origin',(-9.50000005215407,3.49999992176891,103.24));
#8390=CARTESIAN_POINT('',(-11.5000000521476,-3.4999999217689,103.24));
#8391=CARTESIAN_POINT('',(-11.5000000521541,4.49999992175945,103.24));
#8392=CARTESIAN_POINT('',(-9.50000005215406,-5.50000007825,103.24));
#8393=CARTESIAN_POINT('Origin',(-9.50000005215406,-3.4999999217689,103.24));
#8394=CARTESIAN_POINT('',(-10.5000000521509,-5.49999992176891,103.24));
#8395=CARTESIAN_POINT('',(4.,4.89858719658941E-16,103.24));
#8396=CARTESIAN_POINT('Origin',(0.,0.,103.24));
#8397=CARTESIAN_POINT('Origin',(11.5000000521541,-3.4999999217689,80.));
#8398=CARTESIAN_POINT('',(11.5000000521541,3.4999999217689,80.));
#8399=CARTESIAN_POINT('',(11.5000000521541,-3.4999999217689,80.));
#8400=CARTESIAN_POINT('Origin',(9.50000005215407,-3.49999992176891,80.));
#8401=CARTESIAN_POINT('',(9.50000005215406,-5.4999999217689,80.));
#8402=CARTESIAN_POINT('Origin',(9.50000005215406,3.4999999217689,80.));
#8403=CARTESIAN_POINT('',(9.50000005215406,5.49999992176891,80.));
#8404=CARTESIAN_POINT('Origin',(-9.50000005215406,-5.49999992176891,80.));
#8405=CARTESIAN_POINT('',(-9.50000005215406,-5.49999992176891,80.));
#8406=CARTESIAN_POINT('Origin',(-9.50000005215406,-3.4999999217689,80.));
#8407=CARTESIAN_POINT('',(-11.5000000521541,-3.4999999217689,80.));
#8408=CARTESIAN_POINT('Origin',(9.50000005215406,5.49999992176891,80.));
#8409=CARTESIAN_POINT('',(-9.50000005215407,5.4999999217311,80.));
#8410=CARTESIAN_POINT('Origin',(-11.5000000521541,3.4999999217689,80.));
#8411=CARTESIAN_POINT('',(-11.5000000521541,3.4999999217689,80.));
#8412=CARTESIAN_POINT('Origin',(-9.50000005215407,3.49999992176891,80.));
#8413=CARTESIAN_POINT('Origin',(0.,0.,100.));
#8414=CARTESIAN_POINT('',(4.,-4.89858719658941E-16,100.));
#8415=CARTESIAN_POINT('Origin',(-11.5000000521412,5.49999992175,98.48));
#8416=CARTESIAN_POINT('',(11.5000000521541,-3.49999992176891,98.48));
#8417=CARTESIAN_POINT('',(9.50000005215407,-5.50000007825,98.48));
#8418=CARTESIAN_POINT('Origin',(9.50000005215407,-3.49999992176891,98.48));
#8419=CARTESIAN_POINT('',(11.5000000521541,3.4999999217689,98.48));
#8420=CARTESIAN_POINT('',(11.5000000521541,0.999999999990549,98.48));
#8421=CARTESIAN_POINT('',(9.50000005215406,5.49999992176891,98.48));
#8422=CARTESIAN_POINT('Origin',(9.50000005215406,3.4999999217689,98.48));
#8423=CARTESIAN_POINT('',(-9.50000005215407,5.49999992175,98.48));
#8424=CARTESIAN_POINT('',(-0.999999999993573,5.49999992174801,98.48));
#8425=CARTESIAN_POINT('',(-11.5000000521412,3.49999992176891,98.48));
#8426=CARTESIAN_POINT('Origin',(-9.50000005215407,3.49999992176891,98.48));
#8427=CARTESIAN_POINT('',(-11.5000000521412,-3.4999999217689,98.48));
#8428=CARTESIAN_POINT('',(-11.5000000521541,4.49999992175945,98.48));
#8429=CARTESIAN_POINT('',(-9.50000005215406,-5.50000007825,98.48));
#8430=CARTESIAN_POINT('Origin',(-9.50000005215406,-3.4999999217689,98.48));
#8431=CARTESIAN_POINT('',(-10.5000000521476,-5.49999992176891,98.48));
#8432=CARTESIAN_POINT('',(4.,4.89858719658941E-16,98.48));
#8433=CARTESIAN_POINT('Origin',(0.,0.,98.48));
#8434=CARTESIAN_POINT('Origin',(11.5000000521541,5.49999992175,96.1));
#8435=CARTESIAN_POINT('',(9.50000005215407,-5.50000007825,96.1));
#8436=CARTESIAN_POINT('',(11.5000000521541,-3.49999992176891,96.1));
#8437=CARTESIAN_POINT('Origin',(9.50000005215407,-3.49999992176891,96.1));
#8438=CARTESIAN_POINT('',(-9.50000005215406,-5.50000007825,96.1));
#8439=CARTESIAN_POINT('',(1.,-5.4999999217689,96.1));
#8440=CARTESIAN_POINT('',(-11.500000052138,-3.4999999217689,96.1));
#8441=CARTESIAN_POINT('Origin',(-9.50000005215406,-3.4999999217689,96.1));
#8442=CARTESIAN_POINT('',(-11.500000052138,3.49999992176891,96.1));
#8443=CARTESIAN_POINT('',(-11.5000000521541,4.49999992175945,96.1));
#8444=CARTESIAN_POINT('',(-9.50000005215407,5.49999992175,96.1));
#8445=CARTESIAN_POINT('Origin',(-9.50000005215407,3.49999992176891,96.1));
#8446=CARTESIAN_POINT('',(9.50000005215406,5.49999992176891,96.1));
#8447=CARTESIAN_POINT('',(10.5000000521541,5.4999999217709,96.1));
#8448=CARTESIAN_POINT('',(11.5000000521541,3.4999999217689,96.1));
#8449=CARTESIAN_POINT('Origin',(9.50000005215406,3.4999999217689,96.1));
#8450=CARTESIAN_POINT('',(11.5000000521541,0.999999999990549,96.1));
#8451=CARTESIAN_POINT('',(4.,-4.89858719658941E-16,96.1));
#8452=CARTESIAN_POINT('Origin',(0.,0.,96.1));
#8453=CARTESIAN_POINT('Origin',(-11.5000000521541,3.4999999217689,80.));
#8454=CARTESIAN_POINT('',(-11.5000000521541,-3.4999999217689,80.));
#8455=CARTESIAN_POINT('',(-11.5000000521541,3.4999999217689,80.));
#8456=CARTESIAN_POINT('Origin',(-9.50000005215407,3.49999992176891,80.));
#8457=CARTESIAN_POINT('',(-9.50000005215407,5.4999999217311,80.));
#8458=CARTESIAN_POINT('Origin',(-9.50000005215406,-5.49999992176891,80.));
#8459=CARTESIAN_POINT('',(9.50000005215406,-5.4999999217689,80.));
#8460=CARTESIAN_POINT('',(-9.50000005215406,-5.49999992176891,80.));
#8461=CARTESIAN_POINT('Origin',(-9.50000005215406,-3.4999999217689,80.));
#8462=CARTESIAN_POINT('Origin',(9.50000005215407,-3.49999992176891,80.));
#8463=CARTESIAN_POINT('',(11.5000000521541,-3.4999999217689,80.));
#8464=CARTESIAN_POINT('Origin',(9.50000005215406,5.49999992176891,80.));
#8465=CARTESIAN_POINT('',(9.50000005215406,5.49999992176891,80.));
#8466=CARTESIAN_POINT('Origin',(9.50000005215406,3.4999999217689,80.));
#8467=CARTESIAN_POINT('',(11.5000000521541,3.4999999217689,80.));
#8468=CARTESIAN_POINT('Origin',(11.5000000521541,-3.4999999217689,80.));
#8469=CARTESIAN_POINT('Origin',(0.,0.,100.));
#8470=CARTESIAN_POINT('',(4.,4.89858719658941E-16,93.72));
#8471=CARTESIAN_POINT('Origin',(0.,0.,93.72));
#8472=CARTESIAN_POINT('',(4.,-4.89858719658941E-16,100.));
#8473=CARTESIAN_POINT('Origin',(-11.5000000521348,5.49999992175,93.72));
#8474=CARTESIAN_POINT('',(11.5000000521541,-3.49999992176891,93.72));
#8475=CARTESIAN_POINT('',(9.50000005215407,-5.50000007825,93.72));
#8476=CARTESIAN_POINT('Origin',(9.50000005215407,-3.49999992176891,93.72));
#8477=CARTESIAN_POINT('',(11.5000000521541,3.4999999217689,93.72));
#8478=CARTESIAN_POINT('',(11.5000000521541,0.999999999990549,93.72));
#8479=CARTESIAN_POINT('',(9.50000005215406,5.49999992176891,93.72));
#8480=CARTESIAN_POINT('Origin',(9.50000005215406,3.4999999217689,93.72));
#8481=CARTESIAN_POINT('',(-9.50000005215407,5.49999992175,93.72));
#8482=CARTESIAN_POINT('',(-0.999999999990359,5.49999992174801,93.72));
#8483=CARTESIAN_POINT('',(-11.5000000521348,3.49999992176891,93.72));
#8484=CARTESIAN_POINT('Origin',(-9.50000005215407,3.49999992176891,93.72));
#8485=CARTESIAN_POINT('',(-11.5000000521348,-3.4999999217689,93.72));
#8486=CARTESIAN_POINT('',(-11.5000000521541,4.49999992175945,93.72));
#8487=CARTESIAN_POINT('',(-9.50000005215406,-5.50000007825,93.72));
#8488=CARTESIAN_POINT('Origin',(-9.50000005215406,-3.4999999217689,93.72));
#8489=CARTESIAN_POINT('',(-10.5000000521444,-5.49999992176891,93.72));
#8490=CARTESIAN_POINT('Origin',(11.5000000521541,5.49999992175,91.34));
#8491=CARTESIAN_POINT('',(9.50000005215407,-5.50000007825,91.34));
#8492=CARTESIAN_POINT('',(11.5000000521541,-3.49999992176891,91.34));
#8493=CARTESIAN_POINT('Origin',(9.50000005215407,-3.49999992176891,91.34));
#8494=CARTESIAN_POINT('',(-9.50000005215406,-5.50000007825,91.34));
#8495=CARTESIAN_POINT('',(1.,-5.4999999217689,91.34));
#8496=CARTESIAN_POINT('',(-11.5000000521316,-3.4999999217689,91.34));
#8497=CARTESIAN_POINT('Origin',(-9.50000005215406,-3.4999999217689,91.34));
#8498=CARTESIAN_POINT('',(-11.5000000521316,3.49999992176891,91.34));
#8499=CARTESIAN_POINT('',(-11.5000000521541,4.49999992175945,91.34));
#8500=CARTESIAN_POINT('',(-9.50000005215407,5.49999992175,91.34));
#8501=CARTESIAN_POINT('Origin',(-9.50000005215407,3.49999992176891,91.34));
#8502=CARTESIAN_POINT('',(9.50000005215406,5.49999992176891,91.34));
#8503=CARTESIAN_POINT('',(10.5000000521541,5.4999999217709,91.34));
#8504=CARTESIAN_POINT('',(11.5000000521541,3.4999999217689,91.34));
#8505=CARTESIAN_POINT('Origin',(9.50000005215406,3.4999999217689,91.34));
#8506=CARTESIAN_POINT('',(11.5000000521541,0.999999999990549,91.34));
#8507=CARTESIAN_POINT('',(4.,-4.89858719658941E-16,91.34));
#8508=CARTESIAN_POINT('Origin',(0.,0.,91.34));
#8509=CARTESIAN_POINT('Origin',(11.5000000521541,-3.4999999217689,80.));
#8510=CARTESIAN_POINT('',(11.5000000521541,-3.4999999217689,80.));
#8511=CARTESIAN_POINT('',(11.5000000521541,3.4999999217689,80.));
#8512=CARTESIAN_POINT('Origin',(9.50000005215407,-3.49999992176891,80.));
#8513=CARTESIAN_POINT('',(9.50000005215406,-5.4999999217689,80.));
#8514=CARTESIAN_POINT('Origin',(9.50000005215406,3.4999999217689,80.));
#8515=CARTESIAN_POINT('',(9.50000005215406,5.49999992176891,80.));
#8516=CARTESIAN_POINT('Origin',(-9.50000005215406,-5.49999992176891,80.));
#8517=CARTESIAN_POINT('',(-9.50000005215406,-5.49999992176891,80.));
#8518=CARTESIAN_POINT('Origin',(-9.50000005215406,-3.4999999217689,80.));
#8519=CARTESIAN_POINT('',(-11.5000000521541,-3.4999999217689,80.));
#8520=CARTESIAN_POINT('Origin',(9.50000005215406,5.49999992176891,80.));
#8521=CARTESIAN_POINT('',(-9.50000005215407,5.4999999217311,80.));
#8522=CARTESIAN_POINT('Origin',(-11.5000000521541,3.4999999217689,80.));
#8523=CARTESIAN_POINT('',(-11.5000000521541,3.4999999217689,80.));
#8524=CARTESIAN_POINT('Origin',(-9.50000005215407,3.49999992176891,80.));
#8525=CARTESIAN_POINT('Origin',(0.,0.,100.));
#8526=CARTESIAN_POINT('',(4.,4.89858719658941E-16,88.96));
#8527=CARTESIAN_POINT('Origin',(0.,0.,88.96));
#8528=CARTESIAN_POINT('',(4.,-4.89858719658941E-16,100.));
#8529=CARTESIAN_POINT('Origin',(-11.5000000521284,5.49999992175,88.96));
#8530=CARTESIAN_POINT('',(11.5000000521541,-3.49999992176891,88.96));
#8531=CARTESIAN_POINT('',(9.50000005215407,-5.50000007825,88.96));
#8532=CARTESIAN_POINT('Origin',(9.50000005215407,-3.49999992176891,88.96));
#8533=CARTESIAN_POINT('',(11.5000000521541,3.4999999217689,88.96));
#8534=CARTESIAN_POINT('',(11.5000000521541,0.999999999990549,88.96));
#8535=CARTESIAN_POINT('',(9.50000005215406,5.49999992176891,88.96));
#8536=CARTESIAN_POINT('Origin',(9.50000005215406,3.4999999217689,88.96));
#8537=CARTESIAN_POINT('',(-9.50000005215407,5.49999992175,88.96));
#8538=CARTESIAN_POINT('',(-0.999999999987145,5.49999992174801,88.96));
#8539=CARTESIAN_POINT('',(-11.5000000521284,3.49999992176891,88.96));
#8540=CARTESIAN_POINT('Origin',(-9.50000005215407,3.49999992176891,88.96));
#8541=CARTESIAN_POINT('',(-11.5000000521284,-3.4999999217689,88.96));
#8542=CARTESIAN_POINT('',(-11.5000000521541,4.49999992175945,88.96));
#8543=CARTESIAN_POINT('',(-9.50000005215406,-5.50000007825,88.96));
#8544=CARTESIAN_POINT('Origin',(-9.50000005215406,-3.4999999217689,88.96));
#8545=CARTESIAN_POINT('',(-10.5000000521412,-5.49999992176891,88.96));
#8546=CARTESIAN_POINT('Origin',(11.5000000521541,5.49999992175,86.58));
#8547=CARTESIAN_POINT('',(9.50000005215407,-5.50000007825,86.58));
#8548=CARTESIAN_POINT('',(11.5000000521541,-3.49999992176891,86.58));
#8549=CARTESIAN_POINT('Origin',(9.50000005215407,-3.49999992176891,86.58));
#8550=CARTESIAN_POINT('',(-9.50000005215406,-5.50000007825,86.58));
#8551=CARTESIAN_POINT('',(1.,-5.4999999217689,86.58));
#8552=CARTESIAN_POINT('',(-11.5000000521251,-3.4999999217689,86.58));
#8553=CARTESIAN_POINT('Origin',(-9.50000005215406,-3.4999999217689,86.58));
#8554=CARTESIAN_POINT('',(-11.5000000521251,3.49999992176891,86.58));
#8555=CARTESIAN_POINT('',(-11.5000000521541,4.49999992175945,86.58));
#8556=CARTESIAN_POINT('',(-9.50000005215407,5.49999992175,86.58));
#8557=CARTESIAN_POINT('Origin',(-9.50000005215407,3.49999992176891,86.58));
#8558=CARTESIAN_POINT('',(9.50000005215406,5.49999992176891,86.58));
#8559=CARTESIAN_POINT('',(10.5000000521541,5.4999999217709,86.58));
#8560=CARTESIAN_POINT('',(11.5000000521541,3.4999999217689,86.58));
#8561=CARTESIAN_POINT('Origin',(9.50000005215406,3.4999999217689,86.58));
#8562=CARTESIAN_POINT('',(11.5000000521541,0.999999999990549,86.58));
#8563=CARTESIAN_POINT('',(4.,-4.89858719658941E-16,86.58));
#8564=CARTESIAN_POINT('Origin',(0.,0.,86.58));
#8565=CARTESIAN_POINT('Origin',(11.5000000521541,-3.4999999217689,80.));
#8566=CARTESIAN_POINT('',(11.5000000521541,-3.4999999217689,80.));
#8567=CARTESIAN_POINT('',(11.5000000521541,3.4999999217689,80.));
#8568=CARTESIAN_POINT('Origin',(9.50000005215407,-3.49999992176891,80.));
#8569=CARTESIAN_POINT('',(9.50000005215406,-5.4999999217689,80.));
#8570=CARTESIAN_POINT('Origin',(9.50000005215406,3.4999999217689,80.));
#8571=CARTESIAN_POINT('',(9.50000005215406,5.49999992176891,80.));
#8572=CARTESIAN_POINT('Origin',(-9.50000005215406,-5.49999992176891,80.));
#8573=CARTESIAN_POINT('',(-9.50000005215406,-5.49999992176891,80.));
#8574=CARTESIAN_POINT('Origin',(-9.50000005215406,-3.4999999217689,80.));
#8575=CARTESIAN_POINT('',(-11.5000000521541,-3.4999999217689,80.));
#8576=CARTESIAN_POINT('Origin',(9.50000005215406,5.49999992176891,80.));
#8577=CARTESIAN_POINT('',(-9.50000005215407,5.4999999217311,80.));
#8578=CARTESIAN_POINT('Origin',(-11.5000000521541,3.4999999217689,80.));
#8579=CARTESIAN_POINT('',(-11.5000000521541,3.4999999217689,80.));
#8580=CARTESIAN_POINT('Origin',(-9.50000005215407,3.49999992176891,80.));
#8581=CARTESIAN_POINT('Origin',(0.,0.,100.));
#8582=CARTESIAN_POINT('',(4.,4.89858719658941E-16,84.2));
#8583=CARTESIAN_POINT('Origin',(0.,0.,84.2));
#8584=CARTESIAN_POINT('',(4.,-4.89858719658941E-16,100.));
#8585=CARTESIAN_POINT('Origin',(-11.5000000521219,5.49999992175,84.2));
#8586=CARTESIAN_POINT('',(11.5000000521541,-3.49999992176891,84.2));
#8587=CARTESIAN_POINT('',(9.50000005215407,-5.50000007825,84.2));
#8588=CARTESIAN_POINT('Origin',(9.50000005215407,-3.49999992176891,84.2));
#8589=CARTESIAN_POINT('',(11.5000000521541,3.4999999217689,84.2));
#8590=CARTESIAN_POINT('',(11.5000000521541,0.999999999990549,84.2));
#8591=CARTESIAN_POINT('',(9.50000005215406,5.49999992176891,84.2));
#8592=CARTESIAN_POINT('Origin',(9.50000005215406,3.4999999217689,84.2));
#8593=CARTESIAN_POINT('',(-9.50000005215407,5.49999992175,84.2));
#8594=CARTESIAN_POINT('',(-0.999999999983932,5.49999992174801,84.2));
#8595=CARTESIAN_POINT('',(-11.5000000521219,3.49999992176891,84.2));
#8596=CARTESIAN_POINT('Origin',(-9.50000005215407,3.49999992176891,84.2));
#8597=CARTESIAN_POINT('',(-11.5000000521219,-3.4999999217689,84.2));
#8598=CARTESIAN_POINT('',(-11.5000000521541,4.49999992175945,84.2));
#8599=CARTESIAN_POINT('',(-9.50000005215406,-5.50000007825,84.2));
#8600=CARTESIAN_POINT('Origin',(-9.50000005215406,-3.4999999217689,84.2));
#8601=CARTESIAN_POINT('',(-10.500000052138,-5.49999992176891,84.2));
#8602=CARTESIAN_POINT('Origin',(-7.40000005215412,-5.4999999217689,82.1000011920929));
#8603=CARTESIAN_POINT('',(-8.21150005215412,-5.4999999217689,82.1000011920929));
#8604=CARTESIAN_POINT('Origin',(-7.40000005215412,-5.4999999217689,82.1000011920929));
#8605=CARTESIAN_POINT('',(-8.21150005215412,5.5000000782311,82.1000011920929));
#8606=CARTESIAN_POINT('',(-8.21150005215412,-5.4999999217689,82.1000011920929));
#8607=CARTESIAN_POINT('Origin',(-7.40000005215412,5.5000000782311,82.1000011920929));
#8608=CARTESIAN_POINT('Origin',(7.40000005215406,-5.4999999217689,82.1000011920929));
#8609=CARTESIAN_POINT('',(6.58850005215406,-5.4999999217689,82.1000011920929));
#8610=CARTESIAN_POINT('Origin',(7.40000005215406,-5.4999999217689,82.1000011920929));
#8611=CARTESIAN_POINT('',(6.58850005215406,5.5000000782311,82.1000011920929));
#8612=CARTESIAN_POINT('',(6.58850005215406,-5.4999999217689,82.1000011920929));
#8613=CARTESIAN_POINT('Origin',(7.40000005215406,5.5000000782311,82.1000011920929));
#8614=CARTESIAN_POINT('Origin',(-9.50000005215407,3.49999992176891,80.));
#8615=CARTESIAN_POINT('',(-9.50000005215407,5.4999999217311,80.));
#8616=CARTESIAN_POINT('',(-9.50000005215407,5.4999999217311,80.));
#8617=CARTESIAN_POINT('',(-11.5000000521541,3.4999999217689,80.));
#8618=CARTESIAN_POINT('Origin',(-9.50000005215407,3.49999992176891,80.));
#8619=CARTESIAN_POINT('',(-11.5000000521541,3.4999999217689,80.));
#8620=CARTESIAN_POINT('Origin',(-11.5000000521541,3.4999999217689,80.));
#8621=CARTESIAN_POINT('',(-11.5000000521541,-3.4999999217689,80.));
#8622=CARTESIAN_POINT('',(-11.5000000521541,3.4999999217689,80.));
#8623=CARTESIAN_POINT('',(-11.5000000521541,-3.4999999217689,80.));
#8624=CARTESIAN_POINT('Origin',(9.50000005215406,5.49999992176891,80.));
#8625=CARTESIAN_POINT('',(9.50000005215406,5.49999992176891,80.));
#8626=CARTESIAN_POINT('',(9.50000005215406,5.49999992176891,80.));
#8627=CARTESIAN_POINT('',(1.32706769428699E-16,5.5000000782311,80.));
#8628=CARTESIAN_POINT('Origin',(-9.50000005215406,-3.4999999217689,80.));
#8629=CARTESIAN_POINT('',(-9.50000005215406,-5.49999992176891,80.));
#8630=CARTESIAN_POINT('Origin',(-9.50000005215406,-3.4999999217689,80.));
#8631=CARTESIAN_POINT('',(-9.50000005215406,-5.49999992176891,80.));
#8632=CARTESIAN_POINT('Origin',(-9.50000005215406,-5.49999992176891,80.));
#8633=CARTESIAN_POINT('',(9.50000005215406,-5.4999999217689,80.));
#8634=CARTESIAN_POINT('',(1.32706769428699E-16,-5.4999999217689,80.));
#8635=CARTESIAN_POINT('',(9.50000005215406,-5.4999999217689,80.));
#8636=CARTESIAN_POINT('Origin',(9.50000005215406,3.4999999217689,80.));
#8637=CARTESIAN_POINT('',(11.5000000521541,3.4999999217689,80.));
#8638=CARTESIAN_POINT('',(11.5000000521541,3.4999999217689,80.));
#8639=CARTESIAN_POINT('Origin',(9.50000005215406,3.4999999217689,80.));
#8640=CARTESIAN_POINT('Origin',(9.50000005215407,-3.49999992176891,80.));
#8641=CARTESIAN_POINT('',(11.5000000521541,-3.4999999217689,80.));
#8642=CARTESIAN_POINT('Origin',(9.50000005215407,-3.49999992176891,80.));
#8643=CARTESIAN_POINT('',(11.5000000521541,-3.4999999217689,80.));
#8644=CARTESIAN_POINT('Origin',(11.5000000521541,-3.4999999217689,80.));
#8645=CARTESIAN_POINT('',(11.5000000521541,-3.4999999217689,80.));
#8646=CARTESIAN_POINT('Origin',(0.,0.,108.));
#8647=CARTESIAN_POINT('',(2.55,3.12284933782575E-16,108.));
#8648=CARTESIAN_POINT('Origin',(0.,0.,108.));
#8649=CARTESIAN_POINT('Origin',(0.,0.,100.));
#8650=CARTESIAN_POINT('',(4.,-4.89858719658941E-16,100.));
#8651=CARTESIAN_POINT('Origin',(0.,0.,80.));
#8652=CARTESIAN_POINT('',(2.55,3.12284933782575E-16,80.));
#8653=CARTESIAN_POINT('Origin',(0.,0.,80.));
#8654=CARTESIAN_POINT('Origin',(0.,0.,80.));
#8655=CARTESIAN_POINT('',(2.55,3.12284933782575E-16,80.));
#8656=CARTESIAN_POINT('',(0.,0.,0.));
#8657=CARTESIAN_POINT('',(0.,0.,0.));
#8658=CARTESIAN_POINT('Origin',(7.50000005215409,4.50000007823113,86.1000011920929));
#8659=CARTESIAN_POINT('',(7.50000005215409,4.50000007823113,86.1000011920929));
#8660=CARTESIAN_POINT('',(-7.50000005215403,4.50000007823113,86.1000011920929));
#8661=CARTESIAN_POINT('',(3.75000002607706,4.50000007823113,86.1000011920929));
#8662=CARTESIAN_POINT('',(7.50000005215409,5.50000007823113,86.1000011920929));
#8663=CARTESIAN_POINT('',(7.50000005215409,4.50000007823113,86.1000011920929));
#8664=CARTESIAN_POINT('',(-7.50000005215403,5.50000007823113,86.1000011920929));
#8665=CARTESIAN_POINT('',(3.75000002607706,5.50000007823113,86.1000011920929));
#8666=CARTESIAN_POINT('',(-7.50000005215403,4.50000007823113,86.1000011920929));
#8667=CARTESIAN_POINT('Origin',(7.50000005215409,4.50000007823113,84.2000011920929));
#8668=CARTESIAN_POINT('',(9.40000005215409,4.50000007823113,84.2000011920929));
#8669=CARTESIAN_POINT('Origin',(7.50000005215409,4.50000007823113,84.2000011920929));
#8670=CARTESIAN_POINT('',(9.40000005215409,5.50000007823113,84.2000011920929));
#8671=CARTESIAN_POINT('',(9.40000005215409,4.50000007823113,84.2000011920929));
#8672=CARTESIAN_POINT('Origin',(7.50000005215409,5.50000007823113,84.2000011920929));
#8673=CARTESIAN_POINT('Origin',(9.40000005215409,4.50000007823113,82.6666666718177));
#8674=CARTESIAN_POINT('',(9.40000005215409,4.50000007823113,82.6666666718177));
#8675=CARTESIAN_POINT('',(9.40000005215409,4.50000007823113,81.3833336339321));
#8676=CARTESIAN_POINT('',(9.40000005215409,5.50000007823113,82.6666666718177));
#8677=CARTESIAN_POINT('',(9.40000005215409,4.50000007823113,82.6666666718177));
#8678=CARTESIAN_POINT('',(9.40000005215409,5.50000007823113,81.3833336339321));
#8679=CARTESIAN_POINT('Origin',(7.50000005215404,4.50000007823113,82.6666666718177));
#8680=CARTESIAN_POINT('',(9.02000004686914,4.50000007823113,81.5266666647711));
#8681=CARTESIAN_POINT('Origin',(7.50000005215404,4.50000007823113,82.6666666718177));
#8682=CARTESIAN_POINT('',(9.02000004686914,5.50000007823113,81.5266666647711));
#8683=CARTESIAN_POINT('',(9.02000004686914,4.50000007823113,81.5266666647711));
#8684=CARTESIAN_POINT('Origin',(7.50000005215404,5.50000007823113,82.6666666718177));
#8685=CARTESIAN_POINT('Origin',(4.01999999471506,4.50000007823113,74.8599999929534));
#8686=CARTESIAN_POINT('',(4.01999999471506,4.50000007823113,74.8599999929534));
#8687=CARTESIAN_POINT('',(4.55400013486413,4.50000007823113,75.5720001729422));
#8688=CARTESIAN_POINT('',(4.01999999471506,5.50000007823113,74.8599999929534));
#8689=CARTESIAN_POINT('',(4.01999999471506,4.50000007823113,74.8599999929534));
#8690=CARTESIAN_POINT('',(4.55400013486413,5.50000007823113,75.5720001729422));
#8691=CARTESIAN_POINT('Origin',(2.5,4.50000007823113,76.));
#8692=CARTESIAN_POINT('',(2.49999994412065,4.50000007823113,74.1));
#8693=CARTESIAN_POINT('Origin',(2.5,4.50000007823113,76.));
#8694=CARTESIAN_POINT('',(2.49999994412065,5.50000007823113,74.1));
#8695=CARTESIAN_POINT('',(2.49999994412065,4.50000007823113,74.1));
#8696=CARTESIAN_POINT('Origin',(2.5,5.50000007823113,76.));
#8697=CARTESIAN_POINT('Origin',(-2.5,4.50000007823113,74.1));
#8698=CARTESIAN_POINT('',(-2.5,4.50000007823113,74.1));
#8699=CARTESIAN_POINT('',(-1.24999999999999,4.50000007823113,74.1));
#8700=CARTESIAN_POINT('',(-2.5,5.50000007823113,74.1));
#8701=CARTESIAN_POINT('',(-2.5,4.50000007823113,74.1));
#8702=CARTESIAN_POINT('',(-1.24999999999999,5.50000007823113,74.1));
#8703=CARTESIAN_POINT('Origin',(-2.5,4.50000007823113,76.));
#8704=CARTESIAN_POINT('',(-4.01999999471506,4.50000007823113,74.8599999929534));
#8705=CARTESIAN_POINT('Origin',(-2.5,4.50000007823113,76.));
#8706=CARTESIAN_POINT('',(-4.01999999471506,5.50000007823113,74.8599999929534));
#8707=CARTESIAN_POINT('',(-4.01999999471506,4.50000007823113,74.8599999929534));
#8708=CARTESIAN_POINT('Origin',(-2.5,5.50000007823113,76.));
#8709=CARTESIAN_POINT('Origin',(-9.02000004686908,4.50000007823113,81.5266666647711));
#8710=CARTESIAN_POINT('',(-9.02000004686908,4.50000007823113,81.5266666647711));
#8711=CARTESIAN_POINT('',(-7.05400016094113,4.50000007823113,78.9053335088511));
#8712=CARTESIAN_POINT('',(-9.02000004686908,5.50000007823113,81.5266666647711));
#8713=CARTESIAN_POINT('',(-9.02000004686908,4.50000007823113,81.5266666647711));
#8714=CARTESIAN_POINT('',(-7.05400016094113,5.50000007823113,78.9053335088511));
#8715=CARTESIAN_POINT('Origin',(-7.50000005215399,4.50000007823113,82.6666666718177));
#8716=CARTESIAN_POINT('',(-9.40000005215404,4.50000007823113,82.6666666718177));
#8717=CARTESIAN_POINT('Origin',(-7.50000005215399,4.50000007823113,82.6666666718177));
#8718=CARTESIAN_POINT('',(-9.40000005215404,5.50000007823113,82.6666666718177));
#8719=CARTESIAN_POINT('',(-9.40000005215404,4.50000007823113,82.6666666718177));
#8720=CARTESIAN_POINT('Origin',(-7.50000005215399,5.50000007823113,82.6666666718177));
#8721=CARTESIAN_POINT('Origin',(-9.40000005215403,4.50000007823113,84.2000011920929));
#8722=CARTESIAN_POINT('',(-9.40000005215404,4.50000007823113,84.2000011920929));
#8723=CARTESIAN_POINT('',(-9.40000005215404,4.50000007823113,82.1500008940697));
#8724=CARTESIAN_POINT('',(-9.40000005215404,5.50000007823113,84.2000011920929));
#8725=CARTESIAN_POINT('',(-9.40000005215404,4.50000007823113,84.2000011920929));
#8726=CARTESIAN_POINT('',(-9.40000005215404,5.50000007823113,82.1500008940697));
#8727=CARTESIAN_POINT('Origin',(-7.50000005215404,4.50000007823113,84.2000011920929));
#8728=CARTESIAN_POINT('Origin',(-7.50000005215404,4.50000007823113,84.2000011920929));
#8729=CARTESIAN_POINT('Origin',(-7.50000005215404,5.50000007823113,84.2000011920929));
#8730=CARTESIAN_POINT('Origin',(-6.25000003621808,5.50000007823113,81.));
#8731=CARTESIAN_POINT('',(-7.05000003343653,5.50000007823113,80.3999999962913));
#8732=CARTESIAN_POINT('',(-6.25000003621808,5.50000007823113,82.));
#8733=CARTESIAN_POINT('Origin',(-6.25000003621808,5.50000007823113,81.));
#8734=CARTESIAN_POINT('',(-6.25000003621808,4.50000007823113,82.));
#8735=CARTESIAN_POINT('',(-6.25000003621808,5.50000007823113,82.));
#8736=CARTESIAN_POINT('',(-7.05000003343653,4.50000007823113,80.3999999962913));
#8737=CARTESIAN_POINT('Origin',(-6.25000003621808,4.50000007823113,81.));
#8738=CARTESIAN_POINT('',(-7.05000003343653,5.50000007823113,80.3999999962913));
#8739=CARTESIAN_POINT('Origin',(-8.25000004780787,5.50000007823113,82.));
#8740=CARTESIAN_POINT('',(6.25000003621812,5.50000007823113,82.));
#8741=CARTESIAN_POINT('',(-9.50000005215404,5.50000007823113,82.));
#8742=CARTESIAN_POINT('',(6.25000003621812,4.50000007823113,82.));
#8743=CARTESIAN_POINT('',(6.25000003621812,5.50000007823113,82.));
#8744=CARTESIAN_POINT('',(-9.50000005215404,4.50000007823113,82.));
#8745=CARTESIAN_POINT('Origin',(6.25000003621812,5.50000007823113,81.));
#8746=CARTESIAN_POINT('',(7.05000003343657,5.50000007823113,80.3999999962913));
#8747=CARTESIAN_POINT('Origin',(6.25000003621812,5.50000007823113,81.));
#8748=CARTESIAN_POINT('',(7.05000003343657,4.50000007823113,80.3999999962913));
#8749=CARTESIAN_POINT('',(7.05000003343657,5.50000007823113,80.3999999962913));
#8750=CARTESIAN_POINT('Origin',(6.25000003621812,4.50000007823113,81.));
#8751=CARTESIAN_POINT('Origin',(7.5000000405643,5.50000007823113,81.));
#8752=CARTESIAN_POINT('',(5.85000086843141,5.50000007823113,78.8000011250708));
#8753=CARTESIAN_POINT('',(7.5000000405643,5.50000007823113,81.));
#8754=CARTESIAN_POINT('',(5.85000086843141,4.50000007823113,78.8000011250708));
#8755=CARTESIAN_POINT('',(5.85000086843141,5.50000007823113,78.8000011250708));
#8756=CARTESIAN_POINT('',(7.5000000405643,4.50000007823113,81.));
#8757=CARTESIAN_POINT('Origin',(2.77555759953175E-14,4.50000007823113,80.1000005960464));
#8758=CARTESIAN_POINT('',(4.2500008739945,4.50000007823113,78.0000011324883));
#8759=CARTESIAN_POINT('Origin',(4.2500008739945,4.50000007823113,80.0000011324882));
#8760=CARTESIAN_POINT('',(-4.25000087399447,4.50000007823113,78.0000011324883));
#8761=CARTESIAN_POINT('',(-2.5000000372529,4.50000007823113,78.0000011324883));
#8762=CARTESIAN_POINT('',(-5.85000086843138,4.50000007823113,78.8000011250708));
#8763=CARTESIAN_POINT('Origin',(-4.25000087399447,4.50000007823113,80.0000011324882));
#8764=CARTESIAN_POINT('',(-7.50000004056425,4.50000007823113,81.));
#8765=CARTESIAN_POINT('',(-3.55,4.50000007823113,76.));
#8766=CARTESIAN_POINT('Origin',(-2.5,4.50000007823113,76.));
#8767=CARTESIAN_POINT('',(6.35000005215409,4.50000007823113,84.1000011920929));
#8768=CARTESIAN_POINT('Origin',(7.40000005215409,4.50000007823113,84.1000011920929));
#8769=CARTESIAN_POINT('',(1.45,4.50000007823113,76.));
#8770=CARTESIAN_POINT('Origin',(2.5,4.50000007823113,76.));
#8771=CARTESIAN_POINT('',(-8.45000005215409,4.50000007823113,84.1000011920929));
#8772=CARTESIAN_POINT('Origin',(-7.40000005215409,4.50000007823113,84.1000011920929));
#8773=CARTESIAN_POINT('Origin',(4.2500008739945,5.50000007823113,80.0000011324882));
#8774=CARTESIAN_POINT('',(4.2500008739945,5.50000007823113,78.0000011324883));
#8775=CARTESIAN_POINT('Origin',(4.2500008739945,5.50000007823113,80.0000011324882));
#8776=CARTESIAN_POINT('',(4.2500008739945,5.50000007823113,78.0000011324883));
#8777=CARTESIAN_POINT('Origin',(5.25000086819962,5.50000007823113,78.0000011324883));
#8778=CARTESIAN_POINT('',(-4.25000087399447,5.50000007823113,78.0000011324883));
#8779=CARTESIAN_POINT('',(-2.5000000372529,5.50000007823113,78.0000011324883));
#8780=CARTESIAN_POINT('',(-4.25000087399447,5.50000007823113,78.0000011324883));
#8781=CARTESIAN_POINT('Origin',(-4.25000087399447,5.50000007823113,80.0000011324882));
#8782=CARTESIAN_POINT('',(-5.85000086843138,5.50000007823113,78.8000011250708));
#8783=CARTESIAN_POINT('Origin',(-4.25000087399447,5.50000007823113,80.0000011324882));
#8784=CARTESIAN_POINT('',(-5.85000086843137,5.50000007823113,78.8000011250708));
#8785=CARTESIAN_POINT('Origin',(-5.25000086819959,5.50000007823113,78.0000011324883));
#8786=CARTESIAN_POINT('',(-7.50000004056425,5.50000007823113,81.));
#8787=CARTESIAN_POINT('Origin',(2.77555759953175E-14,5.50000007823113,80.1000005960464));
#8788=CARTESIAN_POINT('',(-8.45000005215409,5.50000007823113,84.1000011920929));
#8789=CARTESIAN_POINT('Origin',(-7.40000005215409,5.50000007823113,84.1000011920929));
#8790=CARTESIAN_POINT('',(1.45,5.50000007823113,76.));
#8791=CARTESIAN_POINT('Origin',(2.5,5.50000007823113,76.));
#8792=CARTESIAN_POINT('',(6.35000005215409,5.50000007823113,84.1000011920929));
#8793=CARTESIAN_POINT('Origin',(7.40000005215409,5.50000007823113,84.1000011920929));
#8794=CARTESIAN_POINT('',(-3.55,5.50000007823113,76.));
#8795=CARTESIAN_POINT('Origin',(-2.5,5.50000007823113,76.));
#8796=CARTESIAN_POINT('Origin',(-2.5,5.50000007823113,76.));
#8797=CARTESIAN_POINT('',(-3.55,5.50000007823113,76.));
#8798=CARTESIAN_POINT('Origin',(7.40000005215409,5.50000007823113,84.1000011920929));
#8799=CARTESIAN_POINT('',(6.35000005215409,5.50000007823113,84.1000011920929));
#8800=CARTESIAN_POINT('Origin',(2.5,5.50000007823113,76.));
#8801=CARTESIAN_POINT('',(1.45,5.50000007823113,76.));
#8802=CARTESIAN_POINT('Origin',(-7.40000005215409,5.50000007823113,84.1000011920929));
#8803=CARTESIAN_POINT('',(-8.45000005215409,5.50000007823113,84.1000011920929));
#8804=CARTESIAN_POINT('',(0.,0.,0.));
#8805=CARTESIAN_POINT('Origin',(7.50000005215409,-7.49999992176887,86.1000011920929));
#8806=CARTESIAN_POINT('',(7.50000005215409,-7.49999992176887,86.1000011920929));
#8807=CARTESIAN_POINT('',(-7.50000005215404,-7.49999992176887,86.1000011920929));
#8808=CARTESIAN_POINT('',(3.75000002607706,-7.49999992176887,86.1000011920929));
#8809=CARTESIAN_POINT('',(7.50000005215409,-6.49999992176887,86.1000011920929));
#8810=CARTESIAN_POINT('',(7.50000005215409,-7.49999992176887,86.1000011920929));
#8811=CARTESIAN_POINT('',(-7.50000005215404,-6.49999992176887,86.1000011920929));
#8812=CARTESIAN_POINT('',(3.75000002607706,-6.49999992176887,86.1000011920929));
#8813=CARTESIAN_POINT('',(-7.50000005215404,-7.49999992176887,86.1000011920929));
#8814=CARTESIAN_POINT('Origin',(7.50000005215409,-7.49999992176887,84.2000011920929));
#8815=CARTESIAN_POINT('',(9.40000005215409,-7.49999992176887,84.2000011920929));
#8816=CARTESIAN_POINT('Origin',(7.50000005215409,-7.49999992176887,84.2000011920929));
#8817=CARTESIAN_POINT('',(9.40000005215409,-6.49999992176887,84.2000011920929));
#8818=CARTESIAN_POINT('',(9.40000005215409,-7.49999992176887,84.2000011920929));
#8819=CARTESIAN_POINT('Origin',(7.50000005215409,-6.49999992176887,84.2000011920929));
#8820=CARTESIAN_POINT('Origin',(9.40000005215409,-7.49999992176887,82.6666666718177));
#8821=CARTESIAN_POINT('',(9.40000005215409,-7.49999992176887,82.6666666718177));
#8822=CARTESIAN_POINT('',(9.40000005215409,-7.49999992176887,81.3833336339321));
#8823=CARTESIAN_POINT('',(9.40000005215409,-6.49999992176887,82.6666666718177));
#8824=CARTESIAN_POINT('',(9.40000005215409,-7.49999992176887,82.6666666718177));
#8825=CARTESIAN_POINT('',(9.40000005215409,-6.49999992176887,81.3833336339321));
#8826=CARTESIAN_POINT('Origin',(7.50000005215404,-7.49999992176887,82.6666666718177));
#8827=CARTESIAN_POINT('',(9.02000004686914,-7.49999992176887,81.5266666647711));
#8828=CARTESIAN_POINT('Origin',(7.50000005215404,-7.49999992176887,82.6666666718177));
#8829=CARTESIAN_POINT('',(9.02000004686914,-6.49999992176887,81.5266666647711));
#8830=CARTESIAN_POINT('',(9.02000004686914,-7.49999992176887,81.5266666647711));
#8831=CARTESIAN_POINT('Origin',(7.50000005215404,-6.49999992176887,82.6666666718177));
#8832=CARTESIAN_POINT('Origin',(4.01999999471505,-7.49999992176887,74.8599999929534));
#8833=CARTESIAN_POINT('',(4.01999999471505,-7.49999992176887,74.8599999929534));
#8834=CARTESIAN_POINT('',(4.55400013486412,-7.49999992176887,75.5720001729422));
#8835=CARTESIAN_POINT('',(4.01999999471505,-6.49999992176887,74.8599999929534));
#8836=CARTESIAN_POINT('',(4.01999999471505,-7.49999992176887,74.8599999929534));
#8837=CARTESIAN_POINT('',(4.55400013486412,-6.49999992176887,75.5720001729422));
#8838=CARTESIAN_POINT('Origin',(2.5,-7.49999992176887,76.));
#8839=CARTESIAN_POINT('',(2.49999994412064,-7.49999992176887,74.1));
#8840=CARTESIAN_POINT('Origin',(2.5,-7.49999992176887,76.));
#8841=CARTESIAN_POINT('',(2.49999994412064,-6.49999992176887,74.1));
#8842=CARTESIAN_POINT('',(2.49999994412064,-7.49999992176887,74.1));
#8843=CARTESIAN_POINT('Origin',(2.5,-6.49999992176887,76.));
#8844=CARTESIAN_POINT('Origin',(-2.50000000000001,-7.49999992176887,74.1));
#8845=CARTESIAN_POINT('',(-2.50000000000001,-7.49999992176887,74.1));
#8846=CARTESIAN_POINT('',(-1.25,-7.49999992176887,74.1));
#8847=CARTESIAN_POINT('',(-2.50000000000001,-6.49999992176887,74.1));
#8848=CARTESIAN_POINT('',(-2.50000000000001,-7.49999992176887,74.1));
#8849=CARTESIAN_POINT('',(-1.25,-6.49999992176887,74.1));
#8850=CARTESIAN_POINT('Origin',(-2.5,-7.49999992176887,76.));
#8851=CARTESIAN_POINT('',(-4.01999999471506,-7.49999992176887,74.8599999929534));
#8852=CARTESIAN_POINT('Origin',(-2.5,-7.49999992176887,76.));
#8853=CARTESIAN_POINT('',(-4.01999999471506,-6.49999992176887,74.8599999929534));
#8854=CARTESIAN_POINT('',(-4.01999999471506,-7.49999992176887,74.8599999929534));
#8855=CARTESIAN_POINT('Origin',(-2.5,-6.49999992176887,76.));
#8856=CARTESIAN_POINT('Origin',(-9.02000004686909,-7.49999992176887,81.5266666647711));
#8857=CARTESIAN_POINT('',(-9.02000004686909,-7.49999992176887,81.5266666647711));
#8858=CARTESIAN_POINT('',(-7.05400016094114,-7.49999992176887,78.9053335088511));
#8859=CARTESIAN_POINT('',(-9.02000004686909,-6.49999992176887,81.5266666647711));
#8860=CARTESIAN_POINT('',(-9.02000004686909,-7.49999992176887,81.5266666647711));
#8861=CARTESIAN_POINT('',(-7.05400016094114,-6.49999992176887,78.9053335088511));
#8862=CARTESIAN_POINT('Origin',(-7.500000052154,-7.49999992176887,82.6666666718177));
#8863=CARTESIAN_POINT('',(-9.40000005215404,-7.49999992176887,82.6666666718177));
#8864=CARTESIAN_POINT('Origin',(-7.500000052154,-7.49999992176887,82.6666666718177));
#8865=CARTESIAN_POINT('',(-9.40000005215404,-6.49999992176887,82.6666666718177));
#8866=CARTESIAN_POINT('',(-9.40000005215404,-7.49999992176887,82.6666666718177));
#8867=CARTESIAN_POINT('Origin',(-7.500000052154,-6.49999992176887,82.6666666718177));
#8868=CARTESIAN_POINT('Origin',(-9.40000005215404,-7.49999992176887,84.2000011920929));
#8869=CARTESIAN_POINT('',(-9.40000005215404,-7.49999992176887,84.2000011920929));
#8870=CARTESIAN_POINT('',(-9.40000005215404,-7.49999992176887,82.1500008940697));
#8871=CARTESIAN_POINT('',(-9.40000005215404,-6.49999992176887,84.2000011920929));
#8872=CARTESIAN_POINT('',(-9.40000005215404,-7.49999992176887,84.2000011920929));
#8873=CARTESIAN_POINT('',(-9.40000005215404,-6.49999992176887,82.1500008940697));
#8874=CARTESIAN_POINT('Origin',(-7.50000005215405,-7.49999992176887,84.2000011920929));
#8875=CARTESIAN_POINT('Origin',(-7.50000005215405,-7.49999992176887,84.2000011920929));
#8876=CARTESIAN_POINT('Origin',(-7.50000005215405,-6.49999992176887,84.2000011920929));
#8877=CARTESIAN_POINT('Origin',(-6.25000003621808,-6.49999992176887,81.));
#8878=CARTESIAN_POINT('',(-7.05000003343653,-6.49999992176887,80.3999999962913));
#8879=CARTESIAN_POINT('',(-6.25000003621808,-6.49999992176887,82.));
#8880=CARTESIAN_POINT('Origin',(-6.25000003621808,-6.49999992176887,81.));
#8881=CARTESIAN_POINT('',(-6.25000003621808,-7.49999992176887,82.));
#8882=CARTESIAN_POINT('',(-6.25000003621808,-6.49999992176887,82.));
#8883=CARTESIAN_POINT('',(-7.05000003343653,-7.49999992176887,80.3999999962913));
#8884=CARTESIAN_POINT('Origin',(-6.25000003621808,-7.49999992176887,81.));
#8885=CARTESIAN_POINT('',(-7.05000003343653,-6.49999992176887,80.3999999962913));
#8886=CARTESIAN_POINT('Origin',(-8.25000004780787,-6.49999992176887,82.));
#8887=CARTESIAN_POINT('',(6.25000003621812,-6.49999992176887,82.));
#8888=CARTESIAN_POINT('',(-9.50000005215404,-6.49999992176887,82.));
#8889=CARTESIAN_POINT('',(6.25000003621812,-7.49999992176887,82.));
#8890=CARTESIAN_POINT('',(6.25000003621812,-6.49999992176887,82.));
#8891=CARTESIAN_POINT('',(-9.50000005215404,-7.49999992176887,82.));
#8892=CARTESIAN_POINT('Origin',(6.25000003621812,-6.49999992176887,81.));
#8893=CARTESIAN_POINT('',(7.05000003343657,-6.49999992176887,80.3999999962913));
#8894=CARTESIAN_POINT('Origin',(6.25000003621812,-6.49999992176887,81.));
#8895=CARTESIAN_POINT('',(7.05000003343657,-7.49999992176887,80.3999999962913));
#8896=CARTESIAN_POINT('',(7.05000003343657,-6.49999992176887,80.3999999962913));
#8897=CARTESIAN_POINT('Origin',(6.25000003621812,-7.49999992176887,81.));
#8898=CARTESIAN_POINT('Origin',(7.50000004056429,-6.49999992176887,81.));
#8899=CARTESIAN_POINT('',(5.8500008684314,-6.49999992176887,78.8000011250708));
#8900=CARTESIAN_POINT('',(7.50000004056429,-6.49999992176887,81.));
#8901=CARTESIAN_POINT('',(5.8500008684314,-7.49999992176887,78.8000011250708));
#8902=CARTESIAN_POINT('',(5.8500008684314,-6.49999992176887,78.8000011250708));
#8903=CARTESIAN_POINT('',(7.50000004056429,-7.49999992176887,81.));
#8904=CARTESIAN_POINT('Origin',(2.22100120204021E-14,-7.49999992176887,
80.1000005960464));
#8905=CARTESIAN_POINT('',(4.2500008739945,-7.49999992176887,78.0000011324883));
#8906=CARTESIAN_POINT('Origin',(4.2500008739945,-7.49999992176887,80.0000011324882));
#8907=CARTESIAN_POINT('',(-4.25000087399448,-7.49999992176887,78.0000011324883));
#8908=CARTESIAN_POINT('',(-2.50000003725291,-7.49999992176887,78.0000011324883));
#8909=CARTESIAN_POINT('',(-5.85000086843138,-7.49999992176887,78.8000011250708));
#8910=CARTESIAN_POINT('Origin',(-4.25000087399448,-7.49999992176887,80.0000011324882));
#8911=CARTESIAN_POINT('',(-7.50000004056426,-7.49999992176887,81.));
#8912=CARTESIAN_POINT('',(-3.55,-7.49999992176887,76.));
#8913=CARTESIAN_POINT('Origin',(-2.5,-7.49999992176887,76.));
#8914=CARTESIAN_POINT('',(6.35000005215409,-7.49999992176887,84.1000011920929));
#8915=CARTESIAN_POINT('Origin',(7.40000005215409,-7.49999992176887,84.1000011920929));
#8916=CARTESIAN_POINT('',(1.45,-7.49999992176887,76.));
#8917=CARTESIAN_POINT('Origin',(2.5,-7.49999992176887,76.));
#8918=CARTESIAN_POINT('',(-8.4500000521541,-7.49999992176887,84.1000011920929));
#8919=CARTESIAN_POINT('Origin',(-7.4000000521541,-7.49999992176887,84.1000011920929));
#8920=CARTESIAN_POINT('Origin',(4.2500008739945,-6.49999992176887,80.0000011324882));
#8921=CARTESIAN_POINT('',(4.2500008739945,-6.49999992176887,78.0000011324883));
#8922=CARTESIAN_POINT('Origin',(4.2500008739945,-6.49999992176887,80.0000011324882));
#8923=CARTESIAN_POINT('',(4.2500008739945,-6.49999992176887,78.0000011324883));
#8924=CARTESIAN_POINT('Origin',(5.25000086819961,-6.49999992176887,78.0000011324883));
#8925=CARTESIAN_POINT('',(-4.25000087399448,-6.49999992176887,78.0000011324883));
#8926=CARTESIAN_POINT('',(-2.50000003725291,-6.49999992176887,78.0000011324883));
#8927=CARTESIAN_POINT('',(-4.25000087399448,-6.49999992176887,78.0000011324883));
#8928=CARTESIAN_POINT('Origin',(-4.25000087399448,-6.49999992176887,80.0000011324882));
#8929=CARTESIAN_POINT('',(-5.85000086843138,-6.49999992176887,78.8000011250708));
#8930=CARTESIAN_POINT('Origin',(-4.25000087399448,-6.49999992176887,80.0000011324882));
#8931=CARTESIAN_POINT('',(-5.85000086843138,-6.49999992176887,78.8000011250708));
#8932=CARTESIAN_POINT('Origin',(-5.25000086819959,-6.49999992176887,78.0000011324883));
#8933=CARTESIAN_POINT('',(-7.50000004056426,-6.49999992176887,81.));
#8934=CARTESIAN_POINT('Origin',(2.22100120204021E-14,-6.49999992176887,
80.1000005960464));
#8935=CARTESIAN_POINT('',(-8.4500000521541,-6.49999992176887,84.1000011920929));
#8936=CARTESIAN_POINT('Origin',(-7.4000000521541,-6.49999992176887,84.1000011920929));
#8937=CARTESIAN_POINT('',(1.45,-6.49999992176887,76.));
#8938=CARTESIAN_POINT('Origin',(2.5,-6.49999992176887,76.));
#8939=CARTESIAN_POINT('',(6.35000005215409,-6.49999992176887,84.1000011920929));
#8940=CARTESIAN_POINT('Origin',(7.40000005215409,-6.49999992176887,84.1000011920929));
#8941=CARTESIAN_POINT('',(-3.55,-6.49999992176887,76.));
#8942=CARTESIAN_POINT('Origin',(-2.5,-6.49999992176887,76.));
#8943=CARTESIAN_POINT('Origin',(-2.5,-6.49999992176887,76.));
#8944=CARTESIAN_POINT('',(-3.55,-6.49999992176887,76.));
#8945=CARTESIAN_POINT('Origin',(7.40000005215409,-6.49999992176887,84.1000011920929));
#8946=CARTESIAN_POINT('',(6.35000005215409,-6.49999992176887,84.1000011920929));
#8947=CARTESIAN_POINT('Origin',(2.5,-6.49999992176887,76.));
#8948=CARTESIAN_POINT('',(1.45,-6.49999992176887,76.));
#8949=CARTESIAN_POINT('Origin',(-7.4000000521541,-6.49999992176887,84.1000011920929));
#8950=CARTESIAN_POINT('',(-8.4500000521541,-6.49999992176887,84.1000011920929));
#8951=CARTESIAN_POINT('',(0.,0.,0.));
#8952=CARTESIAN_POINT('',(0.,0.,0.));
#8953=CARTESIAN_POINT('',(0.,0.,0.));
#8954=CARTESIAN_POINT('Origin',(0.,0.,-7.28));
#8955=CARTESIAN_POINT('',(-2.942,-3.60291088309151E-16,-7.118));
#8956=CARTESIAN_POINT('Origin',(0.,0.,-7.118));
#8957=CARTESIAN_POINT('',(-2.56,-3.13509580581722E-16,-7.5));
#8958=CARTESIAN_POINT('',(-2.78,-3.40451810162964E-16,-7.28));
#8959=CARTESIAN_POINT('Origin',(0.,0.,-7.5));
#8960=CARTESIAN_POINT('Origin',(0.,0.,0.));
#8961=CARTESIAN_POINT('',(-2.942,3.60291088309151E-16,-1.382));
#8962=CARTESIAN_POINT('',(-2.942,3.60291088309151E-16,0.));
#8963=CARTESIAN_POINT('Origin',(0.,0.,-1.382));
#8964=CARTESIAN_POINT('Origin',(0.,0.,-7.5));
#8965=CARTESIAN_POINT('',(-1.3,1.59204083889156E-16,-7.5));
#8966=CARTESIAN_POINT('Origin',(0.,0.,-7.5));
#8967=CARTESIAN_POINT('Origin',(0.,0.,-1.22));
#8968=CARTESIAN_POINT('',(-2.56,3.13509580581722E-16,-1.));
#8969=CARTESIAN_POINT('',(-2.78,3.40451810162964E-16,-1.22));
#8970=CARTESIAN_POINT('Origin',(0.,0.,-1.));
#8971=CARTESIAN_POINT('Origin',(0.,0.,-1.));
#8972=CARTESIAN_POINT('',(-2.5,-0.0573597982362625,-1.));
#8973=CARTESIAN_POINT('Origin',(-2.77555756156289E-16,-0.0573597982362628,
-1.));
#8974=CARTESIAN_POINT('Origin',(0.,0.,-7.5));
#8975=CARTESIAN_POINT('',(-1.,1.22464679914735E-16,-7.2));
#8976=CARTESIAN_POINT('Origin',(0.,0.,-7.2));
#8977=CARTESIAN_POINT('',(-1.3,1.59204083889156E-16,-7.5));
#8978=CARTESIAN_POINT('Origin',(0.,0.,3.014));
#8979=CARTESIAN_POINT('',(-1.,1.22464679914735E-16,3.014));
#8980=CARTESIAN_POINT('Origin',(0.,0.,3.014));
#8981=CARTESIAN_POINT('',(-1.,1.22464679914735E-16,3.014));
#8982=CARTESIAN_POINT('Origin',(0.,0.,3.014));
#8983=CARTESIAN_POINT('',(-0.2,2.44929359829471E-17,4.4));
#8984=CARTESIAN_POINT('Origin',(0.,0.,4.4));
#8985=CARTESIAN_POINT('',(-1.,1.22464679914735E-16,3.014));
#8986=CARTESIAN_POINT('Origin',(0.,0.,5.));
#8987=CARTESIAN_POINT('',(-0.2,0.,5.5));
#8988=CARTESIAN_POINT('Origin',(0.,0.,5.5));
#8989=CARTESIAN_POINT('',(-0.2,2.44929359829471E-17,5.));
#8990=CARTESIAN_POINT('Origin',(-2.77555756156289E-16,-0.0573597982362628,
0.));
#8991=CARTESIAN_POINT('',(-2.5,-0.0573597982362625,0.));
#8992=CARTESIAN_POINT('',(-2.5,-0.0573597982362625,0.));
#8993=CARTESIAN_POINT('Origin',(-2.77555756156289E-16,-0.0573597982362628,
0.));
#8994=CARTESIAN_POINT('Origin',(0.,-5.55111512312578E-16,5.5));
#8995=CARTESIAN_POINT('',(0.5,-5.55111512312578E-16,5.5));
#8996=CARTESIAN_POINT('Origin',(0.,-5.55111512312578E-16,5.5));
#8997=CARTESIAN_POINT('Origin',(0.,0.,3.5));
#8998=CARTESIAN_POINT('',(2.,-2.44929359829471E-16,3.5));
#8999=CARTESIAN_POINT('Origin',(0.,0.,3.5));
#9000=CARTESIAN_POINT('',(2.,-2.44929359829471E-16,3.5));
#9001=CARTESIAN_POINT('Origin',(-2.02072594216369,-3.5,0.));
#9002=CARTESIAN_POINT('',(-2.02072594216369,-3.5,0.));
#9003=CARTESIAN_POINT('',(2.02072594216369,-3.5,0.));
#9004=CARTESIAN_POINT('',(-2.02072594216369,-3.5,0.));
#9005=CARTESIAN_POINT('',(2.02072594216369,-3.5,3.5));
#9006=CARTESIAN_POINT('',(2.02072594216369,-3.5,0.));
#9007=CARTESIAN_POINT('',(-2.02072594216369,-3.5,3.5));
#9008=CARTESIAN_POINT('',(-2.02072594216369,-3.5,3.5));
#9009=CARTESIAN_POINT('',(-2.02072594216369,-3.5,0.));
#9010=CARTESIAN_POINT('Origin',(-4.04145188432738,-3.6611847220176E-16,
0.));
#9011=CARTESIAN_POINT('',(-4.04145188432738,-3.6611847220176E-16,0.));
#9012=CARTESIAN_POINT('',(-4.04145188432738,-3.6611847220176E-16,0.));
#9013=CARTESIAN_POINT('',(-4.04145188432738,-5.55111512312578E-16,3.5));
#9014=CARTESIAN_POINT('',(-4.04145188432738,-3.6611847220176E-16,3.5));
#9015=CARTESIAN_POINT('',(-4.04145188432738,-3.6611847220176E-16,0.));
#9016=CARTESIAN_POINT('Origin',(-2.02072594216369,3.5,0.));
#9017=CARTESIAN_POINT('',(-2.02072594216369,3.5,0.));
#9018=CARTESIAN_POINT('',(-2.02072594216369,3.5,0.));
#9019=CARTESIAN_POINT('',(-2.02072594216369,3.5,3.5));
#9020=CARTESIAN_POINT('',(-2.02072594216369,3.5,3.5));
#9021=CARTESIAN_POINT('',(-2.02072594216369,3.5,0.));
#9022=CARTESIAN_POINT('Origin',(2.02072594216369,3.5,0.));
#9023=CARTESIAN_POINT('',(2.02072594216369,3.5,0.));
#9024=CARTESIAN_POINT('',(2.02072594216369,3.5,0.));
#9025=CARTESIAN_POINT('',(2.02072594216369,3.5,3.5));
#9026=CARTESIAN_POINT('',(2.02072594216369,3.5,3.5));
#9027=CARTESIAN_POINT('',(2.02072594216369,3.5,0.));
#9028=CARTESIAN_POINT('Origin',(4.04145188432738,8.32667268468867E-16,0.));
#9029=CARTESIAN_POINT('',(4.04145188432738,5.55111512312578E-16,0.));
#9030=CARTESIAN_POINT('',(4.04145188432738,8.32667268468867E-16,0.));
#9031=CARTESIAN_POINT('',(4.04145188432738,5.55111512312578E-16,3.5));
#9032=CARTESIAN_POINT('',(4.04145188432738,8.32667268468867E-16,3.5));
#9033=CARTESIAN_POINT('',(4.04145188432738,5.55111512312578E-16,0.));
#9034=CARTESIAN_POINT('Origin',(2.02072594216369,-3.5,0.));
#9035=CARTESIAN_POINT('',(2.02072594216369,-3.5,0.));
#9036=CARTESIAN_POINT('',(2.02072594216369,-3.5,3.5));
#9037=CARTESIAN_POINT('Origin',(0.,-5.55111512312578E-16,3.5));
#9038=CARTESIAN_POINT('Origin',(0.,-5.55111512312578E-16,0.));
#9039=CARTESIAN_POINT('',(0.,0.,0.));
#9040=CARTESIAN_POINT('Origin',(0.577350256284841,-0.999999977648259,67.));
#9041=CARTESIAN_POINT('',(0.577350256284841,-0.999999977648259,67.));
#9042=CARTESIAN_POINT('',(-0.577350256284842,-0.999999977648258,67.));
#9043=CARTESIAN_POINT('',(0.28867512814242,-0.999999977648258,67.));
#9044=CARTESIAN_POINT('',(0.577350256284841,-0.999999977648259,65.));
#9045=CARTESIAN_POINT('',(0.577350256284841,-0.999999977648259,67.));
#9046=CARTESIAN_POINT('',(-7.28583859910259E-16,-0.999999977648258,65.));
#9047=CARTESIAN_POINT('',(-0.577350256284842,-0.999999977648258,65.));
#9048=CARTESIAN_POINT('',(-0.577350256284842,-0.999999977648258,65.));
#9049=CARTESIAN_POINT('',(-0.577350256284842,-0.999999977648258,65.));
#9050=CARTESIAN_POINT('',(-0.577350256284842,-0.999999977648258,67.));
#9051=CARTESIAN_POINT('Origin',(-0.577350256284842,-0.999999977648258,67.));
#9052=CARTESIAN_POINT('',(-1.15470051256968,5.55111512312578E-16,67.));
#9053=CARTESIAN_POINT('',(-0.721687820356053,-0.749999983236193,67.));
#9054=CARTESIAN_POINT('',(-0.866025384427263,-0.499999988824129,65.));
#9055=CARTESIAN_POINT('',(-1.15470051256968,5.55111512312578E-16,65.));
#9056=CARTESIAN_POINT('',(-1.15470051256968,5.55111512312578E-16,65.));
#9057=CARTESIAN_POINT('',(-1.15470051256968,5.55111512312578E-16,65.));
#9058=CARTESIAN_POINT('',(-1.15470051256968,5.55111512312578E-16,67.));
#9059=CARTESIAN_POINT('Origin',(1.15470051256968,-1.11022302462516E-15,
67.));
#9060=CARTESIAN_POINT('',(1.15470051256968,-1.04083408558608E-15,67.));
#9061=CARTESIAN_POINT('',(1.01036294849847,-0.249999994412066,67.));
#9062=CARTESIAN_POINT('',(1.15470051256968,-9.71445146547012E-16,65.));
#9063=CARTESIAN_POINT('',(1.15470051256968,-1.04083408558608E-15,67.));
#9064=CARTESIAN_POINT('',(0.866025384427262,-0.49999998882413,65.));
#9065=CARTESIAN_POINT('',(0.577350256284841,-0.999999977648259,65.));
#9066=CARTESIAN_POINT('',(0.577350256284841,-0.999999977648259,65.));
#9067=CARTESIAN_POINT('Origin',(-1.15470051256968,5.55111512312578E-16,
67.));
#9068=CARTESIAN_POINT('',(-0.577350256284841,0.999999977648258,67.));
#9069=CARTESIAN_POINT('',(-1.01036294849847,0.249999994412065,67.));
#9070=CARTESIAN_POINT('',(-0.866025384427262,0.49999998882413,65.));
#9071=CARTESIAN_POINT('',(-0.577350256284841,0.999999977648258,65.));
#9072=CARTESIAN_POINT('',(-0.577350256284841,0.999999977648258,65.));
#9073=CARTESIAN_POINT('',(-0.577350256284841,0.999999977648258,65.));
#9074=CARTESIAN_POINT('',(-0.577350256284841,0.999999977648258,67.));
#9075=CARTESIAN_POINT('Origin',(0.577350256284843,0.999999977648258,67.));
#9076=CARTESIAN_POINT('',(0.577350256284843,0.999999977648258,67.));
#9077=CARTESIAN_POINT('',(0.721687820356053,0.749999983236193,67.));
#9078=CARTESIAN_POINT('',(0.577350256284843,0.999999977648258,65.));
#9079=CARTESIAN_POINT('',(0.577350256284843,0.999999977648258,67.));
#9080=CARTESIAN_POINT('',(0.866025384427263,0.499999988824128,65.));
#9081=CARTESIAN_POINT('',(1.15470051256968,-1.04083408558608E-15,65.));
#9082=CARTESIAN_POINT('',(1.15470051256968,-1.04083408558608E-15,65.));
#9083=CARTESIAN_POINT('Origin',(1.38777878078145E-16,-1.38777878078145E-16,
65.));
#9084=CARTESIAN_POINT('',(4.85722573273506E-16,0.999999977648258,65.));
#9085=CARTESIAN_POINT('Origin',(0.,0.,65.));
#9086=CARTESIAN_POINT('',(0.577350256284843,0.999999977648258,65.));
#9087=CARTESIAN_POINT('Origin',(1.38777878078145E-16,-1.38777878078145E-16,
65.));
#9088=CARTESIAN_POINT('',(-1.,-1.22464679914735E-16,65.));
#9089=CARTESIAN_POINT('Origin',(0.,0.,65.));
#9090=CARTESIAN_POINT('Origin',(0.,0.,65.));
#9091=CARTESIAN_POINT('Origin',(1.38777878078145E-16,-1.38777878078145E-16,
65.));
#9092=CARTESIAN_POINT('Origin',(0.,0.,65.));
#9093=CARTESIAN_POINT('Origin',(1.38777878078145E-16,-1.38777878078145E-16,
65.));
#9094=CARTESIAN_POINT('Origin',(0.,0.,65.));
#9095=CARTESIAN_POINT('Origin',(1.38777878078145E-16,-1.38777878078145E-16,
65.));
#9096=CARTESIAN_POINT('Origin',(0.,0.,65.));
#9097=CARTESIAN_POINT('Origin',(1.38777878078145E-16,-1.38777878078145E-16,
65.));
#9098=CARTESIAN_POINT('Origin',(0.,0.,65.));
#9099=CARTESIAN_POINT('',(0.577350256284843,0.999999977648258,65.));
#9100=CARTESIAN_POINT('Origin',(-0.577350256284841,0.999999977648258,67.));
#9101=CARTESIAN_POINT('',(-0.28867512814242,0.999999977648258,67.));
#9102=CARTESIAN_POINT('Origin',(0.,0.,0.));
#9103=CARTESIAN_POINT('',(-1.,-1.22464679914735E-16,0.));
#9104=CARTESIAN_POINT('',(-1.,-1.22464679914735E-16,0.));
#9105=CARTESIAN_POINT('Origin',(0.,0.,0.));
#9106=CARTESIAN_POINT('Origin',(0.,0.,0.));
#9107=CARTESIAN_POINT('',(-2.942,3.60291088309151E-16,67.));
#9108=CARTESIAN_POINT('Origin',(0.,0.,67.));
#9109=CARTESIAN_POINT('',(-2.942,3.60291088309151E-16,0.));
#9110=CARTESIAN_POINT('',(-2.942,-3.60291088309151E-16,0.));
#9111=CARTESIAN_POINT('Origin',(0.,0.,0.));
#9112=CARTESIAN_POINT('Origin',(0.,0.,67.));
#9113=CARTESIAN_POINT('Origin',(0.,0.,0.));
#9114=CARTESIAN_POINT('',(0.,0.,0.));
#9115=CARTESIAN_POINT('Ctrl Pts',(10.7000000521541,-2.4,67.585786515858));
#9116=CARTESIAN_POINT('Ctrl Pts',(10.3821180726937,-2.82384263928044,68.1155898149586));
#9117=CARTESIAN_POINT('Ctrl Pts',(9.44146929345573,-3.66404372208327,69.1658411684621));
#9118=CARTESIAN_POINT('Ctrl Pts',(8.20696222238762,-3.99990145684912,69.5856633369194));
#9119=CARTESIAN_POINT('Ctrl Pts',(7.50055783045483,-3.99999996111042,69.585786467246));
#9120=CARTESIAN_POINT('Ctrl Pts',(10.7707559678109,-2.30565877912417,67.7331946734765));
#9121=CARTESIAN_POINT('Ctrl Pts',(10.4560818412035,-2.75153923156628,68.2579239759607));
#9122=CARTESIAN_POINT('Ctrl Pts',(9.50489078584406,-3.64143468405065,69.2995735908432));
#9123=CARTESIAN_POINT('Ctrl Pts',(8.23007739948262,-3.99989499394653,69.716563913471));
#9124=CARTESIAN_POINT('Ctrl Pts',(7.50057608370691,-3.9999999585651,69.7166861614933));
#9125=CARTESIAN_POINT('Ctrl Pts',(11.0001338862479,-2.18327693107283,68.0276099603555));
#9126=CARTESIAN_POINT('Ctrl Pts',(10.6694113316111,-2.67462633027162,68.542404128163));
#9127=CARTESIAN_POINT('Ctrl Pts',(9.6569728019224,-3.65628263953797,69.5670196595538));
#9128=CARTESIAN_POINT('Ctrl Pts',(8.28557132599627,-4.05201786056577,69.9782850393932));
#9129=CARTESIAN_POINT('Ctrl Pts',(7.5006198488177,-4.0521336671935,69.9784055397117));
#9130=CARTESIAN_POINT('Ctrl Pts',(11.3332267595873,-2.2303532341009,68.230353312332));
#9131=CARTESIAN_POINT('Ctrl Pts',(10.9581883026861,-2.75137580811893,68.7511448379999));
#9132=CARTESIAN_POINT('Ctrl Pts',(9.83690684791449,-3.78597010990586,69.7856951395012));
#9133=CARTESIAN_POINT('Ctrl Pts',(8.35098179022659,-4.20021162384191,70.2002117244197));
#9134=CARTESIAN_POINT('Ctrl Pts',(7.50067146103312,-4.20033310964386,70.2003331878749));
#9135=CARTESIAN_POINT('Ctrl Pts',(11.5000000521541,-2.29289321881345,68.2928932970445));
#9136=CARTESIAN_POINT('Ctrl Pts',(11.1026475778286,-2.82269651791401,68.8226965961451));
#9137=CARTESIAN_POINT('Ctrl Pts',(9.92683660378115,-3.87294787141754,69.8729479496486));
#9138=CARTESIAN_POINT('Ctrl Pts',(8.38370276494602,-4.29277003987485,70.2927701181059));
#9139=CARTESIAN_POINT('Ctrl Pts',(7.50069727503002,-4.29289317020148,70.2928932484326));
#9140=CARTESIAN_POINT('',(10.7000000521541,-2.4,67.585786515858));
#9141=CARTESIAN_POINT('',(11.5000000521541,-2.29289321881345,68.2928932970445));
#9142=CARTESIAN_POINT('Origin',(11.5000000521541,-3.,67.585786515858));
#9143=CARTESIAN_POINT('',(7.50069727503002,-4.29289317020148,70.2928932484326));
#9144=CARTESIAN_POINT('Origin',(7.50000005215406,0.70710678118655,65.2928932970445));
#9145=CARTESIAN_POINT('',(7.50055783045483,-3.99999996111042,69.585786467246));
#9146=CARTESIAN_POINT('Origin',(7.50069727503002,-4.99999995138803,69.585786467246));
#9147=CARTESIAN_POINT('Origin',(7.50000005215406,-1.11022302462516E-15,
64.585786515858));
#9148=CARTESIAN_POINT('Ctrl Pts',(3.52729119928828,-5.64819843740705,71.6481985156382));
#9149=CARTESIAN_POINT('Ctrl Pts',(4.65530625642164,-4.77761338133637,70.7776134595675));
#9150=CARTESIAN_POINT('Ctrl Pts',(6.07579858758108,-4.29309186459556,70.2930919428267));
#9151=CARTESIAN_POINT('Ctrl Pts',(7.50069727503002,-4.29289317020147,70.2928932484326));
#9152=CARTESIAN_POINT('Ctrl Pts',(3.28724751373828,-5.49268641145275,71.4926864896839));
#9153=CARTESIAN_POINT('Ctrl Pts',(4.49355882491609,-4.60293364398095,70.6013958362909));
#9154=CARTESIAN_POINT('Ctrl Pts',(5.9945317016263,-4.10797570608938,70.1079760105122));
#9155=CARTESIAN_POINT('Ctrl Pts',(7.50064564703622,-4.10777304908623,70.1077731273173));
#9156=CARTESIAN_POINT('Ctrl Pts',(3.0506820848379,-5.45995375826696,71.2189018601113));
#9157=CARTESIAN_POINT('Ctrl Pts',(4.3321621450181,-4.51942165243877,70.3368108099227));
#9158=CARTESIAN_POINT('Ctrl Pts',(5.91383769240063,-4.00021305268282,69.8477867942211));
#9159=CARTESIAN_POINT('Ctrl Pts',(7.50059433695899,-3.99999995601977,69.8475858557406));
#9160=CARTESIAN_POINT('Ctrl Pts',(2.9163108851965,-5.56365942924566,70.9410917344516));
#9161=CARTESIAN_POINT('Ctrl Pts',(4.21773829565911,-4.55923732694781,70.0705066783809));
#9162=CARTESIAN_POINT('Ctrl Pts',(5.8566061852606,-4.00022920125143,69.5859851616401));
#9163=CARTESIAN_POINT('Ctrl Pts',(7.50055783045483,-3.99999996111041,69.585786467246));
#9164=CARTESIAN_POINT('',(3.72709733428048,-5.49999992176891,71.5));
#9165=CARTESIAN_POINT('',(2.99999999999999,-5.4999999217689,70.8859147169813));
#9166=CARTESIAN_POINT('Ctrl Pts',(3.72709733428049,-5.4999999217689,71.5));
#9167=CARTESIAN_POINT('Ctrl Pts',(3.60767345774841,-5.4999999217689,71.5));
#9168=CARTESIAN_POINT('Ctrl Pts',(3.4853335041372,-5.4999999217689,71.4847582984389));
#9169=CARTESIAN_POINT('Ctrl Pts',(3.2993299357628,-5.4999999217689,71.4139371742278));
#9170=CARTESIAN_POINT('Ctrl Pts',(3.23060752664399,-5.4999999217689,71.3736045323982));
#9171=CARTESIAN_POINT('Ctrl Pts',(3.12209466616185,-5.4999999217689,71.2712456080318));
#9172=CARTESIAN_POINT('Ctrl Pts',(3.08234412433907,-5.49999992176722,71.2151766871397));
#9173=CARTESIAN_POINT('Ctrl Pts',(3.03543377852897,-5.49999992176722,71.1114062308955));
#9174=CARTESIAN_POINT('Ctrl Pts',(3.02215314718521,-5.49999992176885,71.0689108172856));
#9175=CARTESIAN_POINT('Ctrl Pts',(3.00416955594658,-5.49999992176885,70.9794238735717));
#9176=CARTESIAN_POINT('Ctrl Pts',(2.99999999999999,-5.4999999217689,70.9326834430653));
#9177=CARTESIAN_POINT('Ctrl Pts',(2.99999999999999,-5.4999999217689,70.8859147169813));
#9178=CARTESIAN_POINT('Origin',(7.5016043360175,-11.5048136195619,76.0906001354199));
#9179=CARTESIAN_POINT('Origin',(7.5016043360175,-10.7977068383754,76.7977069166065));
#9180=CARTESIAN_POINT('Ctrl Pts',(11.5000000521541,-2.29289321881345,68.2928932970445));
#9181=CARTESIAN_POINT('Ctrl Pts',(11.5000000521541,-1.54855062579136,67.5485507040224));
#9182=CARTESIAN_POINT('Ctrl Pts',(11.5000000521539,-0.772848775453289,66.772848853685));
#9183=CARTESIAN_POINT('Ctrl Pts',(11.5000000521541,-0.00497040392341833,
66.0049704821545));
#9184=CARTESIAN_POINT('Ctrl Pts',(11.5000000521541,-0.0024859659579192,
66.002486044189));
#9185=CARTESIAN_POINT('Ctrl Pts',(11.5000000521541,-4.16333634234434E-15,
66.0000000782311));
#9186=CARTESIAN_POINT('Ctrl Pts',(11.3332267595873,-2.2303532341009,68.230353312332));
#9187=CARTESIAN_POINT('Ctrl Pts',(11.3851817610707,-1.57772638163666,67.4449556012906));
#9188=CARTESIAN_POINT('Ctrl Pts',(11.5017756665045,-0.796329175141602,66.7115765489939));
#9189=CARTESIAN_POINT('Ctrl Pts',(11.4999938248311,-0.00510759485278608,
66.0045912540141));
#9190=CARTESIAN_POINT('Ctrl Pts',(11.5000000521541,-0.00255639347149173,
66.0022944278819));
#9191=CARTESIAN_POINT('Ctrl Pts',(11.5000000521541,-4.16333634234434E-15,
66.0000000782311));
#9192=CARTESIAN_POINT('Ctrl Pts',(11.0001332525819,-2.18327589573644,68.0276105204424));
#9193=CARTESIAN_POINT('Ctrl Pts',(11.2172265615019,-1.65833615143417,67.2148905252136));
#9194=CARTESIAN_POINT('Ctrl Pts',(11.5035529293031,-0.840712477546333,66.5916304873938));
#9195=CARTESIAN_POINT('Ctrl Pts',(11.4999863133963,-0.00538785115484705,
66.0038268730964));
#9196=CARTESIAN_POINT('Ctrl Pts',(11.5000000521541,-0.00269724849863681,
66.0019111952676));
#9197=CARTESIAN_POINT('Ctrl Pts',(11.5000000521541,-4.16333634234434E-15,
66.0000000782311));
#9198=CARTESIAN_POINT('Ctrl Pts',(10.7707559678109,-2.30565877912417,67.7331946734765));
#9199=CARTESIAN_POINT('Ctrl Pts',(11.1572039441605,-1.7550468943047,66.9657363717129));
#9200=CARTESIAN_POINT('Ctrl Pts',(11.5028529124535,-0.883687648838819,66.4735593839964));
#9201=CARTESIAN_POINT('Ctrl Pts',(11.4999862668415,-0.00567133894818115,
66.0030582003991));
#9202=CARTESIAN_POINT('Ctrl Pts',(11.5000000521541,-0.00283810352578187,
66.0015279626533));
#9203=CARTESIAN_POINT('Ctrl Pts',(11.5000000521541,-4.16333634234434E-15,
66.0000000782311));
#9204=CARTESIAN_POINT('Ctrl Pts',(10.7000000521541,-2.4,67.585786515858));
#9205=CARTESIAN_POINT('Ctrl Pts',(11.1466056079673,-1.80452592558236,66.8414439228359));
#9206=CARTESIAN_POINT('Ctrl Pts',(11.5024130506932,-0.904941066651462,66.4145212958246));
#9207=CARTESIAN_POINT('Ctrl Pts',(11.4999868932905,-0.0058136120420553,
66.0026738710253));
#9208=CARTESIAN_POINT('Ctrl Pts',(11.5000000521541,-0.00290853103935441,
66.0013363463462));
#9209=CARTESIAN_POINT('Ctrl Pts',(11.5000000521541,-4.16333634234434E-15,
66.0000000782311));
#9210=CARTESIAN_POINT('',(11.5000000521541,-1.40890609810765E-15,66.0000000782311));
#9211=CARTESIAN_POINT('Ctrl Pts',(10.7000000521541,-2.4,67.585786515858));
#9212=CARTESIAN_POINT('Ctrl Pts',(11.1466056079673,-1.80452592558236,66.8414439228359));
#9213=CARTESIAN_POINT('Ctrl Pts',(11.5024130506932,-0.904941066651462,66.4145212958246));
#9214=CARTESIAN_POINT('Ctrl Pts',(11.4999868932905,-0.0058136120420553,
66.0026738710253));
#9215=CARTESIAN_POINT('Ctrl Pts',(11.5000000521541,-0.00290853103935441,
66.0013363463462));
#9216=CARTESIAN_POINT('Ctrl Pts',(11.5000000521541,-4.16333634234434E-15,
66.0000000782311));
#9217=CARTESIAN_POINT('',(11.5000000521541,-1.99999996088446,68.0000000391155));
#9218=CARTESIAN_POINT('Ctrl Pts',(7.50055783045483,3.99999996111042,69.585786467246));
#9219=CARTESIAN_POINT('Ctrl Pts',(8.03036112440443,3.99992608291444,69.5856941195011));
#9220=CARTESIAN_POINT('Ctrl Pts',(9.26687660836156,3.75135528141266,69.2749806176238));
#9221=CARTESIAN_POINT('Ctrl Pts',(10.2761574128736,2.96512351904059,68.2921909146587));
#9222=CARTESIAN_POINT('Ctrl Pts',(10.7000000521541,2.4,67.585786515858));
#9223=CARTESIAN_POINT('Ctrl Pts',(7.50057608370691,3.9999999585651,69.7166861614933));
#9224=CARTESIAN_POINT('Ctrl Pts',(8.04770207053869,3.99992123510117,69.7165944754766));
#9225=CARTESIAN_POINT('Ctrl Pts',(9.32482586264486,3.73485413460986,69.4080515018983));
#9226=CARTESIAN_POINT('Ctrl Pts',(10.3511904656677,2.90016604904699,68.4328337434554));
#9227=CARTESIAN_POINT('Ctrl Pts',(10.7707559678109,2.30565877912417,67.7331946734765));
#9228=CARTESIAN_POINT('Ctrl Pts',(7.5006198488177,4.0521336671935,69.9784055397117));
#9229=CARTESIAN_POINT('Ctrl Pts',(8.08933345670162,4.0520468122227,69.9783151644728));
#9230=CARTESIAN_POINT('Ctrl Pts',(9.46340656135767,3.7595172466692,69.6741256484574));
#9231=CARTESIAN_POINT('Ctrl Pts',(10.5591704800655,2.83840946333788,68.7140021840989));
#9232=CARTESIAN_POINT('Ctrl Pts',(11.0001338862479,2.18327693107283,68.0276099603555));
#9233=CARTESIAN_POINT('Ctrl Pts',(7.50067146103312,4.20033310964386,70.200333187875));
#9234=CARTESIAN_POINT('Ctrl Pts',(8.13840420792823,4.20024199529239,70.2002420902835));
#9235=CARTESIAN_POINT('Ctrl Pts',(9.62686419555332,3.89370663876626,69.8935864636871));
#9236=CARTESIAN_POINT('Ctrl Pts',(10.8331754837191,2.92504999945828,68.9247420132225));
#9237=CARTESIAN_POINT('Ctrl Pts',(11.3332267595873,2.2303532341009,68.230353312332));
#9238=CARTESIAN_POINT('Ctrl Pts',(7.50069727503002,4.29289317020148,70.2928932484326));
#9239=CARTESIAN_POINT('Ctrl Pts',(8.16295139246702,4.2928008224565,70.2928009006876));
#9240=CARTESIAN_POINT('Ctrl Pts',(9.70859574741343,3.98208732057927,69.9820873988104));
#9241=CARTESIAN_POINT('Ctrl Pts',(10.9701967530535,2.99929761761419,68.9992976958453));
#9242=CARTESIAN_POINT('Ctrl Pts',(11.5000000521541,2.29289321881345,68.2928932970445));
#9243=CARTESIAN_POINT('',(7.50055783045483,3.99999996111042,69.585786467246));
#9244=CARTESIAN_POINT('',(7.50069727503002,4.29289317020148,70.2928932484326));
#9245=CARTESIAN_POINT('Origin',(7.50069727503002,4.99999995138803,69.585786467246));
#9246=CARTESIAN_POINT('',(11.5000000521541,2.29289321881345,68.2928932970445));
#9247=CARTESIAN_POINT('Origin',(7.50000005215406,-0.707106781186551,65.2928932970445));
#9248=CARTESIAN_POINT('',(10.7000000521541,2.4,67.585786515858));
#9249=CARTESIAN_POINT('Origin',(11.5000000521541,3.,67.585786515858));
#9250=CARTESIAN_POINT('Origin',(7.50000005215406,-1.11022302462516E-15,
64.585786515858));
#9251=CARTESIAN_POINT('Ctrl Pts',(7.50069727503002,4.29289317020147,70.2928932484326));
#9252=CARTESIAN_POINT('Ctrl Pts',(6.07571703614677,4.29309187596747,70.2930919541986));
#9253=CARTESIAN_POINT('Ctrl Pts',(4.65514439305081,4.77767060973028,70.7776706879614));
#9254=CARTESIAN_POINT('Ctrl Pts',(3.52709752254872,5.6483479200136,71.6483479982447));
#9255=CARTESIAN_POINT('Ctrl Pts',(7.50064564703622,4.10777304908624,70.1077731273173));
#9256=CARTESIAN_POINT('Ctrl Pts',(5.99444550198729,4.10797571768808,70.1079760221239));
#9257=CARTESIAN_POINT('Ctrl Pts',(4.49338775383715,4.60299206674438,70.6014540337481));
#9258=CARTESIAN_POINT('Ctrl Pts',(3.28704049934414,5.4928393460737,71.4928394243048));
#9259=CARTESIAN_POINT('Ctrl Pts',(7.50059433695899,3.99999995601978,69.8475858557406));
#9260=CARTESIAN_POINT('Ctrl Pts',(5.91374687732626,4.00021306487901,69.8477868057214));
#9261=CARTESIAN_POINT('Ctrl Pts',(4.33198178547738,4.51948281784216,70.3368685089523));
#9262=CARTESIAN_POINT('Ctrl Pts',(3.05046219904026,5.46011540485551,71.2190532404347));
#9263=CARTESIAN_POINT('Ctrl Pts',(7.50055783045483,3.99999996111042,69.585786467246));
#9264=CARTESIAN_POINT('Ctrl Pts',(5.85651209673642,4.00022921437158,69.585985173012));
#9265=CARTESIAN_POINT('Ctrl Pts',(4.2175515486594,4.55930335319455,70.0705639067748));
#9266=CARTESIAN_POINT('Ctrl Pts',(2.91608743408559,5.56383189215767,70.9412412170581));
#9267=CARTESIAN_POINT('',(3.,5.4999999217689,70.8859147169812));
#9268=CARTESIAN_POINT('',(3.7270973342805,5.4999999217689,71.5));
#9269=CARTESIAN_POINT('Ctrl Pts',(3.00000966416492,5.50002331566209,70.8859349936894));
#9270=CARTESIAN_POINT('Ctrl Pts',(3.00001137755694,5.50002135857244,70.9200268717207));
#9271=CARTESIAN_POINT('Ctrl Pts',(3.00225406404537,5.50012229318389,70.9539680083987));
#9272=CARTESIAN_POINT('Ctrl Pts',(3.00704374073124,5.50026618507448,70.9874569909577));
#9273=CARTESIAN_POINT('Ctrl Pts',(3.01168899224904,5.5004057381314,71.0199361659135));
#9274=CARTESIAN_POINT('Ctrl Pts',(3.01873027300996,5.50058566569883,71.0519898395734));
#9275=CARTESIAN_POINT('Ctrl Pts',(3.02841387209284,5.50077525214583,71.0833159222186));
#9276=CARTESIAN_POINT('Ctrl Pts',(3.03367690809475,5.50087829237782,71.1003416478139));
#9277=CARTESIAN_POINT('Ctrl Pts',(3.03971985932083,5.50098461010663,71.1171519881635));
#9278=CARTESIAN_POINT('Ctrl Pts',(3.04657749560637,5.50109240382511,71.1336952968964));
#9279=CARTESIAN_POINT('Ctrl Pts',(3.06152856778385,5.50132741653184,71.169763147774));
#9280=CARTESIAN_POINT('Ctrl Pts',(3.08002959262467,5.5015486235682,71.2037307906769));
#9281=CARTESIAN_POINT('Ctrl Pts',(3.10204746628647,5.50170492499012,71.2353334466443));
#9282=CARTESIAN_POINT('Ctrl Pts',(3.11983892737403,5.50183122377395,71.2608698554976));
#9283=CARTESIAN_POINT('Ctrl Pts',(3.13992641071082,5.50191611400781,71.2848622640618));
#9284=CARTESIAN_POINT('Ctrl Pts',(3.16228388390021,5.50195507054814,71.3071773671499));
#9285=CARTESIAN_POINT('Ctrl Pts',(3.18524048078295,5.50199507102515,71.3300904585199));
#9286=CARTESIAN_POINT('Ctrl Pts',(3.21004135986428,5.50198428143119,71.3506851093623));
#9287=CARTESIAN_POINT('Ctrl Pts',(3.23636639316892,5.50192740567993,71.3690877563097));
#9288=CARTESIAN_POINT('Ctrl Pts',(3.26380571187623,5.50186812249317,71.3882693500727));
#9289=CARTESIAN_POINT('Ctrl Pts',(3.29290089463277,5.50175879871853,71.4050699099861));
#9290=CARTESIAN_POINT('Ctrl Pts',(3.32333503114459,5.50162080481156,71.4196612907845));
#9291=CARTESIAN_POINT('Ctrl Pts',(3.3283914333801,5.50159787816472,71.4220855386504));
#9292=CARTESIAN_POINT('Ctrl Pts',(3.33348489365358,5.5015741940991,71.4244488580867));
#9293=CARTESIAN_POINT('Ctrl Pts',(3.33861407412865,5.50154989046154,71.4267520954205));
#9294=CARTESIAN_POINT('Ctrl Pts',(3.36922164737273,5.5014048623483,71.4404962999255));
#9295=CARTESIAN_POINT('Ctrl Pts',(3.40082003155246,5.50123706462675,71.4519717544916));
#9296=CARTESIAN_POINT('Ctrl Pts',(3.43301964668858,5.50106914064105,71.4614434595908));
#9297=CARTESIAN_POINT('Ctrl Pts',(3.46098335257146,5.50092330731581,71.4696691472111));
#9298=CARTESIAN_POINT('Ctrl Pts',(3.48940153309722,5.50077736131601,71.4763843075825));
#9299=CARTESIAN_POINT('Ctrl Pts',(3.51804907597817,5.50064748419828,71.4817726632669));
#9300=CARTESIAN_POINT('Ctrl Pts',(3.55487081326425,5.50048054837665,71.4886985144031));
#9301=CARTESIAN_POINT('Ctrl Pts',(3.59225192222092,5.50033897588521,71.4934645432867));
#9302=CARTESIAN_POINT('Ctrl Pts',(3.62978350283432,5.50024823744501,71.4964017083776));
#9303=CARTESIAN_POINT('Ctrl Pts',(3.66220468284786,5.50016985419401,71.4989389411983));
#9304=CARTESIAN_POINT('Ctrl Pts',(3.69473928113477,5.50012917793681,71.5001120653155));
#9305=CARTESIAN_POINT('Ctrl Pts',(3.72715427206657,5.5001396677559,71.500139745987));
#9306=CARTESIAN_POINT('Origin',(7.5016043360175,10.7977068383754,76.7977069166065));
#9307=CARTESIAN_POINT('Origin',(7.5016043360175,11.5048136195619,76.0906001354199));
#9308=CARTESIAN_POINT('Ctrl Pts',(11.5000000521541,-6.10622663543836E-15,
66.0000000782311));
#9309=CARTESIAN_POINT('Ctrl Pts',(11.5000000521541,0.00248596595817483,
66.0024860441893));
#9310=CARTESIAN_POINT('Ctrl Pts',(11.5000000521541,0.00496951686572152,
66.0049695950968));
#9311=CARTESIAN_POINT('Ctrl Pts',(11.5000000521539,0.466928213198569,66.4669282914293));
#9312=CARTESIAN_POINT('Ctrl Pts',(11.5000000521541,1.08359334376817,67.0835934219993));
#9313=CARTESIAN_POINT('Ctrl Pts',(11.500000052154,1.84189936808609,67.8418994463171));
#9314=CARTESIAN_POINT('Ctrl Pts',(11.5000000521541,2.14402470020914,68.1440247784402));
#9315=CARTESIAN_POINT('Ctrl Pts',(11.5000000521541,2.29289321881345,68.2928932970445));
#9316=CARTESIAN_POINT('Ctrl Pts',(11.5000000521541,-5.900425879258E-15,
66.0000000782311));
#9317=CARTESIAN_POINT('Ctrl Pts',(11.5000276020736,0.00264078672721537,
66.002083613329));
#9318=CARTESIAN_POINT('Ctrl Pts',(11.499968113468,0.0052365862888637,66.0042229343691));
#9319=CARTESIAN_POINT('Ctrl Pts',(11.5022453552764,0.494441586805404,66.3937369026961));
#9320=CARTESIAN_POINT('Ctrl Pts',(11.4040524960515,1.14132654787355,66.9201732830954));
#9321=CARTESIAN_POINT('Ctrl Pts',(11.2418275493213,1.81372746954931,67.6782675499609));
#9322=CARTESIAN_POINT('Ctrl Pts',(11.1875443997439,2.05554923467135,68.0024699150103));
#9323=CARTESIAN_POINT('Ctrl Pts',(11.1664534670205,2.16781324938835,68.1678133276194));
#9324=CARTESIAN_POINT('Ctrl Pts',(11.5000000521541,-5.69462512307764E-15,
66.0000000782311));
#9325=CARTESIAN_POINT('Ctrl Pts',(11.5000102602257,0.00277113002389093,
66.0017209004618));
#9326=CARTESIAN_POINT('Ctrl Pts',(11.4999850581558,0.00552872651109247,
66.0034367243281));
#9327=CARTESIAN_POINT('Ctrl Pts',(11.5001022379669,0.520250473657923,66.3227788591529));
#9328=CARTESIAN_POINT('Ctrl Pts',(11.3559368506137,1.20403516508288,66.7515304178102));
#9329=CARTESIAN_POINT('Ctrl Pts',(11.0410334002871,1.88059067898709,67.4211694524821));
#9330=CARTESIAN_POINT('Ctrl Pts',(10.9067020651737,2.10994432601641,67.7225556623964));
#9331=CARTESIAN_POINT('Ctrl Pts',(10.8415118834678,2.21131755824833,67.880602831095));
#9332=CARTESIAN_POINT('Ctrl Pts',(11.5000000521541,-5.48882436689728E-15,
66.0000000782311));
#9333=CARTESIAN_POINT('Ctrl Pts',(11.5000000521541,0.00290853103954302,
66.0013363463489));
#9334=CARTESIAN_POINT('Ctrl Pts',(11.499995418918,0.00581422609822696,66.0026713293397));
#9335=CARTESIAN_POINT('Ctrl Pts',(11.499207464885,0.546297788572682,66.250984268913));
#9336=CARTESIAN_POINT('Ctrl Pts',(11.3447041649267,1.26717216797648,66.5832215557967));
#9337=CARTESIAN_POINT('Ctrl Pts',(10.9646298761278,2.01756544153063,67.1618420124901));
#9338=CARTESIAN_POINT('Ctrl Pts',(10.7893211633167,2.28090518511653,67.4369179972537));
#9339=CARTESIAN_POINT('Ctrl Pts',(10.7000000521541,2.4,67.585786515858));
#9340=CARTESIAN_POINT('',(11.5000000521541,4.7499999217689,70.75));
#9341=CARTESIAN_POINT('Ctrl Pts',(11.5000000521541,-5.48882436689728E-15,
66.0000000782311));
#9342=CARTESIAN_POINT('Ctrl Pts',(11.5000000521541,0.00290853103954302,
66.0013363463489));
#9343=CARTESIAN_POINT('Ctrl Pts',(11.499995418918,0.00581422609822696,66.0026713293397));
#9344=CARTESIAN_POINT('Ctrl Pts',(11.499207464885,0.546297788572682,66.250984268913));
#9345=CARTESIAN_POINT('Ctrl Pts',(11.3447041649267,1.26717216797648,66.5832215557967));
#9346=CARTESIAN_POINT('Ctrl Pts',(10.9646298761278,2.01756544153063,67.1618420124901));
#9347=CARTESIAN_POINT('Ctrl Pts',(10.7893211633167,2.28090518511653,67.4369179972537));
#9348=CARTESIAN_POINT('Ctrl Pts',(10.7000000521541,2.4,67.585786515858));
#9349=CARTESIAN_POINT('Origin',(-7.25000002607703,-4.7499999217689,70.75));
#9350=CARTESIAN_POINT('',(11.5000000521541,-5.49999992176891,71.5));
#9351=CARTESIAN_POINT('',(11.5000000521541,-1.99999996088446,68.0000000391155));
#9352=CARTESIAN_POINT('',(-7.25000002607703,-5.4999999217689,71.5));
#9353=CARTESIAN_POINT('Origin',(7.50000005215406,-9.18485105747546E-16,
0.));
#9354=CARTESIAN_POINT('',(7.50055783045483,-3.99999996111042,10.414213532754));
#9355=CARTESIAN_POINT('',(7.50055783045483,-3.99999996111042,0.));
#9356=CARTESIAN_POINT('',(10.7000000521541,-2.4,12.414213484142));
#9357=CARTESIAN_POINT('Origin',(7.50000005215406,-1.11022302462516E-15,
15.414213484142));
#9358=CARTESIAN_POINT('',(11.5000000521541,-1.47359661806012E-15,13.9999999217689));
#9359=CARTESIAN_POINT('Ctrl Pts',(11.5000000521541,-2.77555756156289E-15,
13.9999999217689));
#9360=CARTESIAN_POINT('Ctrl Pts',(11.5000000521541,-0.00290582720766935,
13.9986648958737));
#9361=CARTESIAN_POINT('Ctrl Pts',(11.4999953827633,-0.00580875222150856,
13.9973311847211));
#9362=CARTESIAN_POINT('Ctrl Pts',(11.4992203015751,-0.54630972751188,13.749010471104));
#9363=CARTESIAN_POINT('Ctrl Pts',(11.3447300981915,-1.26724098317696,13.4167446599567));
#9364=CARTESIAN_POINT('Ctrl Pts',(10.9646388470292,-2.01758184176782,12.8381505559571));
#9365=CARTESIAN_POINT('Ctrl Pts',(10.789321401125,-2.28090486803869,12.5630823990936));
#9366=CARTESIAN_POINT('Ctrl Pts',(10.7000000521541,-2.4,12.414213484142));
#9367=CARTESIAN_POINT('',(10.7000000521541,2.4,12.414213484142));
#9368=CARTESIAN_POINT('Ctrl Pts',(10.7000000521541,2.4,12.414213484142));
#9369=CARTESIAN_POINT('Ctrl Pts',(11.1466067970092,1.80452434019314,13.1585580589006));
#9370=CARTESIAN_POINT('Ctrl Pts',(11.5026655288791,0.904996566440156,13.5855396601937));
#9371=CARTESIAN_POINT('Ctrl Pts',(11.499986345836,0.00580807035054374,13.9973284834922));
#9372=CARTESIAN_POINT('Ctrl Pts',(11.5000000521541,0.0029058272056807,13.9986648958758));
#9373=CARTESIAN_POINT('Ctrl Pts',(11.5000000521541,-4.44089209850063E-15,
13.9999999217689));
#9374=CARTESIAN_POINT('',(7.50055783045483,3.99999996111042,10.414213532754));
#9375=CARTESIAN_POINT('Origin',(7.50000005215406,-1.11022302462516E-15,
15.414213484142));
#9376=CARTESIAN_POINT('',(7.50055783045483,3.99999996111042,0.));
#9377=CARTESIAN_POINT('Ctrl Pts',(-3.52728641998128,5.64820212600786,71.648202204239));
#9378=CARTESIAN_POINT('Ctrl Pts',(-4.65530226221748,4.7776147934815,70.7776148717126));
#9379=CARTESIAN_POINT('Ctrl Pts',(-6.07579657518752,4.29309186487619,70.2930919431073));
#9380=CARTESIAN_POINT('Ctrl Pts',(-7.50069727503002,4.29289317020148,70.2928932484326));
#9381=CARTESIAN_POINT('Ctrl Pts',(-3.28724240530547,5.4926901852342,71.4926902634653));
#9382=CARTESIAN_POINT('Ctrl Pts',(-4.493554603499,4.60293508559798,70.6013972723485));
#9383=CARTESIAN_POINT('Ctrl Pts',(-5.99452957453191,4.1079757063756,70.1079760107988));
#9384=CARTESIAN_POINT('Ctrl Pts',(-7.50064564703622,4.10777304908624,70.1077731273173));
#9385=CARTESIAN_POINT('Ctrl Pts',(-3.05067665878402,5.45995774702186,71.2189055955393));
#9386=CARTESIAN_POINT('Ctrl Pts',(-4.33215769439567,4.51942316173237,70.3368122336812));
#9387=CARTESIAN_POINT('Ctrl Pts',(-5.91383545141404,4.00021305298378,69.8477867945049));
#9388=CARTESIAN_POINT('Ctrl Pts',(-7.50059433695899,3.99999995601978,69.8475858557407));
#9389=CARTESIAN_POINT('Ctrl Pts',(-2.91630537115562,5.56366368490358,70.9410954230524));
#9390=CARTESIAN_POINT('Ctrl Pts',(-4.21773368741675,4.55923895618526,70.070508090526));
#9391=CARTESIAN_POINT('Ctrl Pts',(-5.85660386349714,4.0002292015752,69.5859851619207));
#9392=CARTESIAN_POINT('Ctrl Pts',(-7.50055783045483,3.99999996111042,69.585786467246));
#9393=CARTESIAN_POINT('',(-7.50055783045483,3.99999996111042,69.5857864672461));
#9394=CARTESIAN_POINT('',(-7.50069727503002,4.29289317020147,70.2928932484326));
#9395=CARTESIAN_POINT('Origin',(-7.50069727503002,4.99999995138802,69.585786467246));
#9396=CARTESIAN_POINT('',(-3.7270973342805,5.4999999217689,71.5));
#9397=CARTESIAN_POINT('Origin',(-7.5016043360175,10.7977068383754,76.7977069166065));
#9398=CARTESIAN_POINT('',(-2.99999999999999,5.4999999217689,70.8859147169813));
#9399=CARTESIAN_POINT('Ctrl Pts',(-3.72709733428049,5.4999999217689,71.5));
#9400=CARTESIAN_POINT('Ctrl Pts',(-3.60748748446962,5.4999999217689,71.5));
#9401=CARTESIAN_POINT('Ctrl Pts',(-3.48495091927382,5.4999999217689,71.4847107910836));
#9402=CARTESIAN_POINT('Ctrl Pts',(-3.29886222592012,5.4999999217689,71.4136929506743));
#9403=CARTESIAN_POINT('Ctrl Pts',(-3.23020704183684,5.49999992161245,71.3733194625088));
#9404=CARTESIAN_POINT('Ctrl Pts',(-3.12182063159737,5.49999992161245,71.2709059941761));
#9405=CARTESIAN_POINT('Ctrl Pts',(-3.08212852499769,5.49999992176714,71.2148198105015));
#9406=CARTESIAN_POINT('Ctrl Pts',(-3.03533394878863,5.49999992176714,71.1111079135639));
#9407=CARTESIAN_POINT('Ctrl Pts',(-3.02209643282777,5.49999992176885,71.0686828768564));
#9408=CARTESIAN_POINT('Ctrl Pts',(-3.00416036692309,5.49999992176885,70.9793209310406));
#9409=CARTESIAN_POINT('Ctrl Pts',(-3.,5.49999992176891,70.9326318793054));
#9410=CARTESIAN_POINT('Ctrl Pts',(-3.,5.49999992176891,70.8859147169813));
#9411=CARTESIAN_POINT('Origin',(-7.5016043360175,11.5048136195619,76.0906001354199));
#9412=CARTESIAN_POINT('Ctrl Pts',(-10.7000000521541,2.4,67.585786515858));
#9413=CARTESIAN_POINT('Ctrl Pts',(-10.3821180726937,2.82384263928044,68.1155898149586));
#9414=CARTESIAN_POINT('Ctrl Pts',(-9.44146929345573,3.66404372208327,69.1658411684621));
#9415=CARTESIAN_POINT('Ctrl Pts',(-8.20696222238763,3.99990145684912,69.5856633369194));
#9416=CARTESIAN_POINT('Ctrl Pts',(-7.50055783045483,3.99999996111042,69.585786467246));
#9417=CARTESIAN_POINT('Ctrl Pts',(-10.7707559678109,2.30565877912417,67.7331946734765));
#9418=CARTESIAN_POINT('Ctrl Pts',(-10.4560818412035,2.75153923156628,68.2579239759607));
#9419=CARTESIAN_POINT('Ctrl Pts',(-9.50489078584405,3.64143468405064,69.2995735908432));
#9420=CARTESIAN_POINT('Ctrl Pts',(-8.23007739948262,3.99989499394653,69.716563913471));
#9421=CARTESIAN_POINT('Ctrl Pts',(-7.50057608370691,3.9999999585651,69.7166861614933));
#9422=CARTESIAN_POINT('Ctrl Pts',(-11.0001338862479,2.18327693107283,68.0276099603555));
#9423=CARTESIAN_POINT('Ctrl Pts',(-10.6694113316111,2.67462633027162,68.542404128163));
#9424=CARTESIAN_POINT('Ctrl Pts',(-9.6569728019224,3.65628263953797,69.5670196595538));
#9425=CARTESIAN_POINT('Ctrl Pts',(-8.28557132599627,4.05201786056577,69.9782850393932));
#9426=CARTESIAN_POINT('Ctrl Pts',(-7.5006198488177,4.0521336671935,69.9784055397117));
#9427=CARTESIAN_POINT('Ctrl Pts',(-11.3332267595873,2.2303532341009,68.230353312332));
#9428=CARTESIAN_POINT('Ctrl Pts',(-10.9581883026861,2.75137580811893,68.7511448379999));
#9429=CARTESIAN_POINT('Ctrl Pts',(-9.83690684791449,3.78597010990586,69.7856951395011));
#9430=CARTESIAN_POINT('Ctrl Pts',(-8.3509817902266,4.20021162384191,70.2002117244197));
#9431=CARTESIAN_POINT('Ctrl Pts',(-7.50067146103312,4.20033310964386,70.2003331878749));
#9432=CARTESIAN_POINT('Ctrl Pts',(-11.5000000521541,2.29289321881345,68.2928932970445));
#9433=CARTESIAN_POINT('Ctrl Pts',(-11.1026475778286,2.822696517914,68.8226965961451));
#9434=CARTESIAN_POINT('Ctrl Pts',(-9.92683660378115,3.87294787141754,69.8729479496486));
#9435=CARTESIAN_POINT('Ctrl Pts',(-8.38370276494602,4.29277003987485,70.2927701181059));
#9436=CARTESIAN_POINT('Ctrl Pts',(-7.50069727503002,4.29289317020148,70.2928932484326));
#9437=CARTESIAN_POINT('',(-10.7000000521541,2.4,67.585786515858));
#9438=CARTESIAN_POINT('',(-11.5000000521541,2.29289321881345,68.2928932970445));
#9439=CARTESIAN_POINT('Origin',(-11.5000000521541,3.,67.585786515858));
#9440=CARTESIAN_POINT('Origin',(-7.50000005215406,-0.707106781186551,65.2928932970445));
#9441=CARTESIAN_POINT('Origin',(-7.50000005215406,1.11022302462516E-15,
64.585786515858));
#9442=CARTESIAN_POINT('Ctrl Pts',(-11.5000000521541,2.29289321881344,68.2928932970445));
#9443=CARTESIAN_POINT('Ctrl Pts',(-11.5000000521541,1.54855062579121,67.5485507040223));
#9444=CARTESIAN_POINT('Ctrl Pts',(-11.5000000521538,0.772848775453181,66.7728488536832));
#9445=CARTESIAN_POINT('Ctrl Pts',(-11.5000000521541,0.00497040392341561,
66.0049704821545));
#9446=CARTESIAN_POINT('Ctrl Pts',(-11.5000000521541,0.00248596595791533,
66.002486044189));
#9447=CARTESIAN_POINT('Ctrl Pts',(-11.5000000521541,1.11022302462516E-15,
66.0000000782311));
#9448=CARTESIAN_POINT('Ctrl Pts',(-11.3332267595873,2.2303532341009,68.230353312332));
#9449=CARTESIAN_POINT('Ctrl Pts',(-11.3851817610708,1.57772638163651,67.4449556012904));
#9450=CARTESIAN_POINT('Ctrl Pts',(-11.5017756665044,0.796329175141528,66.7115765489932));
#9451=CARTESIAN_POINT('Ctrl Pts',(-11.4999938248311,0.00510759485278327,
66.0045912540141));
#9452=CARTESIAN_POINT('Ctrl Pts',(-11.5000000521541,0.00255639347148784,
66.0022944278819));
#9453=CARTESIAN_POINT('Ctrl Pts',(-11.5000000521541,1.11613633831587E-15,
66.0000000782311));
#9454=CARTESIAN_POINT('Ctrl Pts',(-11.0001332525819,2.18327589573644,68.0276105204424));
#9455=CARTESIAN_POINT('Ctrl Pts',(-11.217226561502,1.65833615143402,67.2148905252134));
#9456=CARTESIAN_POINT('Ctrl Pts',(-11.5035529293028,0.84071247754633,66.5916304873926));
#9457=CARTESIAN_POINT('Ctrl Pts',(-11.4999863133963,0.00538785115484408,
66.0038268730965));
#9458=CARTESIAN_POINT('Ctrl Pts',(-11.5000000521541,0.00269724849863288,
66.0019111952676));
#9459=CARTESIAN_POINT('Ctrl Pts',(-11.5000000521541,1.12796296569728E-15,
66.0000000782311));
#9460=CARTESIAN_POINT('Ctrl Pts',(-10.7707559678109,2.30565877912417,67.7331946734765));
#9461=CARTESIAN_POINT('Ctrl Pts',(-11.1572039441606,1.75504689430455,66.9657363717128));
#9462=CARTESIAN_POINT('Ctrl Pts',(-11.5028529124538,0.883687648838881,66.4735593839968));
#9463=CARTESIAN_POINT('Ctrl Pts',(-11.4999862668415,0.00567133894817804,
66.0030582003991));
#9464=CARTESIAN_POINT('Ctrl Pts',(-11.5000000521541,0.0028381035257779,
66.0015279626533));
#9465=CARTESIAN_POINT('Ctrl Pts',(-11.5000000521541,1.1397895930787E-15,
66.0000000782311));
#9466=CARTESIAN_POINT('Ctrl Pts',(-10.7000000521541,2.4,67.585786515858));
#9467=CARTESIAN_POINT('Ctrl Pts',(-11.1466056079674,1.80452592558222,66.8414439228358));
#9468=CARTESIAN_POINT('Ctrl Pts',(-11.5024130506931,0.90494106665156,66.4145212958239));
#9469=CARTESIAN_POINT('Ctrl Pts',(-11.4999868932905,0.00581361204205211,
66.0026738710253));
#9470=CARTESIAN_POINT('Ctrl Pts',(-11.5000000521541,0.00290853103935042,
66.0013363463462));
#9471=CARTESIAN_POINT('Ctrl Pts',(-11.5000000521541,1.14570290676941E-15,
66.0000000782311));
#9472=CARTESIAN_POINT('',(-11.5000000521541,1.47359661806012E-15,66.0000000782311));
#9473=CARTESIAN_POINT('Ctrl Pts',(-10.7000000521541,2.4,67.585786515858));
#9474=CARTESIAN_POINT('Ctrl Pts',(-11.1466056079674,1.80452592558222,66.8414439228358));
#9475=CARTESIAN_POINT('Ctrl Pts',(-11.5024130506931,0.90494106665156,66.4145212958239));
#9476=CARTESIAN_POINT('Ctrl Pts',(-11.4999868932905,0.00581361204205211,
66.0026738710253));
#9477=CARTESIAN_POINT('Ctrl Pts',(-11.5000000521541,0.00290853103935042,
66.0013363463462));
#9478=CARTESIAN_POINT('Ctrl Pts',(-11.5000000521541,1.14570290676941E-15,
66.0000000782311));
#9479=CARTESIAN_POINT('',(-11.5000000521541,7.2499999217689,73.25));
#9480=CARTESIAN_POINT('Ctrl Pts',(-7.50055783045483,-3.99999996111042,69.585786467246));
#9481=CARTESIAN_POINT('Ctrl Pts',(-8.03036112440443,-3.99992608291444,69.585694119501));
#9482=CARTESIAN_POINT('Ctrl Pts',(-9.26687660836156,-3.75135528141266,69.2749806176238));
#9483=CARTESIAN_POINT('Ctrl Pts',(-10.2761574128736,-2.96512351904058,68.2921909146587));
#9484=CARTESIAN_POINT('Ctrl Pts',(-10.7000000521541,-2.39999999999999,67.585786515858));
#9485=CARTESIAN_POINT('Ctrl Pts',(-7.50057608370691,-3.9999999585651,69.7166861614933));
#9486=CARTESIAN_POINT('Ctrl Pts',(-8.0477020705387,-3.99992123510117,69.7165944754766));
#9487=CARTESIAN_POINT('Ctrl Pts',(-9.32482586264487,-3.73485413460985,69.4080515018983));
#9488=CARTESIAN_POINT('Ctrl Pts',(-10.3511904656677,-2.90016604904698,68.4328337434554));
#9489=CARTESIAN_POINT('Ctrl Pts',(-10.7707559678109,-2.30565877912416,67.7331946734765));
#9490=CARTESIAN_POINT('Ctrl Pts',(-7.5006198488177,-4.05213366719349,69.9784055397116));
#9491=CARTESIAN_POINT('Ctrl Pts',(-8.08933345670163,-4.0520468122227,69.9783151644728));
#9492=CARTESIAN_POINT('Ctrl Pts',(-9.46340656135768,-3.7595172466692,69.6741256484574));
#9493=CARTESIAN_POINT('Ctrl Pts',(-10.5591704800655,-2.83840946333787,68.7140021840988));
#9494=CARTESIAN_POINT('Ctrl Pts',(-11.0001338862479,-2.18327693107282,68.0276099603555));
#9495=CARTESIAN_POINT('Ctrl Pts',(-7.50067146103312,-4.20033310964386,70.2003331878749));
#9496=CARTESIAN_POINT('Ctrl Pts',(-8.13840420792823,-4.20024199529239,70.2002420902835));
#9497=CARTESIAN_POINT('Ctrl Pts',(-9.62686419555333,-3.89370663876626,69.8935864636871));
#9498=CARTESIAN_POINT('Ctrl Pts',(-10.8331754837191,-2.92504999945827,68.9247420132225));
#9499=CARTESIAN_POINT('Ctrl Pts',(-11.3332267595873,-2.23035323410089,68.230353312332));
#9500=CARTESIAN_POINT('Ctrl Pts',(-7.50069727503002,-4.29289317020148,70.2928932484326));
#9501=CARTESIAN_POINT('Ctrl Pts',(-8.16295139246702,-4.29280082245651,70.2928009006876));
#9502=CARTESIAN_POINT('Ctrl Pts',(-9.70859574741344,-3.98208732057927,69.9820873988104));
#9503=CARTESIAN_POINT('Ctrl Pts',(-10.9701967530535,-2.99929761761418,68.9992976958453));
#9504=CARTESIAN_POINT('Ctrl Pts',(-11.5000000521541,-2.29289321881344,68.2928932970445));
#9505=CARTESIAN_POINT('',(-7.50055783045483,-3.99999996111042,69.585786467246));
#9506=CARTESIAN_POINT('',(-7.50069727503002,-4.29289317020147,70.2928932484326));
#9507=CARTESIAN_POINT('Origin',(-7.50069727503002,-4.99999995138803,69.585786467246));
#9508=CARTESIAN_POINT('',(-11.5000000521541,-2.29289321881344,68.2928932970445));
#9509=CARTESIAN_POINT('Origin',(-7.50000005215406,0.707106781186552,65.2928932970445));
#9510=CARTESIAN_POINT('',(-10.7000000521541,-2.39999999999999,67.585786515858));
#9511=CARTESIAN_POINT('Origin',(-11.5000000521541,-2.99999999999999,67.585786515858));
#9512=CARTESIAN_POINT('Origin',(-7.50000005215406,1.11022302462516E-15,
64.585786515858));
#9513=CARTESIAN_POINT('Ctrl Pts',(-7.50069727503002,-4.29289317020147,70.2928932484326));
#9514=CARTESIAN_POINT('Ctrl Pts',(-6.07571703614677,-4.29309187596747,70.2930919541986));
#9515=CARTESIAN_POINT('Ctrl Pts',(-4.65514439305081,-4.77767060973028,70.7776706879614));
#9516=CARTESIAN_POINT('Ctrl Pts',(-3.52709752254872,-5.6483479200136,71.6483479982447));
#9517=CARTESIAN_POINT('Ctrl Pts',(-7.50064564703622,-4.10777304908624,70.1077731273173));
#9518=CARTESIAN_POINT('Ctrl Pts',(-5.99444550198729,-4.10797571768808,70.1079760221239));
#9519=CARTESIAN_POINT('Ctrl Pts',(-4.49338775383715,-4.60299206674438,70.6014540337481));
#9520=CARTESIAN_POINT('Ctrl Pts',(-3.28704049934415,-5.4928393460737,71.4928394243048));
#9521=CARTESIAN_POINT('Ctrl Pts',(-7.50059433695899,-3.99999995601978,69.8475858557406));
#9522=CARTESIAN_POINT('Ctrl Pts',(-5.91374687732626,-4.00021306487901,69.8477868057214));
#9523=CARTESIAN_POINT('Ctrl Pts',(-4.33198178547738,-4.51948281784217,70.3368685089523));
#9524=CARTESIAN_POINT('Ctrl Pts',(-3.05046219904026,-5.46011540485551,71.2190532404347));
#9525=CARTESIAN_POINT('Ctrl Pts',(-7.50055783045483,-3.99999996111042,69.585786467246));
#9526=CARTESIAN_POINT('Ctrl Pts',(-5.85651209673642,-4.00022921437158,69.585985173012));
#9527=CARTESIAN_POINT('Ctrl Pts',(-4.21755154865941,-4.55930335319455,70.0705639067748));
#9528=CARTESIAN_POINT('Ctrl Pts',(-2.9160874340856,-5.56383189215768,70.9412412170582));
#9529=CARTESIAN_POINT('',(-3.,-5.4999999217689,70.8859147169812));
#9530=CARTESIAN_POINT('',(-3.7270973342805,-5.4999999217689,71.5));
#9531=CARTESIAN_POINT('Ctrl Pts',(-3.00000966416493,-5.50002331566209,70.8859349936894));
#9532=CARTESIAN_POINT('Ctrl Pts',(-3.00001137755695,-5.50002135857245,70.9200268717202));
#9533=CARTESIAN_POINT('Ctrl Pts',(-3.00225406404531,-5.50012229318389,70.9539680083977));
#9534=CARTESIAN_POINT('Ctrl Pts',(-3.00704374073105,-5.50026618507448,70.9874569909563));
#9535=CARTESIAN_POINT('Ctrl Pts',(-3.01168899224879,-5.50040573813139,71.0199361659121));
#9536=CARTESIAN_POINT('Ctrl Pts',(-3.01873027300965,-5.50058566569883,71.0519898395722));
#9537=CARTESIAN_POINT('Ctrl Pts',(-3.02841387209249,-5.50077525214582,71.0833159222174));
#9538=CARTESIAN_POINT('Ctrl Pts',(-3.03367690809448,-5.50087829237782,71.1003416478131));
#9539=CARTESIAN_POINT('Ctrl Pts',(-3.03971985932068,-5.50098461010663,71.1171519881632));
#9540=CARTESIAN_POINT('Ctrl Pts',(-3.04657749560638,-5.50109240382511,71.1336952968964));
#9541=CARTESIAN_POINT('Ctrl Pts',(-3.06152856778389,-5.50132741653184,71.1697631477741));
#9542=CARTESIAN_POINT('Ctrl Pts',(-3.08002959262474,-5.5015486235682,71.203730790677));
#9543=CARTESIAN_POINT('Ctrl Pts',(-3.10204746628659,-5.50170492499012,71.2353334466445));
#9544=CARTESIAN_POINT('Ctrl Pts',(-3.11983892737412,-5.50183122377395,71.2608698554977));
#9545=CARTESIAN_POINT('Ctrl Pts',(-3.13992641071087,-5.50191611400782,71.2848622640618));
#9546=CARTESIAN_POINT('Ctrl Pts',(-3.16228388390022,-5.50195507054815,71.3071773671499));
#9547=CARTESIAN_POINT('Ctrl Pts',(-3.18524048078285,-5.50199507102516,71.3300904585198));
#9548=CARTESIAN_POINT('Ctrl Pts',(-3.21004135986407,-5.5019842814312,71.3506851093621));
#9549=CARTESIAN_POINT('Ctrl Pts',(-3.23636639316857,-5.50192740567993,71.3690877563094));
#9550=CARTESIAN_POINT('Ctrl Pts',(-3.26380571187591,-5.50186812249318,71.3882693500725));
#9551=CARTESIAN_POINT('Ctrl Pts',(-3.29290089463247,-5.50175879871854,71.405069909986));
#9552=CARTESIAN_POINT('Ctrl Pts',(-3.32333503114431,-5.50162080481157,71.4196612907844));
#9553=CARTESIAN_POINT('Ctrl Pts',(-3.32839143337992,-5.50159787816473,71.4220855386503));
#9554=CARTESIAN_POINT('Ctrl Pts',(-3.33348489365348,-5.50157419409911,71.4244488580867));
#9555=CARTESIAN_POINT('Ctrl Pts',(-3.33861407412865,-5.50154989046155,71.4267520954205));
#9556=CARTESIAN_POINT('Ctrl Pts',(-3.36922164737273,-5.50140486234831,71.4404962999255));
#9557=CARTESIAN_POINT('Ctrl Pts',(-3.40082003155246,-5.50123706462675,71.4519717544916));
#9558=CARTESIAN_POINT('Ctrl Pts',(-3.43301964668858,-5.50106914064105,71.4614434595908));
#9559=CARTESIAN_POINT('Ctrl Pts',(-3.46098335257146,-5.50092330731581,71.4696691472111));
#9560=CARTESIAN_POINT('Ctrl Pts',(-3.48940153309722,-5.50077736131601,71.4763843075825));
#9561=CARTESIAN_POINT('Ctrl Pts',(-3.51804907597817,-5.50064748419828,71.4817726632669));
#9562=CARTESIAN_POINT('Ctrl Pts',(-3.55487081326424,-5.50048054837665,71.4886985144031));
#9563=CARTESIAN_POINT('Ctrl Pts',(-3.5922519222209,-5.50033897588521,71.4934645432867));
#9564=CARTESIAN_POINT('Ctrl Pts',(-3.6297835028343,-5.50024823744501,71.4964017083776));
#9565=CARTESIAN_POINT('Ctrl Pts',(-3.66220468284785,-5.50016985419401,71.4989389411983));
#9566=CARTESIAN_POINT('Ctrl Pts',(-3.69473928113476,-5.50012917793682,71.5001120653155));
#9567=CARTESIAN_POINT('Ctrl Pts',(-3.72715427206657,-5.50013966775591,71.500139745987));
#9568=CARTESIAN_POINT('Origin',(-7.5016043360175,-10.7977068383754,76.7977069166065));
#9569=CARTESIAN_POINT('Origin',(-7.5016043360175,-11.5048136195619,76.0906001354199));
#9570=CARTESIAN_POINT('Ctrl Pts',(-11.5000000521541,1.11022302462516E-15,
66.0000000782311));
#9571=CARTESIAN_POINT('Ctrl Pts',(-11.5000000521541,-0.00248596595585851,
66.002486044187));
#9572=CARTESIAN_POINT('Ctrl Pts',(-11.5000000521541,-0.00496951686235364,
66.0049695950934));
#9573=CARTESIAN_POINT('Ctrl Pts',(-11.5000000521543,-0.46692821318073,66.4669282914134));
#9574=CARTESIAN_POINT('Ctrl Pts',(-11.500000052154,-1.08359334376764,67.0835934219986));
#9575=CARTESIAN_POINT('Ctrl Pts',(-11.5000000521541,-1.84189936808261,67.841899446314));
#9576=CARTESIAN_POINT('Ctrl Pts',(-11.5000000521541,-2.14402470020906,68.1440247784402));
#9577=CARTESIAN_POINT('Ctrl Pts',(-11.5000000521541,-2.29289321881345,68.2928932970445));
#9578=CARTESIAN_POINT('Ctrl Pts',(-11.5000000521541,1.11022302462516E-15,
66.0000000782311));
#9579=CARTESIAN_POINT('Ctrl Pts',(-11.5000276020736,-0.00264078672471503,
66.0020836133267));
#9580=CARTESIAN_POINT('Ctrl Pts',(-11.499968113468,-0.00523658628564804,
66.0042229343657));
#9581=CARTESIAN_POINT('Ctrl Pts',(-11.502245355277,-0.494441586787374,66.3937369026805));
#9582=CARTESIAN_POINT('Ctrl Pts',(-11.4040524960516,-1.14132654787313,66.9201732830947));
#9583=CARTESIAN_POINT('Ctrl Pts',(-11.2418275493214,-1.81372746954588,67.6782675499578));
#9584=CARTESIAN_POINT('Ctrl Pts',(-11.1875443997439,-2.05554923467131,68.0024699150102));
#9585=CARTESIAN_POINT('Ctrl Pts',(-11.1664534670205,-2.16781324938835,68.1678133276194));
#9586=CARTESIAN_POINT('Ctrl Pts',(-11.5000000521541,1.11022302462516E-15,
66.0000000782311));
#9587=CARTESIAN_POINT('Ctrl Pts',(-11.5000102602257,-0.00277113002138882,
66.0017209004594));
#9588=CARTESIAN_POINT('Ctrl Pts',(-11.4999850581558,-0.00552872650753445,
66.0034367243258));
#9589=CARTESIAN_POINT('Ctrl Pts',(-11.5001022379676,-0.520250473590744,
66.3227788592027));
#9590=CARTESIAN_POINT('Ctrl Pts',(-11.355936850614,-1.20403516508544,66.7515304178059));
#9591=CARTESIAN_POINT('Ctrl Pts',(-11.0410334002874,-1.8805906789748,67.4211694524909));
#9592=CARTESIAN_POINT('Ctrl Pts',(-10.9067020651737,-2.10994432601633,67.7225556623963));
#9593=CARTESIAN_POINT('Ctrl Pts',(-10.8415118834678,-2.21131755824833,67.880602831095));
#9594=CARTESIAN_POINT('Ctrl Pts',(-11.5000000521541,1.11022302462516E-15,
66.0000000782311));
#9595=CARTESIAN_POINT('Ctrl Pts',(-11.5000000521541,-0.00290853103685838,
66.0013363463464));
#9596=CARTESIAN_POINT('Ctrl Pts',(-11.499995418918,-0.00581422609481918,
66.0026713293373));
#9597=CARTESIAN_POINT('Ctrl Pts',(-11.4992074648858,-0.546297788505319,
66.250984268963));
#9598=CARTESIAN_POINT('Ctrl Pts',(-11.3447041649271,-1.26717216797903,66.5832215557924));
#9599=CARTESIAN_POINT('Ctrl Pts',(-10.9646298761281,-2.01756544151828,67.1618420124989));
#9600=CARTESIAN_POINT('Ctrl Pts',(-10.7893211633167,-2.28090518511645,67.4369179972536));
#9601=CARTESIAN_POINT('Ctrl Pts',(-10.7000000521541,-2.4,67.585786515858));
#9602=CARTESIAN_POINT('',(-11.5000000521541,-4.49999996088446,70.5000000391155));
#9603=CARTESIAN_POINT('Ctrl Pts',(-11.5000000521541,1.11022302462516E-15,
66.0000000782311));
#9604=CARTESIAN_POINT('Ctrl Pts',(-11.5000000521541,-0.00290853103685838,
66.0013363463464));
#9605=CARTESIAN_POINT('Ctrl Pts',(-11.499995418918,-0.00581422609481918,
66.0026713293373));
#9606=CARTESIAN_POINT('Ctrl Pts',(-11.4992074648858,-0.546297788505319,
66.250984268963));
#9607=CARTESIAN_POINT('Ctrl Pts',(-11.3447041649271,-1.26717216797903,66.5832215557924));
#9608=CARTESIAN_POINT('Ctrl Pts',(-10.9646298761281,-2.01756544151828,67.1618420124989));
#9609=CARTESIAN_POINT('Ctrl Pts',(-10.7893211633167,-2.28090518511645,67.4369179972536));
#9610=CARTESIAN_POINT('Ctrl Pts',(-10.7000000521541,-2.4,67.585786515858));
#9611=CARTESIAN_POINT('Origin',(-4.25000002607703,4.7499999217689,70.75));
#9612=CARTESIAN_POINT('',(-11.5000000521541,5.4999999217689,71.5));
#9613=CARTESIAN_POINT('',(-11.5000000521541,7.2499999217689,73.25));
#9614=CARTESIAN_POINT('',(-4.25000002607703,5.4999999217689,71.5));
#9615=CARTESIAN_POINT('Origin',(-7.50000005215406,9.18485105747546E-16,
0.));
#9616=CARTESIAN_POINT('',(-7.50055783045483,3.99999996111042,10.414213532754));
#9617=CARTESIAN_POINT('',(-7.50055783045483,3.99999996111042,0.));
#9618=CARTESIAN_POINT('',(-10.7000000521541,2.4,12.414213484142));
#9619=CARTESIAN_POINT('Origin',(-7.50000005215406,1.11022302462516E-15,
15.414213484142));
#9620=CARTESIAN_POINT('',(-11.5000000521541,1.33951715906858E-15,13.9999999217689));
#9621=CARTESIAN_POINT('Ctrl Pts',(-11.5000000521541,2.22044604925031E-15,
13.9999999217689));
#9622=CARTESIAN_POINT('Ctrl Pts',(-11.5000000521541,0.00290582720569173,
13.9986648958758));
#9623=CARTESIAN_POINT('Ctrl Pts',(-11.4999953827633,0.00580875222199414,
13.9973311847218));
#9624=CARTESIAN_POINT('Ctrl Pts',(-11.4992203015753,0.54630972744551,13.749010471101));
#9625=CARTESIAN_POINT('Ctrl Pts',(-11.3447300981917,1.26724098318252,13.4167446599574));
#9626=CARTESIAN_POINT('Ctrl Pts',(-10.9646388470293,2.01758184175611,12.8381505559568));
#9627=CARTESIAN_POINT('Ctrl Pts',(-10.7893214011251,2.28090486803864,12.5630823990937));
#9628=CARTESIAN_POINT('Ctrl Pts',(-10.7000000521541,2.4,12.414213484142));
#9629=CARTESIAN_POINT('',(-10.7000000521541,-2.4,12.414213484142));
#9630=CARTESIAN_POINT('Ctrl Pts',(-10.7000000521541,-2.4,12.414213484142));
#9631=CARTESIAN_POINT('Ctrl Pts',(-11.1466067970092,-1.80452434019317,13.1585580589005));
#9632=CARTESIAN_POINT('Ctrl Pts',(-11.5026655288786,-0.904996566440175,
13.585539660193));
#9633=CARTESIAN_POINT('Ctrl Pts',(-11.499986345836,-0.0058080703505455,
13.9973284834922));
#9634=CARTESIAN_POINT('Ctrl Pts',(-11.5000000521541,-0.0029058272056798,
13.9986648958758));
#9635=CARTESIAN_POINT('Ctrl Pts',(-11.5000000521541,2.61284304379325E-15,
13.9999999217689));
#9636=CARTESIAN_POINT('',(-7.50055783045483,-3.99999996111042,10.414213532754));
#9637=CARTESIAN_POINT('Origin',(-7.50000005215406,1.11022302462516E-15,
15.414213484142));
#9638=CARTESIAN_POINT('',(-7.50055783045483,-3.99999996111042,0.));
#9639=CARTESIAN_POINT('Ctrl Pts',(-10.7000000521541,-2.4,12.414213484142));
#9640=CARTESIAN_POINT('Ctrl Pts',(-10.3821180726937,-2.82384263928044,11.8844101850414));
#9641=CARTESIAN_POINT('Ctrl Pts',(-9.44153706319672,-3.66416342336384,10.8340092049372));
#9642=CARTESIAN_POINT('Ctrl Pts',(-8.20696222238763,-3.99990145684912,10.4143366630806));
#9643=CARTESIAN_POINT('Ctrl Pts',(-7.50055783045483,-3.99999996111042,10.414213532754));
#9644=CARTESIAN_POINT('Ctrl Pts',(-10.7707559678109,-2.30565877912416,12.2668053265235));
#9645=CARTESIAN_POINT('Ctrl Pts',(-10.4560818412035,-2.75153923156628,11.7420760240393));
#9646=CARTESIAN_POINT('Ctrl Pts',(-9.50491347009019,-3.64154251845876,10.7002677169158));
#9647=CARTESIAN_POINT('Ctrl Pts',(-8.23007739948262,-3.99989499394653,10.283436086529));
#9648=CARTESIAN_POINT('Ctrl Pts',(-7.50057608370691,-3.9999999585651,10.2833138385067));
#9649=CARTESIAN_POINT('Ctrl Pts',(-11.0000634292369,-2.18316181252678,11.9723277638567));
#9650=CARTESIAN_POINT('Ctrl Pts',(-10.6693408746001,-2.67451121172556,11.4575335960492));
#9651=CARTESIAN_POINT('Ctrl Pts',(-9.65704384705635,-3.65637886688328,10.4328001664776));
#9652=CARTESIAN_POINT('Ctrl Pts',(-8.28557132333804,-4.05198531807508,10.0217014810658));
#9653=CARTESIAN_POINT('Ctrl Pts',(-7.50061984615948,-4.05210112470281,10.0215809807473));
#9654=CARTESIAN_POINT('Ctrl Pts',(-11.3332267595873,-2.2303532341009,11.769646687668));
#9655=CARTESIAN_POINT('Ctrl Pts',(-10.9581883026861,-2.75137580811893,11.2488551620001));
#9656=CARTESIAN_POINT('Ctrl Pts',(-9.83698325872837,-3.78607416056395,10.2141107655731));
#9657=CARTESIAN_POINT('Ctrl Pts',(-8.35098179022659,-4.2002116238419,9.79978827558026));
#9658=CARTESIAN_POINT('Ctrl Pts',(-7.50067146103312,-4.20033310964386,9.79966681212504));
#9659=CARTESIAN_POINT('Ctrl Pts',(-11.5000000521541,-2.29289321881345,11.7071067029554));
#9660=CARTESIAN_POINT('Ctrl Pts',(-11.1026475778286,-2.822696517914,11.1773034038549));
#9661=CARTESIAN_POINT('Ctrl Pts',(-9.92692131595739,-3.87309749801825,10.1269024237506));
#9662=CARTESIAN_POINT('Ctrl Pts',(-8.38370276494602,-4.29277003987485,9.70722988189406));
#9663=CARTESIAN_POINT('Ctrl Pts',(-7.50069727503002,-4.29289317020148,9.70710675156743));
#9664=CARTESIAN_POINT('',(-11.5000000521541,-2.29289321881345,11.7071067029554));
#9665=CARTESIAN_POINT('Origin',(-11.5000000521541,-3.,12.414213484142));
#9666=CARTESIAN_POINT('',(-7.50069727503002,-4.29289317020148,9.70710675156742));
#9667=CARTESIAN_POINT('Origin',(-7.50000005215406,0.707106781186548,14.7071067029554));
#9668=CARTESIAN_POINT('Origin',(-7.50069727503002,-4.99999995138803,10.414213532754));
#9669=CARTESIAN_POINT('Ctrl Pts',(-3.52729119928829,-5.64819843740705,8.35180148436185));
#9670=CARTESIAN_POINT('Ctrl Pts',(-4.65530625642165,-4.77761338133638,9.22238654043253));
#9671=CARTESIAN_POINT('Ctrl Pts',(-6.07579858758109,-4.29309186459557,9.70690805717333));
#9672=CARTESIAN_POINT('Ctrl Pts',(-7.50069727503002,-4.29289317020148,9.70710675156743));
#9673=CARTESIAN_POINT('Ctrl Pts',(-3.2872475137383,-5.49268641145275,8.50731351031615));
#9674=CARTESIAN_POINT('Ctrl Pts',(-4.4935588249161,-4.60293364398096,9.39860416370906));
#9675=CARTESIAN_POINT('Ctrl Pts',(-5.9945317016263,-4.10797570608939,9.89202398948774));
#9676=CARTESIAN_POINT('Ctrl Pts',(-7.50064564703622,-4.10777304908624,9.89222687268266));
#9677=CARTESIAN_POINT('Ctrl Pts',(-3.05068208483792,-5.45995375826696,8.78109813988874));
#9678=CARTESIAN_POINT('Ctrl Pts',(-4.33216214501812,-4.51942165243877,9.66318919007728));
#9679=CARTESIAN_POINT('Ctrl Pts',(-5.91383769240064,-4.00021305268283,10.1522132057789));
#9680=CARTESIAN_POINT('Ctrl Pts',(-7.50059433695899,-3.99999995601978,10.1524141442593));
#9681=CARTESIAN_POINT('Ctrl Pts',(-2.91631088519652,-5.56365942924566,9.0589082655484));
#9682=CARTESIAN_POINT('Ctrl Pts',(-4.21773829565913,-4.55923732694782,9.92949332161907));
#9683=CARTESIAN_POINT('Ctrl Pts',(-5.85660618526061,-4.00022920125145,10.4140148383599));
#9684=CARTESIAN_POINT('Ctrl Pts',(-7.50055783045483,-3.99999996111042,10.414213532754));
#9685=CARTESIAN_POINT('',(-3.7270973342805,-5.4999999217689,8.5));
#9686=CARTESIAN_POINT('',(-3.,-5.4999999217689,9.11408528301874));
#9687=CARTESIAN_POINT('Ctrl Pts',(-3.7270973342805,-5.4999999217689,8.5));
#9688=CARTESIAN_POINT('Ctrl Pts',(-3.60767345774845,-5.4999999217689,8.5));
#9689=CARTESIAN_POINT('Ctrl Pts',(-3.48533350413722,-5.49999992176891,8.51524170156106));
#9690=CARTESIAN_POINT('Ctrl Pts',(-3.29932993576281,-5.49999992176891,8.58606282577225));
#9691=CARTESIAN_POINT('Ctrl Pts',(-3.230607526644,-5.4999999217689,8.62639546760182));
#9692=CARTESIAN_POINT('Ctrl Pts',(-3.12209466616186,-5.4999999217689,8.72875439196822));
#9693=CARTESIAN_POINT('Ctrl Pts',(-3.08234412433908,-5.49999992176722,8.78482331286035));
#9694=CARTESIAN_POINT('Ctrl Pts',(-3.03543377852898,-5.49999992176722,8.88859376910454));
#9695=CARTESIAN_POINT('Ctrl Pts',(-3.02215314718522,-5.49999992176885,8.93108918271446));
#9696=CARTESIAN_POINT('Ctrl Pts',(-3.00416955594661,-5.49999992176885,9.02057612642827));
#9697=CARTESIAN_POINT('Ctrl Pts',(-3.,-5.4999999217689,9.06731655693461));
#9698=CARTESIAN_POINT('Ctrl Pts',(-3.,-5.4999999217689,9.11408528301874));
#9699=CARTESIAN_POINT('Origin',(-7.5016043360175,-11.5048136195619,3.90939986458005));
#9700=CARTESIAN_POINT('Origin',(-7.5016043360175,-10.7977068383754,3.2022930833935));
#9701=CARTESIAN_POINT('Ctrl Pts',(-11.5000000521541,-2.29289321881345,11.7071067029555));
#9702=CARTESIAN_POINT('Ctrl Pts',(-11.5000000521541,-1.54854864405497,12.4514512777139));
#9703=CARTESIAN_POINT('Ctrl Pts',(-11.5000000521536,-0.772852984813931,
13.2271469369548));
#9704=CARTESIAN_POINT('Ctrl Pts',(-11.5000000521541,-0.00496576310742841,
13.9950341586615));
#9705=CARTESIAN_POINT('Ctrl Pts',(-11.5000000521541,-0.00248365495001949,
13.9975162668189));
#9706=CARTESIAN_POINT('Ctrl Pts',(-11.5000000521541,2.77555756156289E-15,
13.9999999217689));
#9707=CARTESIAN_POINT('Ctrl Pts',(-11.3332267595873,-2.2303532341009,11.769646687668));
#9708=CARTESIAN_POINT('Ctrl Pts',(-11.3851818993956,-1.57772464408409,12.5550464897509));
#9709=CARTESIAN_POINT('Ctrl Pts',(-11.5018976204908,-0.796415452921016,
13.2885101990547));
#9710=CARTESIAN_POINT('Ctrl Pts',(-11.4999935589594,-0.00510264195150851,
13.9954128292268));
#9711=CARTESIAN_POINT('Ctrl Pts',(-11.5000000521541,-0.00255401699262953,
13.997707704995));
#9712=CARTESIAN_POINT('Ctrl Pts',(-11.5000000521541,2.74843847526795E-15,
13.9999999217689));
#9713=CARTESIAN_POINT('Ctrl Pts',(-11.0000645579865,-2.18316365677208,11.9723287615398));
#9714=CARTESIAN_POINT('Ctrl Pts',(-11.2171584448954,-1.65822251487114,12.7850509205529));
#9715=CARTESIAN_POINT('Ctrl Pts',(-11.5038181022421,-0.84083840319597,13.408512701273));
#9716=CARTESIAN_POINT('Ctrl Pts',(-11.4999857358377,-0.00538254742068749,
13.9961763708054));
#9717=CARTESIAN_POINT('Ctrl Pts',(-11.5000000521541,-0.00269474107784966,
13.9980905813474));
#9718=CARTESIAN_POINT('Ctrl Pts',(-11.5000000521541,2.69420030267807E-15,
13.9999999217689));
#9719=CARTESIAN_POINT('Ctrl Pts',(-10.7707559678109,-2.30565877912416,12.2668053265235));
#9720=CARTESIAN_POINT('Ctrl Pts',(-11.1572049730389,-1.75504542835653,13.0342656715667));
#9721=CARTESIAN_POINT('Ctrl Pts',(-11.5031089061727,-0.883769236537058,
13.526529112439));
#9722=CARTESIAN_POINT('Ctrl Pts',(-11.4999857117844,-0.00566587126427144,
13.9969444504049));
#9723=CARTESIAN_POINT('Ctrl Pts',(-11.5000000521541,-0.00283546516306974,
13.9984734576997));
#9724=CARTESIAN_POINT('Ctrl Pts',(-11.5000000521541,2.63996213008819E-15,
13.9999999217689));
#9725=CARTESIAN_POINT('Ctrl Pts',(-10.7000000521541,-2.4,12.414213484142));
#9726=CARTESIAN_POINT('Ctrl Pts',(-11.1466067970092,-1.80452434019317,13.1585580589005));
#9727=CARTESIAN_POINT('Ctrl Pts',(-11.5026655288786,-0.904996566440175,
13.585539660193));
#9728=CARTESIAN_POINT('Ctrl Pts',(-11.499986345836,-0.0058080703505455,
13.9973284834922));
#9729=CARTESIAN_POINT('Ctrl Pts',(-11.5000000521541,-0.0029058272056798,
13.9986648958758));
#9730=CARTESIAN_POINT('Ctrl Pts',(-11.5000000521541,2.61284304379325E-15,
13.9999999217689));
#9731=CARTESIAN_POINT('',(-11.5000000521541,-1.99999996088445,11.9999999608845));
#9732=CARTESIAN_POINT('Ctrl Pts',(-7.50055783045483,3.99999996111042,10.414213532754));
#9733=CARTESIAN_POINT('Ctrl Pts',(-8.03036112440443,3.99992608291444,10.4143058804989));
#9734=CARTESIAN_POINT('Ctrl Pts',(-9.266931725116,3.75148131028929,10.7248618462804));
#9735=CARTESIAN_POINT('Ctrl Pts',(-10.2761574128736,2.96512351904059,11.7078090853413));
#9736=CARTESIAN_POINT('Ctrl Pts',(-10.7000000521541,2.4,12.414213484142));
#9737=CARTESIAN_POINT('Ctrl Pts',(-7.50057608370691,3.99999995856511,10.2833138385067));
#9738=CARTESIAN_POINT('Ctrl Pts',(-8.0477020705387,3.99992123510117,10.2834055245234));
#9739=CARTESIAN_POINT('Ctrl Pts',(-9.32485274484119,3.73497931755322,10.5917841821858));
#9740=CARTESIAN_POINT('Ctrl Pts',(-10.3511904656677,2.90016604904699,11.5671662565446));
#9741=CARTESIAN_POINT('Ctrl Pts',(-10.7707559678109,2.30565877912417,12.2668053265235));
#9742=CARTESIAN_POINT('Ctrl Pts',(-7.50061984615948,4.05210112470281,10.0215809807473));
#9743=CARTESIAN_POINT('Ctrl Pts',(-8.0893334540434,4.05201426973202,10.0216713559861));
#9744=CARTESIAN_POINT('Ctrl Pts',(-9.46347299753262,3.75963706682074,10.3256954506143));
#9745=CARTESIAN_POINT('Ctrl Pts',(-10.5591000230545,2.83829434479183,11.2859355401133));
#9746=CARTESIAN_POINT('Ctrl Pts',(-11.0000634292369,2.18316181252678,11.9723277638567));
#9747=CARTESIAN_POINT('Ctrl Pts',(-7.50067146103312,4.20033310964386,9.79966681212504));
#9748=CARTESIAN_POINT('Ctrl Pts',(-8.13840420792823,4.2002419952924,9.79975790971646));
#9749=CARTESIAN_POINT('Ctrl Pts',(-9.62692757333799,3.89383269988905,10.1062244425237));
#9750=CARTESIAN_POINT('Ctrl Pts',(-10.8331754837191,2.92504999945828,11.0752579867775));
#9751=CARTESIAN_POINT('Ctrl Pts',(-11.3332267595873,2.2303532341009,11.769646687668));
#9752=CARTESIAN_POINT('Ctrl Pts',(-7.50069727503002,4.29289317020148,9.70710675156743));
#9753=CARTESIAN_POINT('Ctrl Pts',(-8.16295139246702,4.29280082245651,9.7071990993124));
#9754=CARTESIAN_POINT('Ctrl Pts',(-9.70866464335649,3.98224485667506,10.0177550650938));
#9755=CARTESIAN_POINT('Ctrl Pts',(-10.9701967530535,2.99929761761419,11.0007023041547));
#9756=CARTESIAN_POINT('Ctrl Pts',(-11.5000000521541,2.29289321881345,11.7071067029555));
#9757=CARTESIAN_POINT('',(-7.50069727503002,4.29289317020148,9.70710675156742));
#9758=CARTESIAN_POINT('Origin',(-7.50069727503002,4.99999995138803,10.414213532754));
#9759=CARTESIAN_POINT('',(-11.5000000521541,2.29289321881345,11.7071067029555));
#9760=CARTESIAN_POINT('Origin',(-7.50000005215406,-0.707106781186547,14.7071067029555));
#9761=CARTESIAN_POINT('Origin',(-11.5000000521541,3.,12.414213484142));
#9762=CARTESIAN_POINT('Ctrl Pts',(-7.50069727503002,4.29289317020147,9.70710675156743));
#9763=CARTESIAN_POINT('Ctrl Pts',(-6.07571703614677,4.29309187596747,9.70690804580143));
#9764=CARTESIAN_POINT('Ctrl Pts',(-4.6551443930508,4.77767060973028,9.22232931203863));
#9765=CARTESIAN_POINT('Ctrl Pts',(-3.52709752254872,5.6483479200136,8.3516520017553));
#9766=CARTESIAN_POINT('Ctrl Pts',(-7.50064564703622,4.10777304908624,9.89222687268267));
#9767=CARTESIAN_POINT('Ctrl Pts',(-5.99444550198729,4.10797571768808,9.8920239778761));
#9768=CARTESIAN_POINT('Ctrl Pts',(-4.49338775383715,4.60299206674438,9.39854596625192));
#9769=CARTESIAN_POINT('Ctrl Pts',(-3.28704049934414,5.4928393460737,8.5071605756952));
#9770=CARTESIAN_POINT('Ctrl Pts',(-7.50059433695899,3.99999995601978,10.1524141442593));
#9771=CARTESIAN_POINT('Ctrl Pts',(-5.91374687732626,4.00021306487902,10.1522131942786));
#9772=CARTESIAN_POINT('Ctrl Pts',(-4.33198178547738,4.51948281784217,9.66313149104769));
#9773=CARTESIAN_POINT('Ctrl Pts',(-3.05046219904026,5.46011540485551,8.78094675956532));
#9774=CARTESIAN_POINT('Ctrl Pts',(-7.50055783045483,3.99999996111041,10.414213532754));
#9775=CARTESIAN_POINT('Ctrl Pts',(-5.85651209673642,4.00022921437158,10.414014826988));
#9776=CARTESIAN_POINT('Ctrl Pts',(-4.2175515486594,4.55930335319455,9.92943609322518));
#9777=CARTESIAN_POINT('Ctrl Pts',(-2.9160874340856,5.56383189215768,9.05875878294185));
#9778=CARTESIAN_POINT('',(-2.99999999999999,5.4999999217689,9.11408528301874));
#9779=CARTESIAN_POINT('',(-3.72709733428049,5.4999999217689,8.5));
#9780=CARTESIAN_POINT('Ctrl Pts',(-3.00000966416491,5.5000233156621,9.11406500631061));
#9781=CARTESIAN_POINT('Ctrl Pts',(-3.00001137755694,5.50002135857245,9.07997312827948));
#9782=CARTESIAN_POINT('Ctrl Pts',(-3.00225406404534,5.5001222931839,9.04603199160169));
#9783=CARTESIAN_POINT('Ctrl Pts',(-3.00704374073116,5.50026618507449,9.0125430090428));
#9784=CARTESIAN_POINT('Ctrl Pts',(-3.01168899224894,5.5004057381314,8.98006383408703));
#9785=CARTESIAN_POINT('Ctrl Pts',(-3.01873027300984,5.50058566569884,8.94801016042702));
#9786=CARTESIAN_POINT('Ctrl Pts',(-3.02841387209272,5.50077525214583,8.91668407778182));
#9787=CARTESIAN_POINT('Ctrl Pts',(-3.03367690809465,5.50087829237782,8.89965835218638));
#9788=CARTESIAN_POINT('Ctrl Pts',(-3.03971985932077,5.50098461010663,8.88284801183661));
#9789=CARTESIAN_POINT('Ctrl Pts',(-3.04657749560637,5.50109240382511,8.86630470310359));
#9790=CARTESIAN_POINT('Ctrl Pts',(-3.06152856778386,5.50132741653184,8.83023685222594));
#9791=CARTESIAN_POINT('Ctrl Pts',(-3.0800295926247,5.50154862356821,8.79626920932302));
#9792=CARTESIAN_POINT('Ctrl Pts',(-3.10204746628652,5.50170492499012,8.76466655335559));
#9793=CARTESIAN_POINT('Ctrl Pts',(-3.11983892737407,5.50183122377395,8.73913014450234));
#9794=CARTESIAN_POINT('Ctrl Pts',(-3.13992641071084,5.50191611400782,8.71513773593821));
#9795=CARTESIAN_POINT('Ctrl Pts',(-3.16228388390021,5.50195507054815,8.69282263285012));
#9796=CARTESIAN_POINT('Ctrl Pts',(-3.18524048078288,5.50199507102516,8.6699095414802));
#9797=CARTESIAN_POINT('Ctrl Pts',(-3.21004135986414,5.5019842814312,8.64931489063788));
#9798=CARTESIAN_POINT('Ctrl Pts',(-3.23636639316869,5.50192740567993,8.63091224369051));
#9799=CARTESIAN_POINT('Ctrl Pts',(-3.2638057118759,5.50186812249318,8.61173064992751));
#9800=CARTESIAN_POINT('Ctrl Pts',(-3.29290089463232,5.50175879871853,8.59493009001412));
#9801=CARTESIAN_POINT('Ctrl Pts',(-3.32333503114401,5.50162080481156,8.58033870921578));
#9802=CARTESIAN_POINT('Ctrl Pts',(-3.32839143337971,5.50159787816472,8.57791446134982));
#9803=CARTESIAN_POINT('Ctrl Pts',(-3.33348489365338,5.50157419409911,8.57555114191338));
#9804=CARTESIAN_POINT('Ctrl Pts',(-3.33861407412865,5.50154989046155,8.57324790457951));
#9805=CARTESIAN_POINT('Ctrl Pts',(-3.36922164737282,5.5014048623483,8.55950370007449));
#9806=CARTESIAN_POINT('Ctrl Pts',(-3.40082003155262,5.50123706462675,8.54802824550833));
#9807=CARTESIAN_POINT('Ctrl Pts',(-3.43301964668884,5.50106914064105,8.53855654040911));
#9808=CARTESIAN_POINT('Ctrl Pts',(-3.46098335257162,5.50092330731581,8.53033085278886));
#9809=CARTESIAN_POINT('Ctrl Pts',(-3.48940153309729,5.50077736131601,8.52361569241748));
#9810=CARTESIAN_POINT('Ctrl Pts',(-3.51804907597817,5.50064748419828,8.51822733673314));
#9811=CARTESIAN_POINT('Ctrl Pts',(-3.5548708132641,5.50048054837665,8.5113014855969));
#9812=CARTESIAN_POINT('Ctrl Pts',(-3.59225192222061,5.50033897588521,8.50653545671332));
#9813=CARTESIAN_POINT('Ctrl Pts',(-3.62978350283386,5.50024823744501,8.50359829162239));
#9814=CARTESIAN_POINT('Ctrl Pts',(-3.66220468284756,5.50016985419401,8.50106105880173));
#9815=CARTESIAN_POINT('Ctrl Pts',(-3.69473928113462,5.50012917793682,8.49988793468451));
#9816=CARTESIAN_POINT('Ctrl Pts',(-3.72715427206657,5.50013966775591,8.499860254013));
#9817=CARTESIAN_POINT('Origin',(-7.5016043360175,10.7977068383754,3.2022930833935));
#9818=CARTESIAN_POINT('Origin',(-7.5016043360175,11.5048136195619,3.90939986458005));
#9819=CARTESIAN_POINT('Ctrl Pts',(-11.5000000521541,2.22044604925031E-15,
13.9999999217689));
#9820=CARTESIAN_POINT('Ctrl Pts',(-11.5000000521541,0.00248365495003032,
13.9975162668189));
#9821=CARTESIAN_POINT('Ctrl Pts',(-11.5000000521541,0.00496483866228903,
13.9950350831066));
#9822=CARTESIAN_POINT('Ctrl Pts',(-11.5000000521539,0.466938304987213,13.5330616167815));
#9823=CARTESIAN_POINT('Ctrl Pts',(-11.5000000521541,1.08365324539484,12.9163466763741));
#9824=CARTESIAN_POINT('Ctrl Pts',(-11.500000052154,1.84191333400361,12.1580865877653));
#9825=CARTESIAN_POINT('Ctrl Pts',(-11.5000000521541,2.14402430386177,11.8559756179071));
#9826=CARTESIAN_POINT('Ctrl Pts',(-11.5000000521541,2.29289321881345,11.7071067029555));
#9827=CARTESIAN_POINT('Ctrl Pts',(-11.5000000521541,2.22044604925031E-15,
13.9999999217689));
#9828=CARTESIAN_POINT('Ctrl Pts',(-11.5000276009856,0.00263834792853845,
13.9979183418641));
#9829=CARTESIAN_POINT('Ctrl Pts',(-11.499968121342,0.00523164457618763,
13.9957810328578));
#9830=CARTESIAN_POINT('Ctrl Pts',(-11.5022465884567,0.494451618686744,13.6062521779075));
#9831=CARTESIAN_POINT('Ctrl Pts',(-11.4040516479898,1.14138638600102,13.0797672779535));
#9832=CARTESIAN_POINT('Ctrl Pts',(-11.2418278771236,1.8137414671446,12.3217183094291));
#9833=CARTESIAN_POINT('Ctrl Pts',(-11.1875443980062,2.05554900574283,11.9975306409971));
#9834=CARTESIAN_POINT('Ctrl Pts',(-11.1664534670205,2.16781324938835,11.8321866723806));
#9835=CARTESIAN_POINT('Ctrl Pts',(-11.5000000521541,2.22044604925031E-15,
13.9999999217689));
#9836=CARTESIAN_POINT('Ctrl Pts',(-11.5000102551063,0.00276855868106424,
13.998280698793));
#9837=CARTESIAN_POINT('Ctrl Pts',(-11.4999850276238,0.00552351334882692,
13.9965665013172));
#9838=CARTESIAN_POINT('Ctrl Pts',(-11.5001147986855,0.520262932683588,13.6772169808899));
#9839=CARTESIAN_POINT('Ctrl Pts',(-11.3559630082985,1.20410360636629,13.2484350806509));
#9840=CARTESIAN_POINT('Ctrl Pts',(-11.0410422799508,1.88060722659152,12.5788233940586));
#9841=CARTESIAN_POINT('Ctrl Pts',(-10.9067022276811,2.10994403534992,12.2774446680048));
#9842=CARTESIAN_POINT('Ctrl Pts',(-10.8415118834678,2.21131755824833,12.119397168905));
#9843=CARTESIAN_POINT('Ctrl Pts',(-11.5000000521541,2.22044604925031E-15,
13.9999999217689));
#9844=CARTESIAN_POINT('Ctrl Pts',(-11.5000000521541,0.00290582720569173,
13.9986648958758));
#9845=CARTESIAN_POINT('Ctrl Pts',(-11.4999953827633,0.00580875222199414,
13.9973311847218));
#9846=CARTESIAN_POINT('Ctrl Pts',(-11.4992203015753,0.54630972744551,13.749010471101));
#9847=CARTESIAN_POINT('Ctrl Pts',(-11.3447300981917,1.26724098318252,13.4167446599574));
#9848=CARTESIAN_POINT('Ctrl Pts',(-10.9646388470293,2.01758184175611,12.8381505559568));
#9849=CARTESIAN_POINT('Ctrl Pts',(-10.7893214011251,2.28090486803864,12.5630823990937));
#9850=CARTESIAN_POINT('Ctrl Pts',(-10.7000000521541,2.4,12.414213484142));
#9851=CARTESIAN_POINT('',(-11.5000000521541,4.74999992176891,9.25));
#9852=CARTESIAN_POINT('Origin',(-3.,-4.7499999217689,9.25));
#9853=CARTESIAN_POINT('',(-11.5000000521541,-5.4999999217689,8.5));
#9854=CARTESIAN_POINT('',(-11.5000000521541,-1.99999996088445,11.9999999608845));
#9855=CARTESIAN_POINT('',(-3.,-5.4999999217689,8.5));
#9856=CARTESIAN_POINT('Ctrl Pts',(7.50055783045483,-3.99999996111042,10.414213532754));
#9857=CARTESIAN_POINT('Ctrl Pts',(8.03036112440442,-3.99992608291444,10.4143058804989));
#9858=CARTESIAN_POINT('Ctrl Pts',(9.266931725116,-3.75148131028929,10.7248618462804));
#9859=CARTESIAN_POINT('Ctrl Pts',(10.2761574128736,-2.96512351904059,11.7078090853413));
#9860=CARTESIAN_POINT('Ctrl Pts',(10.7000000521541,-2.4,12.414213484142));
#9861=CARTESIAN_POINT('Ctrl Pts',(7.50057608370691,-3.99999995856511,10.2833138385067));
#9862=CARTESIAN_POINT('Ctrl Pts',(8.04770207053869,-3.99992123510117,10.2834055245234));
#9863=CARTESIAN_POINT('Ctrl Pts',(9.32485274484119,-3.73497931755322,10.5917841821858));
#9864=CARTESIAN_POINT('Ctrl Pts',(10.3511904656677,-2.90016604904699,11.5671662565446));
#9865=CARTESIAN_POINT('Ctrl Pts',(10.7707559678109,-2.30565877912417,12.2668053265235));
#9866=CARTESIAN_POINT('Ctrl Pts',(7.50061984615947,-4.05210112470281,10.0215809807473));
#9867=CARTESIAN_POINT('Ctrl Pts',(8.08933345404339,-4.05201426973202,10.0216713559861));
#9868=CARTESIAN_POINT('Ctrl Pts',(9.46347299753262,-3.75963706682074,10.3256954506143));
#9869=CARTESIAN_POINT('Ctrl Pts',(10.5591000230545,-2.83829434479183,11.2859355401133));
#9870=CARTESIAN_POINT('Ctrl Pts',(11.0000634292369,-2.18316181252678,11.9723277638567));
#9871=CARTESIAN_POINT('Ctrl Pts',(7.50067146103312,-4.20033310964386,9.79966681212504));
#9872=CARTESIAN_POINT('Ctrl Pts',(8.13840420792823,-4.2002419952924,9.79975790971645));
#9873=CARTESIAN_POINT('Ctrl Pts',(9.62692757333799,-3.89383269988906,10.1062244425237));
#9874=CARTESIAN_POINT('Ctrl Pts',(10.8331754837191,-2.92504999945828,11.0752579867775));
#9875=CARTESIAN_POINT('Ctrl Pts',(11.3332267595873,-2.23035323410091,11.769646687668));
#9876=CARTESIAN_POINT('Ctrl Pts',(7.50069727503002,-4.29289317020148,9.70710675156742));
#9877=CARTESIAN_POINT('Ctrl Pts',(8.16295139246701,-4.29280082245651,9.70719909931239));
#9878=CARTESIAN_POINT('Ctrl Pts',(9.70866464335649,-3.98224485667507,10.0177550650938));
#9879=CARTESIAN_POINT('Ctrl Pts',(10.9701967530535,-2.99929761761419,11.0007023041547));
#9880=CARTESIAN_POINT('Ctrl Pts',(11.5000000521541,-2.29289321881346,11.7071067029554));
#9881=CARTESIAN_POINT('',(7.50069727503002,-4.29289317020148,9.70710675156742));
#9882=CARTESIAN_POINT('Origin',(7.50069727503002,-4.99999995138803,10.414213532754));
#9883=CARTESIAN_POINT('',(11.5000000521541,-2.29289321881346,11.7071067029554));
#9884=CARTESIAN_POINT('Origin',(7.50000005215406,0.707106781186546,14.7071067029554));
#9885=CARTESIAN_POINT('Origin',(11.5000000521541,-3.,12.414213484142));
#9886=CARTESIAN_POINT('Ctrl Pts',(7.50069727503002,-4.29289317020147,9.70710675156743));
#9887=CARTESIAN_POINT('Ctrl Pts',(6.07571703614677,-4.29309187596747,9.70690804580143));
#9888=CARTESIAN_POINT('Ctrl Pts',(4.6551443930508,-4.77767060973028,9.22232931203862));
#9889=CARTESIAN_POINT('Ctrl Pts',(3.52709752254871,-5.6483479200136,8.3516520017553));
#9890=CARTESIAN_POINT('Ctrl Pts',(7.50064564703622,-4.10777304908624,9.89222687268267));
#9891=CARTESIAN_POINT('Ctrl Pts',(5.99444550198729,-4.10797571768808,9.8920239778761));
#9892=CARTESIAN_POINT('Ctrl Pts',(4.49338775383715,-4.60299206674438,9.39854596625192));
#9893=CARTESIAN_POINT('Ctrl Pts',(3.28704049934414,-5.4928393460737,8.5071605756952));
#9894=CARTESIAN_POINT('Ctrl Pts',(7.50059433695899,-3.99999995601978,10.1524141442593));
#9895=CARTESIAN_POINT('Ctrl Pts',(5.91374687732626,-4.00021306487902,10.1522131942786));
#9896=CARTESIAN_POINT('Ctrl Pts',(4.33198178547738,-4.51948281784217,9.66313149104769));
#9897=CARTESIAN_POINT('Ctrl Pts',(3.05046219904026,-5.46011540485551,8.78094675956532));
#9898=CARTESIAN_POINT('Ctrl Pts',(7.50055783045483,-3.99999996111041,10.414213532754));
#9899=CARTESIAN_POINT('Ctrl Pts',(5.85651209673642,-4.00022921437158,10.414014826988));
#9900=CARTESIAN_POINT('Ctrl Pts',(4.2175515486594,-4.55930335319455,9.92943609322517));
#9901=CARTESIAN_POINT('Ctrl Pts',(2.9160874340856,-5.56383189215768,9.05875878294185));
#9902=CARTESIAN_POINT('',(2.99999999999999,-5.4999999217689,9.11408528301874));
#9903=CARTESIAN_POINT('',(3.72709733428049,-5.4999999217689,8.5));
#9904=CARTESIAN_POINT('Ctrl Pts',(3.00000966416491,-5.50002331566209,9.11406500631061));
#9905=CARTESIAN_POINT('Ctrl Pts',(3.00001137755694,-5.50002135857245,9.07997312827914));
#9906=CARTESIAN_POINT('Ctrl Pts',(3.00225406404539,-5.5001222931839,9.04603199160103));
#9907=CARTESIAN_POINT('Ctrl Pts',(3.00704374073131,-5.50026618507449,9.01254300904182));
#9908=CARTESIAN_POINT('Ctrl Pts',(3.01168899224913,-5.50040573813141,8.9800638340861));
#9909=CARTESIAN_POINT('Ctrl Pts',(3.01873027301007,-5.50058566569884,8.94801016042615));
#9910=CARTESIAN_POINT('Ctrl Pts',(3.02841387209297,-5.50077525214584,8.916684077781));
#9911=CARTESIAN_POINT('Ctrl Pts',(3.03367690809485,-5.50087829237783,8.89965835218584));
#9912=CARTESIAN_POINT('Ctrl Pts',(3.03971985932088,-5.50098461010663,8.88284801183634));
#9913=CARTESIAN_POINT('Ctrl Pts',(3.04657749560637,-5.50109240382511,8.86630470310359));
#9914=CARTESIAN_POINT('Ctrl Pts',(3.06152856778388,-5.50132741653184,8.83023685222589));
#9915=CARTESIAN_POINT('Ctrl Pts',(3.08002959262474,-5.50154862356821,8.79626920932295));
#9916=CARTESIAN_POINT('Ctrl Pts',(3.1020474662866,-5.50170492499012,8.76466655335548));
#9917=CARTESIAN_POINT('Ctrl Pts',(3.11983892737412,-5.50183122377395,8.73913014450227));
#9918=CARTESIAN_POINT('Ctrl Pts',(3.13992641071087,-5.50191611400782,8.71513773593818));
#9919=CARTESIAN_POINT('Ctrl Pts',(3.16228388390021,-5.50195507054815,8.69282263285012));
#9920=CARTESIAN_POINT('Ctrl Pts',(3.18524048078292,-5.50199507102516,8.66990954148016));
#9921=CARTESIAN_POINT('Ctrl Pts',(3.21004135986422,-5.5019842814312,8.64931489063782));
#9922=CARTESIAN_POINT('Ctrl Pts',(3.23636639316881,-5.50192740567993,8.63091224369043));
#9923=CARTESIAN_POINT('Ctrl Pts',(3.26380571187611,-5.50186812249317,8.61173064992738));
#9924=CARTESIAN_POINT('Ctrl Pts',(3.29290089463263,-5.50175879871853,8.59493009001395));
#9925=CARTESIAN_POINT('Ctrl Pts',(3.32333503114441,-5.50162080481156,8.58033870921559));
#9926=CARTESIAN_POINT('Ctrl Pts',(3.32839143337998,-5.50159787816472,8.5779144613497));
#9927=CARTESIAN_POINT('Ctrl Pts',(3.33348489365352,-5.50157419409911,8.57555114191333));
#9928=CARTESIAN_POINT('Ctrl Pts',(3.33861407412865,-5.50154989046154,8.57324790457951));
#9929=CARTESIAN_POINT('Ctrl Pts',(3.36922164737294,-5.5014048623483,8.55950370007444));
#9930=CARTESIAN_POINT('Ctrl Pts',(3.40082003155286,-5.50123706462675,8.54802824550824));
#9931=CARTESIAN_POINT('Ctrl Pts',(3.43301964668921,-5.50106914064105,8.538556540409));
#9932=CARTESIAN_POINT('Ctrl Pts',(3.46098335257186,-5.50092330731581,8.5303308527888));
#9933=CARTESIAN_POINT('Ctrl Pts',(3.4894015330974,-5.50077736131601,8.52361569241746));
#9934=CARTESIAN_POINT('Ctrl Pts',(3.51804907597817,-5.50064748419828,8.51822733673314));
#9935=CARTESIAN_POINT('Ctrl Pts',(3.55487081326404,-5.50048054837665,8.51130148559691));
#9936=CARTESIAN_POINT('Ctrl Pts',(3.5922519222205,-5.50033897588522,8.50653545671334));
#9937=CARTESIAN_POINT('Ctrl Pts',(3.62978350283368,-5.50024823744502,8.5035982916224));
#9938=CARTESIAN_POINT('Ctrl Pts',(3.66220468284744,-5.50016985419401,8.50106105880173));
#9939=CARTESIAN_POINT('Ctrl Pts',(3.69473928113456,-5.50012917793682,8.49988793468451));
#9940=CARTESIAN_POINT('Ctrl Pts',(3.72715427206656,-5.50013966775591,8.499860254013));
#9941=CARTESIAN_POINT('Origin',(7.5016043360175,-10.7977068383754,3.20229308339351));
#9942=CARTESIAN_POINT('Origin',(7.5016043360175,-11.5048136195619,3.90939986458006));
#9943=CARTESIAN_POINT('Ctrl Pts',(11.5000000521541,-2.77555756156289E-15,
13.9999999217689));
#9944=CARTESIAN_POINT('Ctrl Pts',(11.5000000521541,-0.00248365495174799,
13.9975162668172));
#9945=CARTESIAN_POINT('Ctrl Pts',(11.5000000521541,-0.00496483866230814,
13.9950350831066));
#9946=CARTESIAN_POINT('Ctrl Pts',(11.5000000521539,-0.466938305028513,13.5330616167401));
#9947=CARTESIAN_POINT('Ctrl Pts',(11.5000000521541,-1.08365324539159,12.9163466763773));
#9948=CARTESIAN_POINT('Ctrl Pts',(11.500000052154,-1.84191333401097,12.1580865877579));
#9949=CARTESIAN_POINT('Ctrl Pts',(11.5000000521541,-2.14402430386181,11.8559756179071));
#9950=CARTESIAN_POINT('Ctrl Pts',(11.5000000521541,-2.29289321881346,11.7071067029554));
#9951=CARTESIAN_POINT('Ctrl Pts',(11.5000000521541,-2.77555756156289E-15,
13.9999999217689));
#9952=CARTESIAN_POINT('Ctrl Pts',(11.5000276009856,-0.00263834793030251,
13.9979183418622));
#9953=CARTESIAN_POINT('Ctrl Pts',(11.499968121342,-0.00523164457612905,
13.9957810328578));
#9954=CARTESIAN_POINT('Ctrl Pts',(11.5022465884566,-0.494451618728136,13.6062521778663));
#9955=CARTESIAN_POINT('Ctrl Pts',(11.4040516479897,-1.14138638599772,13.0797672779568));
#9956=CARTESIAN_POINT('Ctrl Pts',(11.2418278771236,-1.81374146715194,12.3217183094217));
#9957=CARTESIAN_POINT('Ctrl Pts',(11.1875443980062,-2.05554900574285,11.9975306409971));
#9958=CARTESIAN_POINT('Ctrl Pts',(11.1664534670205,-2.16781324938836,11.8321866723805));
#9959=CARTESIAN_POINT('Ctrl Pts',(11.5000000521541,-2.77555756156289E-15,
13.9999999217689));
#9960=CARTESIAN_POINT('Ctrl Pts',(11.5000102551063,-0.00276855868299643,
13.9982806987911));
#9961=CARTESIAN_POINT('Ctrl Pts',(11.4999850276238,-0.00552351334841783,
13.9965665013166));
#9962=CARTESIAN_POINT('Ctrl Pts',(11.5001147986853,-0.520262932749874,13.6772169808928));
#9963=CARTESIAN_POINT('Ctrl Pts',(11.3559630082984,-1.20410360636071,13.2484350806502));
#9964=CARTESIAN_POINT('Ctrl Pts',(11.0410422799507,-1.88060722660319,12.5788233940589));
#9965=CARTESIAN_POINT('Ctrl Pts',(10.906702227681,-2.10994403534997,12.2774446680047));
#9966=CARTESIAN_POINT('Ctrl Pts',(10.8415118834678,-2.21131755824834,12.119397168905));
#9967=CARTESIAN_POINT('Ctrl Pts',(11.5000000521541,-2.77555756156289E-15,
13.9999999217689));
#9968=CARTESIAN_POINT('Ctrl Pts',(11.5000000521541,-0.00290582720766935,
13.9986648958737));
#9969=CARTESIAN_POINT('Ctrl Pts',(11.4999953827633,-0.00580875222150856,
13.9973311847211));
#9970=CARTESIAN_POINT('Ctrl Pts',(11.4992203015751,-0.54630972751188,13.749010471104));
#9971=CARTESIAN_POINT('Ctrl Pts',(11.3447300981915,-1.26724098317696,13.4167446599567));
#9972=CARTESIAN_POINT('Ctrl Pts',(10.9646388470292,-2.01758184176782,12.8381505559571));
#9973=CARTESIAN_POINT('Ctrl Pts',(10.789321401125,-2.28090486803869,12.5630823990936));
#9974=CARTESIAN_POINT('Ctrl Pts',(10.7000000521541,-2.4,12.414213484142));
#9975=CARTESIAN_POINT('',(11.5000000521541,-4.49999996088445,9.49999996088445));
#9976=CARTESIAN_POINT('Ctrl Pts',(10.7000000521541,2.4,12.414213484142));
#9977=CARTESIAN_POINT('Ctrl Pts',(10.3821180726937,2.82384263928044,11.8844101850414));
#9978=CARTESIAN_POINT('Ctrl Pts',(9.44153706319673,3.66416342336384,10.8340092049372));
#9979=CARTESIAN_POINT('Ctrl Pts',(8.20696222238763,3.99990145684912,10.4143366630806));
#9980=CARTESIAN_POINT('Ctrl Pts',(7.50055783045483,3.99999996111042,10.414213532754));
#9981=CARTESIAN_POINT('Ctrl Pts',(10.7707559678109,2.30565877912416,12.2668053265235));
#9982=CARTESIAN_POINT('Ctrl Pts',(10.4560818412035,2.75153923156628,11.7420760240393));
#9983=CARTESIAN_POINT('Ctrl Pts',(9.50491347009019,3.64154251845876,10.7002677169158));
#9984=CARTESIAN_POINT('Ctrl Pts',(8.23007739948262,3.99989499394653,10.283436086529));
#9985=CARTESIAN_POINT('Ctrl Pts',(7.50057608370691,3.9999999585651,10.2833138385067));
#9986=CARTESIAN_POINT('Ctrl Pts',(11.0000634292369,2.18316181252678,11.9723277638567));
#9987=CARTESIAN_POINT('Ctrl Pts',(10.6693408746001,2.67451121172556,11.4575335960492));
#9988=CARTESIAN_POINT('Ctrl Pts',(9.65704384705635,3.65637886688328,10.4328001664776));
#9989=CARTESIAN_POINT('Ctrl Pts',(8.28557132333804,4.05198531807508,10.0217014810657));
#9990=CARTESIAN_POINT('Ctrl Pts',(7.50061984615948,4.05210112470281,10.0215809807473));
#9991=CARTESIAN_POINT('Ctrl Pts',(11.3332267595873,2.2303532341009,11.769646687668));
#9992=CARTESIAN_POINT('Ctrl Pts',(10.9581883026861,2.75137580811893,11.2488551620001));
#9993=CARTESIAN_POINT('Ctrl Pts',(9.83698325872837,3.78607416056395,10.2141107655731));
#9994=CARTESIAN_POINT('Ctrl Pts',(8.35098179022659,4.2002116238419,9.79978827558026));
#9995=CARTESIAN_POINT('Ctrl Pts',(7.50067146103312,4.20033310964386,9.79966681212504));
#9996=CARTESIAN_POINT('Ctrl Pts',(11.5000000521541,2.29289321881345,11.7071067029554));
#9997=CARTESIAN_POINT('Ctrl Pts',(11.1026475778286,2.822696517914,11.1773034038549));
#9998=CARTESIAN_POINT('Ctrl Pts',(9.92692131595739,3.87309749801826,10.1269024237506));
#9999=CARTESIAN_POINT('Ctrl Pts',(8.38370276494602,4.29277003987485,9.70722988189405));
#10000=CARTESIAN_POINT('Ctrl Pts',(7.50069727503002,4.29289317020148,9.70710675156742));
#10001=CARTESIAN_POINT('',(11.5000000521541,2.29289321881345,11.7071067029554));
#10002=CARTESIAN_POINT('Origin',(11.5000000521541,3.,12.414213484142));
#10003=CARTESIAN_POINT('',(7.50069727503002,4.29289317020148,9.70710675156742));
#10004=CARTESIAN_POINT('Origin',(7.50000005215406,-0.707106781186549,14.7071067029554));
#10005=CARTESIAN_POINT('Origin',(7.50069727503002,4.99999995138803,10.414213532754));
#10006=CARTESIAN_POINT('Ctrl Pts',(3.52729119928829,5.64819843740705,8.35180148436185));
#10007=CARTESIAN_POINT('Ctrl Pts',(4.65530625642165,4.77761338133638,9.22238654043253));
#10008=CARTESIAN_POINT('Ctrl Pts',(6.07579858758109,4.29309186459557,9.70690805717333));
#10009=CARTESIAN_POINT('Ctrl Pts',(7.50069727503002,4.29289317020148,9.70710675156743));
#10010=CARTESIAN_POINT('Ctrl Pts',(3.2872475137383,5.49268641145275,8.50731351031615));
#10011=CARTESIAN_POINT('Ctrl Pts',(4.4935588249161,4.60293364398096,9.39860416370906));
#10012=CARTESIAN_POINT('Ctrl Pts',(5.9945317016263,4.10797570608939,9.89202398948774));
#10013=CARTESIAN_POINT('Ctrl Pts',(7.50064564703622,4.10777304908624,9.89222687268266));
#10014=CARTESIAN_POINT('Ctrl Pts',(3.05068208483792,5.45995375826696,8.78109813988874));
#10015=CARTESIAN_POINT('Ctrl Pts',(4.33216214501812,4.51942165243877,9.66318919007728));
#10016=CARTESIAN_POINT('Ctrl Pts',(5.91383769240064,4.00021305268283,10.1522132057789));
#10017=CARTESIAN_POINT('Ctrl Pts',(7.50059433695899,3.99999995601978,10.1524141442593));
#10018=CARTESIAN_POINT('Ctrl Pts',(2.91631088519652,5.56365942924566,9.0589082655484));
#10019=CARTESIAN_POINT('Ctrl Pts',(4.21773829565913,4.55923732694782,9.92949332161907));
#10020=CARTESIAN_POINT('Ctrl Pts',(5.85660618526061,4.00022920125145,10.4140148383599));
#10021=CARTESIAN_POINT('Ctrl Pts',(7.50055783045483,3.99999996111042,10.414213532754));
#10022=CARTESIAN_POINT('',(3.7270973342805,5.4999999217689,8.5));
#10023=CARTESIAN_POINT('',(3.,5.4999999217689,9.11408528301874));
#10024=CARTESIAN_POINT('Ctrl Pts',(3.7270973342805,5.4999999217689,8.5));
#10025=CARTESIAN_POINT('Ctrl Pts',(3.60767345774842,5.4999999217689,8.5));
#10026=CARTESIAN_POINT('Ctrl Pts',(3.48533350413721,5.4999999217689,8.51524170156107));
#10027=CARTESIAN_POINT('Ctrl Pts',(3.29932993576285,5.4999999217689,8.58606282577224));
#10028=CARTESIAN_POINT('Ctrl Pts',(3.23060752664401,5.4999999217689,8.62639546760181));
#10029=CARTESIAN_POINT('Ctrl Pts',(3.12209466616186,5.4999999217689,8.72875439196823));
#10030=CARTESIAN_POINT('Ctrl Pts',(3.08234412433907,5.49999992176722,8.78482331286036));
#10031=CARTESIAN_POINT('Ctrl Pts',(3.03543377852898,5.49999992176722,8.88859376910454));
#10032=CARTESIAN_POINT('Ctrl Pts',(3.02215314718522,5.49999992176885,8.93108918271446));
#10033=CARTESIAN_POINT('Ctrl Pts',(3.00416955594661,5.49999992176885,9.02057612642827));
#10034=CARTESIAN_POINT('Ctrl Pts',(3.,5.4999999217689,9.0673165569346));
#10035=CARTESIAN_POINT('Ctrl Pts',(3.,5.4999999217689,9.11408528301874));
#10036=CARTESIAN_POINT('Origin',(7.5016043360175,11.5048136195619,3.90939986458005));
#10037=CARTESIAN_POINT('Origin',(7.5016043360175,10.7977068383754,3.2022930833935));
#10038=CARTESIAN_POINT('Ctrl Pts',(11.5000000521541,2.29289321881345,11.7071067029554));
#10039=CARTESIAN_POINT('Ctrl Pts',(11.5000000521541,1.5485486440549,12.451451277714));
#10040=CARTESIAN_POINT('Ctrl Pts',(11.5000000521544,0.772852984814258,13.227146936955));
#10041=CARTESIAN_POINT('Ctrl Pts',(11.5000000521541,0.00496576310742525,
13.9950341586615));
#10042=CARTESIAN_POINT('Ctrl Pts',(11.5000000521541,0.00248365495001985,
13.9975162668189));
#10043=CARTESIAN_POINT('Ctrl Pts',(11.5000000521541,-4.44089209850063E-15,
13.9999999217689));
#10044=CARTESIAN_POINT('Ctrl Pts',(11.3332267595873,2.2303532341009,11.769646687668));
#10045=CARTESIAN_POINT('Ctrl Pts',(11.3851818993956,1.57772464408402,12.5550464897509));
#10046=CARTESIAN_POINT('Ctrl Pts',(11.5018976204914,0.796415452921283,13.2885101990547));
#10047=CARTESIAN_POINT('Ctrl Pts',(11.4999935589594,0.0051026419515056,
13.9954128292268));
#10048=CARTESIAN_POINT('Ctrl Pts',(11.5000000521541,0.00255401699262999,
13.997707704995));
#10049=CARTESIAN_POINT('Ctrl Pts',(11.5000000521541,-4.44089209850063E-15,
13.9999999217689));
#10050=CARTESIAN_POINT('Ctrl Pts',(11.0000645579865,2.18316365677208,11.9723287615398));
#10051=CARTESIAN_POINT('Ctrl Pts',(11.2171584448954,1.65822251487109,12.785050920553));
#10052=CARTESIAN_POINT('Ctrl Pts',(11.5038181022428,0.840838403196126,13.408512701274));
#10053=CARTESIAN_POINT('Ctrl Pts',(11.4999857358377,0.00538254742068501,
13.9961763708054));
#10054=CARTESIAN_POINT('Ctrl Pts',(11.5000000521541,0.00269474107785028,
13.9980905813474));
#10055=CARTESIAN_POINT('Ctrl Pts',(11.5000000521541,-4.44089209850063E-15,
13.9999999217689));
#10056=CARTESIAN_POINT('Ctrl Pts',(10.7707559678109,2.30565877912417,12.2668053265235));
#10057=CARTESIAN_POINT('Ctrl Pts',(11.1572049730389,1.7550454283565,13.0342656715668));
#10058=CARTESIAN_POINT('Ctrl Pts',(11.5031089061732,0.883769236537094,13.5265291124398));
#10059=CARTESIAN_POINT('Ctrl Pts',(11.4999857117843,0.00566587126426946,
13.9969444504049));
#10060=CARTESIAN_POINT('Ctrl Pts',(11.5000000521541,0.00283546516307056,
13.9984734576997));
#10061=CARTESIAN_POINT('Ctrl Pts',(11.5000000521541,-4.44089209850063E-15,
13.9999999217689));
#10062=CARTESIAN_POINT('Ctrl Pts',(10.7000000521541,2.4,12.414213484142));
#10063=CARTESIAN_POINT('Ctrl Pts',(11.1466067970092,1.80452434019314,13.1585580589006));
#10064=CARTESIAN_POINT('Ctrl Pts',(11.5026655288791,0.904996566440156,13.5855396601937));
#10065=CARTESIAN_POINT('Ctrl Pts',(11.499986345836,0.00580807035054374,
13.9973284834922));
#10066=CARTESIAN_POINT('Ctrl Pts',(11.5000000521541,0.0029058272056807,
13.9986648958758));
#10067=CARTESIAN_POINT('Ctrl Pts',(11.5000000521541,-4.44089209850063E-15,
13.9999999217689));
#10068=CARTESIAN_POINT('',(11.5000000521541,7.2499999217689,6.75));
#10069=CARTESIAN_POINT('Origin',(7.5016043360175,-11.5048136195619,0.));
#10070=CARTESIAN_POINT('',(2.99999999999999,-5.4999999217689,0.));
#10071=CARTESIAN_POINT('Origin',(1.38777878078145E-15,4.7499999217689,9.25));
#10072=CARTESIAN_POINT('',(11.5000000521541,5.4999999217689,8.5));
#10073=CARTESIAN_POINT('',(11.5000000521541,7.2499999217689,6.75));
#10074=CARTESIAN_POINT('',(1.4796272907175E-15,5.4999999217689,8.5));
#10075=CARTESIAN_POINT('Origin',(-4.25000002607703,4.7499999217689,70.75));
#10076=CARTESIAN_POINT('',(11.5000000521541,5.4999999217689,71.5));
#10077=CARTESIAN_POINT('',(-4.25000002607703,5.4999999217689,71.5));
#10078=CARTESIAN_POINT('',(11.5000000521541,4.7499999217689,70.75));
#10079=CARTESIAN_POINT('Origin',(11.5000000521541,5.4999999217689,70.));
#10080=CARTESIAN_POINT('',(11.5000000521541,5.4999999217689,80.));
#10081=CARTESIAN_POINT('',(11.5000000521541,5.4999999217689,35.));
#10082=CARTESIAN_POINT('',(11.5000000521541,-5.49999992176891,80.));
#10083=CARTESIAN_POINT('',(11.5000000521541,2.74999996088445,80.));
#10084=CARTESIAN_POINT('',(11.5000000521541,-5.49999992176891,35.));
#10085=CARTESIAN_POINT('Origin',(-11.5000000521541,5.4999999217689,80.));
#10086=CARTESIAN_POINT('',(-11.5000000521541,-5.4999999217689,71.5));
#10087=CARTESIAN_POINT('',(-11.5000000521541,-4.49999996088446,70.5000000391155));
#10088=CARTESIAN_POINT('',(-11.5000000521541,-5.4999999217689,80.));
#10089=CARTESIAN_POINT('',(-11.5000000521541,-5.4999999217689,40.));
#10090=CARTESIAN_POINT('',(-11.5000000521541,5.4999999217689,80.));
#10091=CARTESIAN_POINT('',(-11.5000000521541,2.74999996088445,80.));
#10092=CARTESIAN_POINT('',(-11.5000000521541,5.4999999217689,40.));
#10093=CARTESIAN_POINT('Origin',(-7.25000002607703,-4.7499999217689,70.75));
#10094=CARTESIAN_POINT('',(-7.25000002607703,-5.4999999217689,71.5));
#10095=CARTESIAN_POINT('Origin',(-3.,-5.4999999217689,0.));
#10096=CARTESIAN_POINT('',(-3.,-5.4999999217689,0.));
#10097=CARTESIAN_POINT('',(-11.5000000521541,-5.4999999217689,0.));
#10098=CARTESIAN_POINT('',(-11.5000000521541,-5.4999999217689,5.));
#10099=CARTESIAN_POINT('',(11.5000000521541,-5.49999992176891,0.));
#10100=CARTESIAN_POINT('',(-1.5,-5.4999999217689,0.));
#10101=CARTESIAN_POINT('',(11.5000000521541,-5.49999992176891,8.5));
#10102=CARTESIAN_POINT('',(11.5000000521541,-5.49999992176891,0.));
#10103=CARTESIAN_POINT('',(-3.,-5.4999999217689,8.5));
#10104=CARTESIAN_POINT('',(-1.5,-5.4999999217689,80.));
#10105=CARTESIAN_POINT('',(8.76450005215406,-5.4999999217689,4.));
#10106=CARTESIAN_POINT('Origin',(7.50000005215406,-5.4999999217689,4.));
#10107=CARTESIAN_POINT('',(-6.23550005215407,-5.4999999217689,4.));
#10108=CARTESIAN_POINT('Origin',(-7.50000005215407,-5.4999999217689,4.));
#10109=CARTESIAN_POINT('',(8.76450005215406,-5.4999999217689,76.));
#10110=CARTESIAN_POINT('Origin',(7.50000005215406,-5.4999999217689,76.));
#10111=CARTESIAN_POINT('',(-2.5,-5.4999999217689,75.1885));
#10112=CARTESIAN_POINT('Origin',(-2.5,-5.4999999217689,76.));
#10113=CARTESIAN_POINT('',(-6.23550005215407,-5.4999999217689,76.));
#10114=CARTESIAN_POINT('Origin',(-7.50000005215407,-5.4999999217689,76.));
#10115=CARTESIAN_POINT('',(2.5,-5.4999999217689,75.1885));
#10116=CARTESIAN_POINT('Origin',(2.5,-5.4999999217689,76.));
#10117=CARTESIAN_POINT('Origin',(3.,5.4999999217689,0.));
#10118=CARTESIAN_POINT('',(1.5,5.4999999217689,80.));
#10119=CARTESIAN_POINT('',(3.,5.4999999217689,0.));
#10120=CARTESIAN_POINT('',(11.5000000521541,5.4999999217689,0.));
#10121=CARTESIAN_POINT('',(11.5000000521541,5.4999999217689,0.));
#10122=CARTESIAN_POINT('',(-11.5000000521541,5.4999999217689,0.));
#10123=CARTESIAN_POINT('',(1.5,5.4999999217689,0.));
#10124=CARTESIAN_POINT('',(-11.5000000521541,5.49999992176891,8.5));
#10125=CARTESIAN_POINT('',(-11.5000000521541,5.49999992176891,5.));
#10126=CARTESIAN_POINT('',(1.4796272907175E-15,5.4999999217689,8.5));
#10127=CARTESIAN_POINT('',(-2.99999999999999,5.4999999217689,0.));
#10128=CARTESIAN_POINT('',(-6.23550005215407,5.4999999217689,76.));
#10129=CARTESIAN_POINT('Origin',(-7.50000005215406,5.4999999217689,76.));
#10130=CARTESIAN_POINT('',(8.76450005215406,5.4999999217689,76.));
#10131=CARTESIAN_POINT('Origin',(7.50000005215406,5.4999999217689,76.));
#10132=CARTESIAN_POINT('',(-6.23550005215407,5.4999999217689,4.));
#10133=CARTESIAN_POINT('Origin',(-7.50000005215406,5.4999999217689,4.));
#10134=CARTESIAN_POINT('',(1.07381065451089E-15,5.4999999217689,61.2645));
#10135=CARTESIAN_POINT('Origin',(1.22866724226308E-15,5.4999999217689,60.));
#10136=CARTESIAN_POINT('',(1.07381065451089E-15,5.4999999217689,21.2645));
#10137=CARTESIAN_POINT('Origin',(1.22866724226308E-15,5.4999999217689,20.));
#10138=CARTESIAN_POINT('',(8.76450005215406,5.4999999217689,4.));
#10139=CARTESIAN_POINT('Origin',(7.50000005215406,5.4999999217689,4.));
#10140=CARTESIAN_POINT('Origin',(1.38777878078145E-15,4.7499999217689,9.25));
#10141=CARTESIAN_POINT('',(-11.5000000521541,4.74999992176891,9.25));
#10142=CARTESIAN_POINT('Origin',(-11.5000000521541,5.4999999217689,10.));
#10143=CARTESIAN_POINT('',(-11.5000000521541,2.74999996088445,0.));
#10144=CARTESIAN_POINT('Origin',(11.5000000521541,5.4999999217689,0.));
#10145=CARTESIAN_POINT('',(11.5000000521541,-4.49999996088445,9.49999996088445));
#10146=CARTESIAN_POINT('',(11.5000000521541,2.74999996088445,0.));
#10147=CARTESIAN_POINT('Origin',(-3.,-4.7499999217689,9.25));
#10148=CARTESIAN_POINT('Origin',(0.,0.,0.));
#10149=CARTESIAN_POINT('',(10.5000000521541,-1.09816167292338E-15,0.));
#10150=CARTESIAN_POINT('Origin',(7.50000005215406,-3.63373593434967E-16,
0.));
#10151=CARTESIAN_POINT('',(-4.50000005215406,-1.20408175452231E-15,0.));
#10152=CARTESIAN_POINT('Origin',(-7.50000005215407,-4.692936750339E-16,
0.));
#10153=CARTESIAN_POINT('',(-2.5175,6.16609663370692E-16,0.));
#10154=CARTESIAN_POINT('Origin',(1.93867526944931E-27,1.58304849267486E-11,
0.));
#10155=CARTESIAN_POINT('Origin',(0.,0.,80.));
#10156=CARTESIAN_POINT('',(-4.50000005215406,-1.20408175452231E-15,80.));
#10157=CARTESIAN_POINT('Origin',(-7.50000005215407,-4.692936750339E-16,
80.));
#10158=CARTESIAN_POINT('',(10.5000000521541,-1.09816167292338E-15,80.));
#10159=CARTESIAN_POINT('Origin',(7.50000005215406,-3.63373593434967E-16,
80.));
#10160=CARTESIAN_POINT('',(-2.5175,6.16609663370692E-16,80.));
#10161=CARTESIAN_POINT('Origin',(0.,0.,80.));
#10162=CARTESIAN_POINT('Origin',(-7.5016043360175,-11.5048136195619,0.));
#10163=CARTESIAN_POINT('Origin',(7.5016043360175,11.5048136195619,0.));
#10164=CARTESIAN_POINT('Origin',(-2.5,-3.25620072559847,76.));
#10165=CARTESIAN_POINT('',(-2.5,-3.4999999217689,75.1885));
#10166=CARTESIAN_POINT('Origin',(-2.5,-3.4999999217689,76.));
#10167=CARTESIAN_POINT('',(-2.5,-3.01240152942804,76.));
#10168=CARTESIAN_POINT('',(-2.5,-3.25620072559847,75.59425));
#10169=CARTESIAN_POINT('Origin',(-2.5,-4.4999999217689,76.));
#10170=CARTESIAN_POINT('',(-2.5,-4.4999999217689,75.1885));
#10171=CARTESIAN_POINT('Origin',(2.5,-3.25620072559847,76.));
#10172=CARTESIAN_POINT('',(2.5,-3.49999992176891,75.1885));
#10173=CARTESIAN_POINT('Origin',(2.5,-3.4999999217689,76.));
#10174=CARTESIAN_POINT('',(2.5,-3.01240152942804,76.));
#10175=CARTESIAN_POINT('',(2.5,-3.25620072559847,75.59425));
#10176=CARTESIAN_POINT('Origin',(2.5,-4.4999999217689,76.));
#10177=CARTESIAN_POINT('',(2.5,-4.4999999217689,75.1885));
#10178=CARTESIAN_POINT('Origin',(0.,0.,80.));
#10179=CARTESIAN_POINT('',(-2.5175,6.16609663370692E-16,80.));
#10180=CARTESIAN_POINT('Origin',(9.98446609802337E-16,3.62010579538873,
60.));
#10181=CARTESIAN_POINT('',(8.9011363463879E-16,3.9999999217689,61.2645));
#10182=CARTESIAN_POINT('Origin',(1.04497022239097E-15,3.9999999217689,60.));
#10183=CARTESIAN_POINT('',(9.51922997213701E-16,3.24021166900855,60.));
#10184=CARTESIAN_POINT('',(9.21018315926246E-16,3.62010579538873,60.63225));
#10185=CARTESIAN_POINT('Origin',(1.13681873232702E-15,4.7499999217689,60.));
#10186=CARTESIAN_POINT('',(9.81962144574842E-16,4.7499999217689,61.2645));
#10187=CARTESIAN_POINT('Origin',(9.98446609802337E-16,3.62010579538873,
20.));
#10188=CARTESIAN_POINT('',(8.9011363463879E-16,3.9999999217689,21.2645));
#10189=CARTESIAN_POINT('Origin',(1.04497022239097E-15,3.9999999217689,20.));
#10190=CARTESIAN_POINT('',(9.51922997213701E-16,3.24021166900855,20.));
#10191=CARTESIAN_POINT('',(9.21018315926246E-16,3.62010579538873,20.63225));
#10192=CARTESIAN_POINT('Origin',(1.13681873232702E-15,4.7499999217689,20.));
#10193=CARTESIAN_POINT('',(9.81962144574842E-16,4.7499999217689,21.2645));
#10194=CARTESIAN_POINT('Origin',(7.50000005215406,5.4999999217689,4.));
#10195=CARTESIAN_POINT('',(8.76450005215406,2.72048520488533,4.));
#10196=CARTESIAN_POINT('',(8.76450005215407,5.4999999217689,4.));
#10197=CARTESIAN_POINT('Ctrl Pts',(8.76450005215407,2.72048520488533,4.));
#10198=CARTESIAN_POINT('Ctrl Pts',(8.76450005215407,2.72048520488533,3.83891292227054));
#10199=CARTESIAN_POINT('Ctrl Pts',(8.73189289972109,2.73630932121717,3.66871540116151));
#10200=CARTESIAN_POINT('Ctrl Pts',(8.60228465495393,2.79104227156269,3.35791075996642));
#10201=CARTESIAN_POINT('Ctrl Pts',(8.50536367569367,2.82892586745977,3.21709057391883));
#10202=CARTESIAN_POINT('Ctrl Pts',(8.28305084156366,2.89833996446102,2.99477773978882));
#10203=CARTESIAN_POINT('Ctrl Pts',(8.14217822160998,2.93469642548447,2.89775018513431));
#10204=CARTESIAN_POINT('Ctrl Pts',(7.83116492895661,2.98582747990602,2.7680595239296));
#10205=CARTESIAN_POINT('Ctrl Pts',(7.66088239735221,3.,2.7355));
#10206=CARTESIAN_POINT('Ctrl Pts',(7.33911770695592,3.,2.7355));
#10207=CARTESIAN_POINT('Ctrl Pts',(7.16883517535152,2.98582747990602,2.7680595239296));
#10208=CARTESIAN_POINT('Ctrl Pts',(6.85782188269814,2.93469642548447,2.89775018513431));
#10209=CARTESIAN_POINT('Ctrl Pts',(6.71694926274447,2.89833996446102,2.99477773978882));
#10210=CARTESIAN_POINT('Ctrl Pts',(6.49463642861445,2.82892586745977,3.21709057391883));
#10211=CARTESIAN_POINT('Ctrl Pts',(6.39771544935419,2.79104227156269,3.35791075996642));
#10212=CARTESIAN_POINT('Ctrl Pts',(6.26810720458703,2.73630932121717,3.66871540116151));
#10213=CARTESIAN_POINT('Ctrl Pts',(6.23550005215406,2.72048520488533,3.83891292227054));
#10214=CARTESIAN_POINT('Ctrl Pts',(6.23550005215406,2.72048520488533,4.16108707772947));
#10215=CARTESIAN_POINT('Ctrl Pts',(6.26810720458703,2.73630932121717,4.3312845988385));
#10216=CARTESIAN_POINT('Ctrl Pts',(6.39771544935419,2.79104227156269,4.64208924003359));
#10217=CARTESIAN_POINT('Ctrl Pts',(6.49463642861445,2.82892586745977,4.78290942608117));
#10218=CARTESIAN_POINT('Ctrl Pts',(6.71694926274447,2.89833996446102,5.00522226021119));
#10219=CARTESIAN_POINT('Ctrl Pts',(6.85782188269815,2.93469642548447,5.1022498148657));
#10220=CARTESIAN_POINT('Ctrl Pts',(7.16883517535152,2.98582747990602,5.2319404760704));
#10221=CARTESIAN_POINT('Ctrl Pts',(7.33911770695591,3.,5.2645));
#10222=CARTESIAN_POINT('Ctrl Pts',(7.66088239735221,3.,5.2645));
#10223=CARTESIAN_POINT('Ctrl Pts',(7.83116492895661,2.98582747990602,5.2319404760704));
#10224=CARTESIAN_POINT('Ctrl Pts',(8.14217822160998,2.93469642548447,5.1022498148657));
#10225=CARTESIAN_POINT('Ctrl Pts',(8.28305084156366,2.89833996446102,5.00522226021119));
#10226=CARTESIAN_POINT('Ctrl Pts',(8.50536367569367,2.82892586745977,4.78290942608117));
#10227=CARTESIAN_POINT('Ctrl Pts',(8.60228465495393,2.79104227156269,4.64208924003359));
#10228=CARTESIAN_POINT('Ctrl Pts',(8.73189289972109,2.73630932121717,4.3312845988385));
#10229=CARTESIAN_POINT('Ctrl Pts',(8.76450005215407,2.72048520488533,4.16108707772947));
#10230=CARTESIAN_POINT('Ctrl Pts',(8.76450005215407,2.72048520488533,4.));
#10231=CARTESIAN_POINT('Origin',(7.50000005215406,5.4999999217689,4.));
#10232=CARTESIAN_POINT('',(8.76450005215406,-2.72048520488534,4.));
#10233=CARTESIAN_POINT('Ctrl Pts',(8.76450005215406,-2.72048520488534,4.));
#10234=CARTESIAN_POINT('Ctrl Pts',(8.76450005215406,-2.72048520488534,4.16108707772947));
#10235=CARTESIAN_POINT('Ctrl Pts',(8.73189289972109,-2.73630932121717,4.3312845988385));
#10236=CARTESIAN_POINT('Ctrl Pts',(8.60228465495393,-2.79104227156269,4.64208924003359));
#10237=CARTESIAN_POINT('Ctrl Pts',(8.50536367569367,-2.82892586745977,4.78290942608117));
#10238=CARTESIAN_POINT('Ctrl Pts',(8.28305084156366,-2.89833996446103,5.00522226021119));
#10239=CARTESIAN_POINT('Ctrl Pts',(8.14217822160998,-2.93469642548447,5.1022498148657));
#10240=CARTESIAN_POINT('Ctrl Pts',(7.83116492895661,-2.98582747990602,5.2319404760704));
#10241=CARTESIAN_POINT('Ctrl Pts',(7.66088239735221,-3.,5.2645));
#10242=CARTESIAN_POINT('Ctrl Pts',(7.33911770695592,-3.,5.2645));
#10243=CARTESIAN_POINT('Ctrl Pts',(7.16883517535152,-2.98582747990602,5.2319404760704));
#10244=CARTESIAN_POINT('Ctrl Pts',(6.85782188269815,-2.93469642548447,5.1022498148657));
#10245=CARTESIAN_POINT('Ctrl Pts',(6.71694926274447,-2.89833996446103,5.00522226021119));
#10246=CARTESIAN_POINT('Ctrl Pts',(6.49463642861445,-2.82892586745977,4.78290942608117));
#10247=CARTESIAN_POINT('Ctrl Pts',(6.39771544935419,-2.79104227156269,4.64208924003359));
#10248=CARTESIAN_POINT('Ctrl Pts',(6.26810720458703,-2.73630932121717,4.3312845988385));
#10249=CARTESIAN_POINT('Ctrl Pts',(6.23550005215406,-2.72048520488533,4.16108707772947));
#10250=CARTESIAN_POINT('Ctrl Pts',(6.23550005215406,-2.72048520488533,3.83891292227054));
#10251=CARTESIAN_POINT('Ctrl Pts',(6.26810720458703,-2.73630932121717,3.66871540116151));
#10252=CARTESIAN_POINT('Ctrl Pts',(6.39771544935419,-2.79104227156269,3.35791075996642));
#10253=CARTESIAN_POINT('Ctrl Pts',(6.49463642861445,-2.82892586745977,3.21709057391883));
#10254=CARTESIAN_POINT('Ctrl Pts',(6.71694926274447,-2.89833996446103,2.99477773978882));
#10255=CARTESIAN_POINT('Ctrl Pts',(6.85782188269815,-2.93469642548447,2.89775018513431));
#10256=CARTESIAN_POINT('Ctrl Pts',(7.16883517535152,-2.98582747990602,2.7680595239296));
#10257=CARTESIAN_POINT('Ctrl Pts',(7.33911770695591,-3.,2.7355));
#10258=CARTESIAN_POINT('Ctrl Pts',(7.66088239735221,-3.,2.7355));
#10259=CARTESIAN_POINT('Ctrl Pts',(7.83116492895661,-2.98582747990602,2.7680595239296));
#10260=CARTESIAN_POINT('Ctrl Pts',(8.14217822160998,-2.93469642548447,2.89775018513431));
#10261=CARTESIAN_POINT('Ctrl Pts',(8.28305084156366,-2.89833996446103,2.99477773978882));
#10262=CARTESIAN_POINT('Ctrl Pts',(8.50536367569367,-2.82892586745977,3.21709057391883));
#10263=CARTESIAN_POINT('Ctrl Pts',(8.60228465495393,-2.79104227156269,3.35791075996642));
#10264=CARTESIAN_POINT('Ctrl Pts',(8.73189289972109,-2.73630932121717,3.66871540116151));
#10265=CARTESIAN_POINT('Ctrl Pts',(8.76450005215406,-2.72048520488534,3.83891292227054));
#10266=CARTESIAN_POINT('Ctrl Pts',(8.76450005215406,-2.72048520488534,4.));
#10267=CARTESIAN_POINT('',(8.76450005215407,5.4999999217689,4.));
#10268=CARTESIAN_POINT('Origin',(7.50000005215406,5.4999999217689,76.));
#10269=CARTESIAN_POINT('',(8.76450005215406,2.72048520488533,76.));
#10270=CARTESIAN_POINT('',(8.76450005215407,5.4999999217689,76.));
#10271=CARTESIAN_POINT('Ctrl Pts',(8.76450005215407,2.72048520488533,76.));
#10272=CARTESIAN_POINT('Ctrl Pts',(8.76450005215407,2.72048520488533,75.8389129222705));
#10273=CARTESIAN_POINT('Ctrl Pts',(8.73189289972109,2.73630932121717,75.6687154011615));
#10274=CARTESIAN_POINT('Ctrl Pts',(8.60228465495393,2.79104227156269,75.3579107599664));
#10275=CARTESIAN_POINT('Ctrl Pts',(8.50536367569367,2.82892586745977,75.2170905739188));
#10276=CARTESIAN_POINT('Ctrl Pts',(8.28305084156366,2.89833996446102,74.9947777397888));
#10277=CARTESIAN_POINT('Ctrl Pts',(8.14217822160998,2.93469642548447,74.8977501851343));
#10278=CARTESIAN_POINT('Ctrl Pts',(7.8311649289566,2.98582747990602,74.7680595239296));
#10279=CARTESIAN_POINT('Ctrl Pts',(7.66088239735221,3.,74.7355));
#10280=CARTESIAN_POINT('Ctrl Pts',(7.33911770695592,3.,74.7355));
#10281=CARTESIAN_POINT('Ctrl Pts',(7.16883517535153,2.98582747990602,74.7680595239296));
#10282=CARTESIAN_POINT('Ctrl Pts',(6.85782188269815,2.93469642548447,74.8977501851343));
#10283=CARTESIAN_POINT('Ctrl Pts',(6.71694926274447,2.89833996446102,74.9947777397888));
#10284=CARTESIAN_POINT('Ctrl Pts',(6.49463642861445,2.82892586745977,75.2170905739188));
#10285=CARTESIAN_POINT('Ctrl Pts',(6.39771544935419,2.79104227156269,75.3579107599664));
#10286=CARTESIAN_POINT('Ctrl Pts',(6.26810720458703,2.73630932121717,75.6687154011615));
#10287=CARTESIAN_POINT('Ctrl Pts',(6.23550005215406,2.72048520488533,75.8389129222705));
#10288=CARTESIAN_POINT('Ctrl Pts',(6.23550005215406,2.72048520488533,76.1610870777295));
#10289=CARTESIAN_POINT('Ctrl Pts',(6.26810720458703,2.73630932121717,76.3312845988385));
#10290=CARTESIAN_POINT('Ctrl Pts',(6.39771544935419,2.79104227156269,76.6420892400336));
#10291=CARTESIAN_POINT('Ctrl Pts',(6.49463642861445,2.82892586745977,76.7829094260812));
#10292=CARTESIAN_POINT('Ctrl Pts',(6.71694926274447,2.89833996446102,77.0052222602112));
#10293=CARTESIAN_POINT('Ctrl Pts',(6.85782188269815,2.93469642548447,77.1022498148657));
#10294=CARTESIAN_POINT('Ctrl Pts',(7.16883517535153,2.98582747990602,77.2319404760704));
#10295=CARTESIAN_POINT('Ctrl Pts',(7.33911770695592,3.,77.2645));
#10296=CARTESIAN_POINT('Ctrl Pts',(7.66088239735221,3.,77.2645));
#10297=CARTESIAN_POINT('Ctrl Pts',(7.8311649289566,2.98582747990602,77.2319404760704));
#10298=CARTESIAN_POINT('Ctrl Pts',(8.14217822160998,2.93469642548447,77.1022498148657));
#10299=CARTESIAN_POINT('Ctrl Pts',(8.28305084156366,2.89833996446102,77.0052222602112));
#10300=CARTESIAN_POINT('Ctrl Pts',(8.50536367569367,2.82892586745977,76.7829094260812));
#10301=CARTESIAN_POINT('Ctrl Pts',(8.60228465495393,2.79104227156269,76.6420892400336));
#10302=CARTESIAN_POINT('Ctrl Pts',(8.73189289972109,2.73630932121717,76.3312845988385));
#10303=CARTESIAN_POINT('Ctrl Pts',(8.76450005215406,2.72048520488533,76.1610870777295));
#10304=CARTESIAN_POINT('Ctrl Pts',(8.76450005215406,2.72048520488533,76.));
#10305=CARTESIAN_POINT('Origin',(7.50000005215406,5.4999999217689,76.));
#10306=CARTESIAN_POINT('',(8.76450005215406,-2.72048520488534,76.));
#10307=CARTESIAN_POINT('Ctrl Pts',(8.76450005215406,-2.72048520488534,76.));
#10308=CARTESIAN_POINT('Ctrl Pts',(8.76450005215406,-2.72048520488534,76.1610870777295));
#10309=CARTESIAN_POINT('Ctrl Pts',(8.73189289972109,-2.73630932121717,76.3312845988385));
#10310=CARTESIAN_POINT('Ctrl Pts',(8.60228465495393,-2.79104227156269,76.6420892400336));
#10311=CARTESIAN_POINT('Ctrl Pts',(8.50536367569367,-2.82892586745977,76.7829094260812));
#10312=CARTESIAN_POINT('Ctrl Pts',(8.28305084156366,-2.89833996446103,77.0052222602112));
#10313=CARTESIAN_POINT('Ctrl Pts',(8.14217822160998,-2.93469642548447,77.1022498148657));
#10314=CARTESIAN_POINT('Ctrl Pts',(7.8311649289566,-2.98582747990603,77.2319404760704));
#10315=CARTESIAN_POINT('Ctrl Pts',(7.66088239735221,-3.,77.2645));
#10316=CARTESIAN_POINT('Ctrl Pts',(7.33911770695592,-3.,77.2645));
#10317=CARTESIAN_POINT('Ctrl Pts',(7.16883517535153,-2.98582747990603,77.2319404760704));
#10318=CARTESIAN_POINT('Ctrl Pts',(6.85782188269815,-2.93469642548447,77.1022498148657));
#10319=CARTESIAN_POINT('Ctrl Pts',(6.71694926274447,-2.89833996446103,77.0052222602112));
#10320=CARTESIAN_POINT('Ctrl Pts',(6.49463642861445,-2.82892586745977,76.7829094260812));
#10321=CARTESIAN_POINT('Ctrl Pts',(6.39771544935419,-2.79104227156269,76.6420892400336));
#10322=CARTESIAN_POINT('Ctrl Pts',(6.26810720458703,-2.73630932121717,76.3312845988385));
#10323=CARTESIAN_POINT('Ctrl Pts',(6.23550005215406,-2.72048520488533,76.1610870777295));
#10324=CARTESIAN_POINT('Ctrl Pts',(6.23550005215406,-2.72048520488533,75.8389129222705));
#10325=CARTESIAN_POINT('Ctrl Pts',(6.26810720458703,-2.73630932121717,75.6687154011615));
#10326=CARTESIAN_POINT('Ctrl Pts',(6.39771544935419,-2.79104227156269,75.3579107599664));
#10327=CARTESIAN_POINT('Ctrl Pts',(6.49463642861445,-2.82892586745977,75.2170905739188));
#10328=CARTESIAN_POINT('Ctrl Pts',(6.71694926274447,-2.89833996446103,74.9947777397888));
#10329=CARTESIAN_POINT('Ctrl Pts',(6.85782188269815,-2.93469642548447,74.8977501851343));
#10330=CARTESIAN_POINT('Ctrl Pts',(7.16883517535153,-2.98582747990603,74.7680595239296));
#10331=CARTESIAN_POINT('Ctrl Pts',(7.33911770695592,-3.,74.7355));
#10332=CARTESIAN_POINT('Ctrl Pts',(7.66088239735221,-3.,74.7355));
#10333=CARTESIAN_POINT('Ctrl Pts',(7.8311649289566,-2.98582747990603,74.7680595239296));
#10334=CARTESIAN_POINT('Ctrl Pts',(8.14217822160998,-2.93469642548447,74.8977501851343));
#10335=CARTESIAN_POINT('Ctrl Pts',(8.28305084156366,-2.89833996446103,74.9947777397888));
#10336=CARTESIAN_POINT('Ctrl Pts',(8.50536367569367,-2.82892586745977,75.2170905739188));
#10337=CARTESIAN_POINT('Ctrl Pts',(8.60228465495393,-2.79104227156269,75.3579107599664));
#10338=CARTESIAN_POINT('Ctrl Pts',(8.73189289972109,-2.73630932121717,75.6687154011615));
#10339=CARTESIAN_POINT('Ctrl Pts',(8.76450005215406,-2.72048520488534,75.8389129222705));
#10340=CARTESIAN_POINT('Ctrl Pts',(8.76450005215406,-2.72048520488534,76.));
#10341=CARTESIAN_POINT('',(8.76450005215407,5.4999999217689,76.));
#10342=CARTESIAN_POINT('Origin',(-7.50000005215406,5.4999999217689,4.));
#10343=CARTESIAN_POINT('',(-6.23550005215407,2.72048520488534,4.));
#10344=CARTESIAN_POINT('',(-6.23550005215406,5.4999999217689,4.));
#10345=CARTESIAN_POINT('Ctrl Pts',(-6.23550005215406,2.72048520488534,4.));
#10346=CARTESIAN_POINT('Ctrl Pts',(-6.23550005215406,2.72048520488534,3.83891292227054));
#10347=CARTESIAN_POINT('Ctrl Pts',(-6.26810720458704,2.73630932121717,3.66871540116151));
#10348=CARTESIAN_POINT('Ctrl Pts',(-6.39771544935419,2.79104227156269,3.35791075996642));
#10349=CARTESIAN_POINT('Ctrl Pts',(-6.49463642861446,2.82892586745977,3.21709057391883));
#10350=CARTESIAN_POINT('Ctrl Pts',(-6.71694926274447,2.89833996446103,2.99477773978882));
#10351=CARTESIAN_POINT('Ctrl Pts',(-6.85782188269815,2.93469642548447,2.89775018513431));
#10352=CARTESIAN_POINT('Ctrl Pts',(-7.16883517535152,2.98582747990603,2.7680595239296));
#10353=CARTESIAN_POINT('Ctrl Pts',(-7.33911770695592,3.,2.7355));
#10354=CARTESIAN_POINT('Ctrl Pts',(-7.66088239735221,3.,2.7355));
#10355=CARTESIAN_POINT('Ctrl Pts',(-7.83116492895661,2.98582747990603,2.7680595239296));
#10356=CARTESIAN_POINT('Ctrl Pts',(-8.14217822160998,2.93469642548447,2.89775018513431));
#10357=CARTESIAN_POINT('Ctrl Pts',(-8.28305084156366,2.89833996446103,2.99477773978882));
#10358=CARTESIAN_POINT('Ctrl Pts',(-8.50536367569367,2.82892586745977,3.21709057391883));
#10359=CARTESIAN_POINT('Ctrl Pts',(-8.60228465495394,2.79104227156269,3.35791075996642));
#10360=CARTESIAN_POINT('Ctrl Pts',(-8.7318928997211,2.73630932121717,3.66871540116151));
#10361=CARTESIAN_POINT('Ctrl Pts',(-8.76450005215407,2.72048520488534,3.83891292227054));
#10362=CARTESIAN_POINT('Ctrl Pts',(-8.76450005215407,2.72048520488534,4.16108707772947));
#10363=CARTESIAN_POINT('Ctrl Pts',(-8.7318928997211,2.73630932121717,4.3312845988385));
#10364=CARTESIAN_POINT('Ctrl Pts',(-8.60228465495394,2.79104227156269,4.64208924003359));
#10365=CARTESIAN_POINT('Ctrl Pts',(-8.50536367569368,2.82892586745977,4.78290942608117));
#10366=CARTESIAN_POINT('Ctrl Pts',(-8.28305084156366,2.89833996446103,5.00522226021119));
#10367=CARTESIAN_POINT('Ctrl Pts',(-8.14217822160998,2.93469642548447,5.1022498148657));
#10368=CARTESIAN_POINT('Ctrl Pts',(-7.83116492895661,2.98582747990603,5.2319404760704));
#10369=CARTESIAN_POINT('Ctrl Pts',(-7.66088239735221,3.,5.2645));
#10370=CARTESIAN_POINT('Ctrl Pts',(-7.33911770695592,3.,5.2645));
#10371=CARTESIAN_POINT('Ctrl Pts',(-7.16883517535152,2.98582747990603,5.2319404760704));
#10372=CARTESIAN_POINT('Ctrl Pts',(-6.85782188269815,2.93469642548447,5.1022498148657));
#10373=CARTESIAN_POINT('Ctrl Pts',(-6.71694926274447,2.89833996446103,5.00522226021119));
#10374=CARTESIAN_POINT('Ctrl Pts',(-6.49463642861446,2.82892586745977,4.78290942608117));
#10375=CARTESIAN_POINT('Ctrl Pts',(-6.39771544935419,2.79104227156269,4.64208924003359));
#10376=CARTESIAN_POINT('Ctrl Pts',(-6.26810720458703,2.73630932121717,4.3312845988385));
#10377=CARTESIAN_POINT('Ctrl Pts',(-6.23550005215407,2.72048520488534,4.16108707772947));
#10378=CARTESIAN_POINT('Ctrl Pts',(-6.23550005215407,2.72048520488534,4.));
#10379=CARTESIAN_POINT('Origin',(-7.50000005215406,5.4999999217689,4.));
#10380=CARTESIAN_POINT('',(-6.23550005215407,-2.72048520488534,4.));
#10381=CARTESIAN_POINT('Ctrl Pts',(-6.23550005215407,-2.72048520488534,
4.));
#10382=CARTESIAN_POINT('Ctrl Pts',(-6.23550005215407,-2.72048520488534,
4.16108707772947));
#10383=CARTESIAN_POINT('Ctrl Pts',(-6.26810720458704,-2.73630932121717,
4.3312845988385));
#10384=CARTESIAN_POINT('Ctrl Pts',(-6.39771544935419,-2.79104227156269,
4.64208924003359));
#10385=CARTESIAN_POINT('Ctrl Pts',(-6.49463642861446,-2.82892586745977,
4.78290942608117));
#10386=CARTESIAN_POINT('Ctrl Pts',(-6.71694926274447,-2.89833996446103,
5.00522226021119));
#10387=CARTESIAN_POINT('Ctrl Pts',(-6.85782188269815,-2.93469642548447,
5.1022498148657));
#10388=CARTESIAN_POINT('Ctrl Pts',(-7.16883517535152,-2.98582747990602,
5.2319404760704));
#10389=CARTESIAN_POINT('Ctrl Pts',(-7.33911770695592,-3.,5.2645));
#10390=CARTESIAN_POINT('Ctrl Pts',(-7.66088239735221,-3.,5.2645));
#10391=CARTESIAN_POINT('Ctrl Pts',(-7.83116492895661,-2.98582747990602,
5.2319404760704));
#10392=CARTESIAN_POINT('Ctrl Pts',(-8.14217822160998,-2.93469642548447,
5.1022498148657));
#10393=CARTESIAN_POINT('Ctrl Pts',(-8.28305084156366,-2.89833996446102,
5.00522226021119));
#10394=CARTESIAN_POINT('Ctrl Pts',(-8.50536367569368,-2.82892586745977,
4.78290942608117));
#10395=CARTESIAN_POINT('Ctrl Pts',(-8.60228465495394,-2.79104227156269,
4.64208924003359));
#10396=CARTESIAN_POINT('Ctrl Pts',(-8.7318928997211,-2.73630932121717,4.3312845988385));
#10397=CARTESIAN_POINT('Ctrl Pts',(-8.76450005215407,-2.72048520488533,
4.16108707772947));
#10398=CARTESIAN_POINT('Ctrl Pts',(-8.76450005215407,-2.72048520488533,
3.83891292227054));
#10399=CARTESIAN_POINT('Ctrl Pts',(-8.7318928997211,-2.73630932121717,3.66871540116151));
#10400=CARTESIAN_POINT('Ctrl Pts',(-8.60228465495394,-2.79104227156269,
3.35791075996642));
#10401=CARTESIAN_POINT('Ctrl Pts',(-8.50536367569367,-2.82892586745977,
3.21709057391883));
#10402=CARTESIAN_POINT('Ctrl Pts',(-8.28305084156366,-2.89833996446103,
2.99477773978882));
#10403=CARTESIAN_POINT('Ctrl Pts',(-8.14217822160998,-2.93469642548447,
2.89775018513431));
#10404=CARTESIAN_POINT('Ctrl Pts',(-7.83116492895661,-2.98582747990602,
2.7680595239296));
#10405=CARTESIAN_POINT('Ctrl Pts',(-7.66088239735221,-3.,2.7355));
#10406=CARTESIAN_POINT('Ctrl Pts',(-7.33911770695592,-3.,2.7355));
#10407=CARTESIAN_POINT('Ctrl Pts',(-7.16883517535152,-2.98582747990602,
2.7680595239296));
#10408=CARTESIAN_POINT('Ctrl Pts',(-6.85782188269815,-2.93469642548447,
2.89775018513431));
#10409=CARTESIAN_POINT('Ctrl Pts',(-6.71694926274447,-2.89833996446103,
2.99477773978882));
#10410=CARTESIAN_POINT('Ctrl Pts',(-6.49463642861446,-2.82892586745977,
3.21709057391883));
#10411=CARTESIAN_POINT('Ctrl Pts',(-6.39771544935419,-2.79104227156269,
3.35791075996642));
#10412=CARTESIAN_POINT('Ctrl Pts',(-6.26810720458704,-2.73630932121717,
3.66871540116151));
#10413=CARTESIAN_POINT('Ctrl Pts',(-6.23550005215407,-2.72048520488534,
3.83891292227054));
#10414=CARTESIAN_POINT('Ctrl Pts',(-6.23550005215407,-2.72048520488534,
4.));
#10415=CARTESIAN_POINT('',(-6.23550005215406,5.4999999217689,4.));
#10416=CARTESIAN_POINT('Origin',(-7.50000005215406,5.4999999217689,76.));
#10417=CARTESIAN_POINT('',(-6.23550005215407,2.72048520488534,76.));
#10418=CARTESIAN_POINT('',(-6.23550005215406,5.4999999217689,76.));
#10419=CARTESIAN_POINT('Ctrl Pts',(-6.23550005215407,2.72048520488534,76.));
#10420=CARTESIAN_POINT('Ctrl Pts',(-6.23550005215407,2.72048520488534,75.8389129222705));
#10421=CARTESIAN_POINT('Ctrl Pts',(-6.26810720458703,2.73630932121717,75.6687154011615));
#10422=CARTESIAN_POINT('Ctrl Pts',(-6.39771544935419,2.79104227156269,75.3579107599664));
#10423=CARTESIAN_POINT('Ctrl Pts',(-6.49463642861446,2.82892586745977,75.2170905739188));
#10424=CARTESIAN_POINT('Ctrl Pts',(-6.71694926274447,2.89833996446103,74.9947777397888));
#10425=CARTESIAN_POINT('Ctrl Pts',(-6.85782188269815,2.93469642548447,74.8977501851343));
#10426=CARTESIAN_POINT('Ctrl Pts',(-7.16883517535153,2.98582747990603,74.7680595239296));
#10427=CARTESIAN_POINT('Ctrl Pts',(-7.33911770695592,3.,74.7355));
#10428=CARTESIAN_POINT('Ctrl Pts',(-7.66088239735221,3.,74.7355));
#10429=CARTESIAN_POINT('Ctrl Pts',(-7.83116492895661,2.98582747990603,74.7680595239296));
#10430=CARTESIAN_POINT('Ctrl Pts',(-8.14217822160998,2.93469642548447,74.8977501851343));
#10431=CARTESIAN_POINT('Ctrl Pts',(-8.28305084156366,2.89833996446103,74.9947777397888));
#10432=CARTESIAN_POINT('Ctrl Pts',(-8.50536367569367,2.82892586745977,75.2170905739188));
#10433=CARTESIAN_POINT('Ctrl Pts',(-8.60228465495393,2.79104227156269,75.3579107599664));
#10434=CARTESIAN_POINT('Ctrl Pts',(-8.73189289972109,2.73630932121717,75.6687154011615));
#10435=CARTESIAN_POINT('Ctrl Pts',(-8.76450005215407,2.72048520488534,75.8389129222705));
#10436=CARTESIAN_POINT('Ctrl Pts',(-8.76450005215407,2.72048520488534,76.1610870777295));
#10437=CARTESIAN_POINT('Ctrl Pts',(-8.73189289972109,2.73630932121717,76.3312845988385));
#10438=CARTESIAN_POINT('Ctrl Pts',(-8.60228465495394,2.79104227156269,76.6420892400336));
#10439=CARTESIAN_POINT('Ctrl Pts',(-8.50536367569368,2.82892586745977,76.7829094260812));
#10440=CARTESIAN_POINT('Ctrl Pts',(-8.28305084156366,2.89833996446103,77.0052222602112));
#10441=CARTESIAN_POINT('Ctrl Pts',(-8.14217822160998,2.93469642548447,77.1022498148657));
#10442=CARTESIAN_POINT('Ctrl Pts',(-7.8311649289566,2.98582747990603,77.2319404760704));
#10443=CARTESIAN_POINT('Ctrl Pts',(-7.66088239735221,3.,77.2645));
#10444=CARTESIAN_POINT('Ctrl Pts',(-7.33911770695592,3.,77.2645));
#10445=CARTESIAN_POINT('Ctrl Pts',(-7.16883517535153,2.98582747990603,77.2319404760704));
#10446=CARTESIAN_POINT('Ctrl Pts',(-6.85782188269815,2.93469642548447,77.1022498148657));
#10447=CARTESIAN_POINT('Ctrl Pts',(-6.71694926274447,2.89833996446103,77.0052222602112));
#10448=CARTESIAN_POINT('Ctrl Pts',(-6.49463642861446,2.82892586745977,76.7829094260812));
#10449=CARTESIAN_POINT('Ctrl Pts',(-6.3977154493542,2.79104227156269,76.6420892400336));
#10450=CARTESIAN_POINT('Ctrl Pts',(-6.26810720458704,2.73630932121717,76.3312845988385));
#10451=CARTESIAN_POINT('Ctrl Pts',(-6.23550005215407,2.72048520488534,76.1610870777295));
#10452=CARTESIAN_POINT('Ctrl Pts',(-6.23550005215407,2.72048520488534,76.));
#10453=CARTESIAN_POINT('Origin',(-7.50000005215406,5.4999999217689,76.));
#10454=CARTESIAN_POINT('',(-6.23550005215407,-2.72048520488534,76.));
#10455=CARTESIAN_POINT('Ctrl Pts',(-6.23550005215407,-2.72048520488534,
76.));
#10456=CARTESIAN_POINT('Ctrl Pts',(-6.23550005215407,-2.72048520488534,
76.1610870777295));
#10457=CARTESIAN_POINT('Ctrl Pts',(-6.26810720458704,-2.73630932121717,
76.3312845988385));
#10458=CARTESIAN_POINT('Ctrl Pts',(-6.3977154493542,-2.79104227156269,76.6420892400336));
#10459=CARTESIAN_POINT('Ctrl Pts',(-6.49463642861446,-2.82892586745977,
76.7829094260812));
#10460=CARTESIAN_POINT('Ctrl Pts',(-6.71694926274447,-2.89833996446103,
77.0052222602112));
#10461=CARTESIAN_POINT('Ctrl Pts',(-6.85782188269815,-2.93469642548447,
77.1022498148657));
#10462=CARTESIAN_POINT('Ctrl Pts',(-7.16883517535153,-2.98582747990602,
77.2319404760704));
#10463=CARTESIAN_POINT('Ctrl Pts',(-7.33911770695592,-3.,77.2645));
#10464=CARTESIAN_POINT('Ctrl Pts',(-7.66088239735221,-3.,77.2645));
#10465=CARTESIAN_POINT('Ctrl Pts',(-7.8311649289566,-2.98582747990602,77.2319404760704));
#10466=CARTESIAN_POINT('Ctrl Pts',(-8.14217822160998,-2.93469642548447,
77.1022498148657));
#10467=CARTESIAN_POINT('Ctrl Pts',(-8.28305084156366,-2.89833996446103,
77.0052222602112));
#10468=CARTESIAN_POINT('Ctrl Pts',(-8.50536367569368,-2.82892586745977,
76.7829094260812));
#10469=CARTESIAN_POINT('Ctrl Pts',(-8.60228465495394,-2.79104227156269,
76.6420892400336));
#10470=CARTESIAN_POINT('Ctrl Pts',(-8.7318928997211,-2.73630932121717,76.3312845988385));
#10471=CARTESIAN_POINT('Ctrl Pts',(-8.76450005215407,-2.72048520488533,
76.1610870777295));
#10472=CARTESIAN_POINT('Ctrl Pts',(-8.76450005215407,-2.72048520488533,
75.8389129222705));
#10473=CARTESIAN_POINT('Ctrl Pts',(-8.73189289972109,-2.73630932121717,
75.6687154011615));
#10474=CARTESIAN_POINT('Ctrl Pts',(-8.60228465495393,-2.79104227156269,
75.3579107599664));
#10475=CARTESIAN_POINT('Ctrl Pts',(-8.50536367569367,-2.82892586745977,
75.2170905739188));
#10476=CARTESIAN_POINT('Ctrl Pts',(-8.28305084156366,-2.89833996446102,
74.9947777397888));
#10477=CARTESIAN_POINT('Ctrl Pts',(-8.14217822160998,-2.93469642548447,
74.8977501851343));
#10478=CARTESIAN_POINT('Ctrl Pts',(-7.83116492895661,-2.98582747990602,
74.7680595239296));
#10479=CARTESIAN_POINT('Ctrl Pts',(-7.66088239735221,-3.,74.7355));
#10480=CARTESIAN_POINT('Ctrl Pts',(-7.33911770695592,-3.,74.7355));
#10481=CARTESIAN_POINT('Ctrl Pts',(-7.16883517535153,-2.98582747990602,
74.7680595239296));
#10482=CARTESIAN_POINT('Ctrl Pts',(-6.85782188269815,-2.93469642548447,
74.8977501851343));
#10483=CARTESIAN_POINT('Ctrl Pts',(-6.71694926274447,-2.89833996446103,
74.9947777397888));
#10484=CARTESIAN_POINT('Ctrl Pts',(-6.49463642861446,-2.82892586745977,
75.2170905739188));
#10485=CARTESIAN_POINT('Ctrl Pts',(-6.39771544935419,-2.79104227156269,
75.3579107599664));
#10486=CARTESIAN_POINT('Ctrl Pts',(-6.26810720458703,-2.73630932121717,
75.6687154011615));
#10487=CARTESIAN_POINT('Ctrl Pts',(-6.23550005215407,-2.72048520488533,
75.8389129222705));
#10488=CARTESIAN_POINT('Ctrl Pts',(-6.23550005215407,-2.72048520488533,
76.));
#10489=CARTESIAN_POINT('',(-6.23550005215406,5.4999999217689,76.));
#10490=CARTESIAN_POINT('Origin',(-7.5016043360175,11.5048136195619,0.));
#10491=CARTESIAN_POINT('Origin',(7.50000005215406,-9.18485105747546E-16,
0.));
#10492=CARTESIAN_POINT('',(10.5000000521541,-9.18485105747546E-16,0.));
#10493=CARTESIAN_POINT('Origin',(-7.50000005215406,9.18485105747546E-16,
0.));
#10494=CARTESIAN_POINT('',(-4.50000005215406,9.18485105747546E-16,0.));
#10495=CARTESIAN_POINT('',(0.,0.,0.));
#10496=CARTESIAN_POINT('Origin',(0.,0.,-0.219537439859358));
#10497=CARTESIAN_POINT('',(1.27650002502291,-1.56326166975582E-16,-4.47034810210911E-8));
#10498=CARTESIAN_POINT('Origin',(0.,0.,-4.47034811251745E-8));
#10499=CARTESIAN_POINT('',(1.4635,-1.79227059055215E-16,-0.323893502377914));
#10500=CARTESIAN_POINT('',(1.40324999921334,-1.71848561994015E-16,-0.219537439859358));
#10501=CARTESIAN_POINT('Origin',(-8.06807659984383E-17,0.,-0.323893502377914));
#10502=CARTESIAN_POINT('Origin',(0.,0.,-2.66658023071887));
#10503=CARTESIAN_POINT('',(1.4635,1.79227059055215E-16,-2.37155424316297));
#10504=CARTESIAN_POINT('Origin',(4.607680055556E-16,0.,-2.37155424316297));
#10505=CARTESIAN_POINT('',(0.375,-4.59242549680257E-17,-3.00000001117587));
#10506=CARTESIAN_POINT('',(0.952499999999991,-1.16647607618784E-16,-2.66658023071887));
#10507=CARTESIAN_POINT('Origin',(0.,0.,-3.00000001117587));
#10508=CARTESIAN_POINT('Origin',(-0.866025403781514,-1.66533453693773E-15,
-1.20000004470559));
#10509=CARTESIAN_POINT('',(-0.866025403781514,-1.66533453693773E-15,-1.20000004470559));
#10510=CARTESIAN_POINT('',(3.97515353967037E-12,-3.25572901971326E-15,-1.6330127465957));
#10511=CARTESIAN_POINT('',(-0.692820323024414,-2.0122792321331E-15,-1.28660258508362));
#10512=CARTESIAN_POINT('',(-0.433012701889298,-0.750000000000002,-1.20000004470454));
#10513=CARTESIAN_POINT('',(-0.866025403781514,-1.71737624121704E-15,-1.20000004470559));
#10514=CARTESIAN_POINT('',(-0.346410161510642,-0.600000000000002,-1.28660258508277));
#10515=CARTESIAN_POINT('Origin',(-0.433012701889298,-0.750000000000002,
-1.20000004470454));
#10516=CARTESIAN_POINT('',(0.433012701895145,-0.750000000000004,-1.20000004470242));
#10517=CARTESIAN_POINT('',(-0.433012701889298,-0.750000000000002,-1.20000004470454));
#10518=CARTESIAN_POINT('',(0.346410161516911,-0.600000000000003,-1.28660258508108));
#10519=CARTESIAN_POINT('Origin',(0.433012701895145,-0.750000000000004,-1.20000004470242));
#10520=CARTESIAN_POINT('',(0.866025403787368,9.29811783123569E-15,-1.20000004470137));
#10521=CARTESIAN_POINT('',(0.433012701895145,-0.750000000000004,-1.20000004470242));
#10522=CARTESIAN_POINT('',(0.69282032303069,8.67361737988404E-15,-1.28660258508024));
#10523=CARTESIAN_POINT('Origin',(0.866025403787368,9.29811783123569E-15,
-1.20000004470137));
#10524=CARTESIAN_POINT('',(0.433012701895153,0.750000000000002,-1.20000004470242));
#10525=CARTESIAN_POINT('',(0.866025403787369,9.29811783123568E-15,-1.20000004470137));
#10526=CARTESIAN_POINT('',(0.346410161516921,0.600000000000004,-1.28660258508108));
#10527=CARTESIAN_POINT('Origin',(0.433012701895153,0.750000000000002,-1.20000004470242));
#10528=CARTESIAN_POINT('',(-0.43301270188929,0.750000000000005,-1.20000004470454));
#10529=CARTESIAN_POINT('',(0.433012701895153,0.750000000000002,-1.20000004470242));
#10530=CARTESIAN_POINT('',(-0.346410161510634,0.600000000000004,-1.28660258508277));
#10531=CARTESIAN_POINT('Origin',(-0.43301270188929,0.750000000000005,-1.20000004470454));
#10532=CARTESIAN_POINT('',(-0.43301270188929,0.750000000000005,-1.20000004470454));
#10533=CARTESIAN_POINT('Origin',(-0.433012701892225,-0.750000000000002,
-4.47045369157954E-8));
#10534=CARTESIAN_POINT('',(-0.433012701892225,-0.750000000000002,-4.47045369157954E-8));
#10535=CARTESIAN_POINT('',(-0.866025403784441,-1.66533453693773E-15,-4.47055931030509E-8));
#10536=CARTESIAN_POINT('',(-0.728765877365277,-0.237740473580838,-4.47034809212424E-8));
#10537=CARTESIAN_POINT('',(-0.433012701892225,-0.750000000000002,-4.47045369157954E-8));
#10538=CARTESIAN_POINT('',(-0.866025403784441,-1.66533453693773E-15,-4.47055931030509E-8));
#10539=CARTESIAN_POINT('Origin',(0.433012701892218,-0.750000000000004,-4.47024245412844E-8));
#10540=CARTESIAN_POINT('',(0.433012701892218,-0.750000000000004,-4.47024245412844E-8));
#10541=CARTESIAN_POINT('',(-0.533493649053892,-0.750000000000002,-4.47034808696079E-8));
#10542=CARTESIAN_POINT('',(0.433012701892218,-0.750000000000004,-4.47024245412844E-8));
#10543=CARTESIAN_POINT('Origin',(0.866025403784442,9.15933995315754E-15,
-4.47013683540289E-8));
#10544=CARTESIAN_POINT('',(0.866025403784442,9.29811783123568E-15,-4.47013683540289E-8));
#10545=CARTESIAN_POINT('',(0.570272228311388,-0.512259526419158,-4.47034805777467E-8));
#10546=CARTESIAN_POINT('',(0.866025403784442,9.29811783123568E-15,-4.47013683540289E-8));
#10547=CARTESIAN_POINT('Origin',(0.433012701892226,0.750000000000002,-4.47024245412844E-8));
#10548=CARTESIAN_POINT('',(0.433012701892226,0.750000000000002,-4.47024245412844E-8));
#10549=CARTESIAN_POINT('',(0.353765877365279,0.887259526419168,-4.4703480634996E-8));
#10550=CARTESIAN_POINT('',(0.433012701892226,0.750000000000002,-4.47024245412844E-8));
#10551=CARTESIAN_POINT('Origin',(-0.433012701892217,0.750000000000005,-4.47045369157954E-8));
#10552=CARTESIAN_POINT('',(-0.433012701892217,0.750000000000005,-4.47045369157954E-8));
#10553=CARTESIAN_POINT('',(-0.966506350946107,0.750000000000008,-4.47034809841065E-8));
#10554=CARTESIAN_POINT('',(-0.433012701892217,0.750000000000005,-4.47045369157954E-8));
#10555=CARTESIAN_POINT('Origin',(-0.866025403784441,-1.66533453693773E-15,
-4.47055931030509E-8));
#10556=CARTESIAN_POINT('',(-0.945272228311386,-0.137259526419165,-4.47034809784917E-8));
#10557=CARTESIAN_POINT('Origin',(-1.5,0.,-4.47034811251745E-8));
#10558=CARTESIAN_POINT('Origin',(2.30308950607624E-16,0.,-1.50000002793967));
#10559=CARTESIAN_POINT('',(1.4635,-1.79227059055215E-16,-1.50000002793967));
#10560=CARTESIAN_POINT('Origin',(6.26943574731411E-16,0.,-3.00000001117587));
#10561=CARTESIAN_POINT('',(0.,0.,0.));
#10562=CARTESIAN_POINT('Origin',(0.,0.,-4.9));
#10563=CARTESIAN_POINT('',(0.966750000000009,1.1839272930757E-16,-4.85324999999939));
#10564=CARTESIAN_POINT('Origin',(8.59429109598975E-15,0.,-4.8532499999994));
#10565=CARTESIAN_POINT('',(0.819999999999244,-1.0042103752999E-16,-5.));
#10566=CARTESIAN_POINT('',(0.919999999999346,-1.12667505521476E-16,-4.9));
#10567=CARTESIAN_POINT('Origin',(0.,0.,-5.));
#10568=CARTESIAN_POINT('Origin',(-1.66986003564267E-14,0.,1.79999999999975));
#10569=CARTESIAN_POINT('',(1.89999999999997,-2.32682891837996E-16,1.79999999999976));
#10570=CARTESIAN_POINT('Origin',(-1.66986003564267E-14,0.,1.79999999999975));
#10571=CARTESIAN_POINT('',(1.69999999999997,-2.08189955855049E-16,1.99999999999976));
#10572=CARTESIAN_POINT('Origin',(1.69999999999997,-2.08189955855049E-16,
1.79999999999976));
#10573=CARTESIAN_POINT('Origin',(-1.74589172377229E-14,0.,1.99999999999975));
#10574=CARTESIAN_POINT('Origin',(-1.90000000000001,0.,1.99999999999975));
#10575=CARTESIAN_POINT('',(-0.75,-0.433012701892219,2.));
#10576=CARTESIAN_POINT('',(-0.75,0.433012701892219,2.));
#10577=CARTESIAN_POINT('',(-0.75,-0.21650635094611,1.99999999999975));
#10578=CARTESIAN_POINT('',(6.38342470714711E-16,0.866025403784439,2.));
#10579=CARTESIAN_POINT('',(-1.275,0.129903810567665,1.99999999999975));
#10580=CARTESIAN_POINT('',(0.75,0.433012701892219,2.));
#10581=CARTESIAN_POINT('',(-0.525000000000001,1.16913429510899,1.99999999999975));
#10582=CARTESIAN_POINT('',(0.75,-0.433012701892219,2.));
#10583=CARTESIAN_POINT('',(0.75,0.216506350946109,1.99999999999976));
#10584=CARTESIAN_POINT('',(-2.03830008427275E-16,-0.866025403784438,2.));
#10585=CARTESIAN_POINT('',(-0.150000000000003,-0.952627944162884,1.99999999999975));
#10586=CARTESIAN_POINT('',(-0.900000000000002,-0.346410161513774,1.99999999999975));
#10587=CARTESIAN_POINT('Origin',(-1.36573328312414E-14,0.,0.999999999999618));
#10588=CARTESIAN_POINT('',(1.89999999999998,-2.32682891837996E-16,-5.10008701937181E-13));
#10589=CARTESIAN_POINT('Origin',(-9.85574842475985E-15,0.,-5.17445867964325E-13));
#10590=CARTESIAN_POINT('',(1.89999999999998,-2.32682891837996E-16,0.999999999999626));
#10591=CARTESIAN_POINT('Origin',(-0.75,0.433012701892219,1.));
#10592=CARTESIAN_POINT('',(-0.75,0.433012701892219,1.));
#10593=CARTESIAN_POINT('',(-1.17961196366423E-15,6.24500451351651E-16,0.934383502355557));
#10594=CARTESIAN_POINT('',(-0.563570237279966,0.32537742820085,0.983689509218169));
#10595=CARTESIAN_POINT('',(-0.75,-0.433012701892219,1.));
#10596=CARTESIAN_POINT('',(-0.75,0.433012701892219,1.));
#10597=CARTESIAN_POINT('',(-0.563570237279966,-0.32537742820085,0.983689509218169));
#10598=CARTESIAN_POINT('Origin',(-0.75,-0.433012701892219,1.));
#10599=CARTESIAN_POINT('',(-2.03830008427275E-16,-0.866025403784439,1.));
#10600=CARTESIAN_POINT('',(-0.75,-0.433012701892219,1.));
#10601=CARTESIAN_POINT('',(2.08166817117217E-16,-0.650754856401699,0.983689509218169));
#10602=CARTESIAN_POINT('Origin',(-2.03830008427275E-16,-0.866025403784439,
1.));
#10603=CARTESIAN_POINT('',(0.75,-0.433012701892219,1.));
#10604=CARTESIAN_POINT('',(-2.03830008427275E-16,-0.866025403784438,1.));
#10605=CARTESIAN_POINT('',(0.563570237279966,-0.325377428200849,0.983689509218169));
#10606=CARTESIAN_POINT('Origin',(0.75,-0.433012701892219,1.));
#10607=CARTESIAN_POINT('',(0.75,0.433012701892219,1.));
#10608=CARTESIAN_POINT('',(0.75,-0.433012701892219,1.));
#10609=CARTESIAN_POINT('',(0.563570237279966,0.32537742820085,0.983689509218169));
#10610=CARTESIAN_POINT('Origin',(0.75,0.433012701892219,1.));
#10611=CARTESIAN_POINT('',(6.38342470714711E-16,0.866025403784439,1.));
#10612=CARTESIAN_POINT('',(0.75,0.433012701892219,1.));
#10613=CARTESIAN_POINT('',(2.08166817117217E-16,0.650754856401699,0.983689509218169));
#10614=CARTESIAN_POINT('Origin',(6.38342470714711E-16,0.866025403784439,
1.));
#10615=CARTESIAN_POINT('',(6.38342470714711E-16,0.866025403784439,1.));
#10616=CARTESIAN_POINT('Origin',(-0.75,-0.433012701892219,2.));
#10617=CARTESIAN_POINT('',(-0.75,-0.433012701892219,2.));
#10618=CARTESIAN_POINT('',(-0.75,0.433012701892219,2.));
#10619=CARTESIAN_POINT('Origin',(-1.38777878078145E-16,-0.866025403784438,
2.));
#10620=CARTESIAN_POINT('',(-2.03830008427275E-16,-0.866025403784438,2.));
#10621=CARTESIAN_POINT('Origin',(0.75,-0.433012701892219,2.));
#10622=CARTESIAN_POINT('',(0.75,-0.433012701892219,2.));
#10623=CARTESIAN_POINT('Origin',(0.75,0.433012701892219,2.));
#10624=CARTESIAN_POINT('',(0.75,0.433012701892219,2.));
#10625=CARTESIAN_POINT('Origin',(6.93889390390723E-16,0.866025403784439,
2.));
#10626=CARTESIAN_POINT('',(6.38342470714711E-16,0.866025403784439,2.));
#10627=CARTESIAN_POINT('Origin',(-0.75,0.433012701892219,2.));
#10628=CARTESIAN_POINT('Origin',(-3.51787408558835E-16,0.,-2.50000000000013));
#10629=CARTESIAN_POINT('',(0.96674999999999,1.1839272930757E-16,-2.68423898580902E-13));
#10630=CARTESIAN_POINT('',(0.96675,-1.1839272930757E-16,-2.50000000000013));
#10631=CARTESIAN_POINT('Origin',(-9.85574842476079E-15,0.,-2.7228219678932E-13));
#10632=CARTESIAN_POINT('Origin',(9.15933995315754E-15,0.,-5.));
#10633=CARTESIAN_POINT('Origin',(-1.,0.,-2.7614151491402E-13));
#10634=CARTESIAN_POINT('',(0.,0.,0.));
#10635=CARTESIAN_POINT('Origin',(1.86602543159038,30.5000004544854,1.5));
#10636=CARTESIAN_POINT('',(2.30264429539005,29.7437543988414,5.50000000000001));
#10637=CARTESIAN_POINT('',(2.72844469208218,29.0062464778876,5.50000000088172));
#10638=CARTESIAN_POINT('',(2.08240022222483,30.1252283236295,5.5));
#10639=CARTESIAN_POINT('Ctrl Pts',(2.72844500989852,29.0062459274136,5.50000053589425));
#10640=CARTESIAN_POINT('Ctrl Pts',(2.69234755701071,29.0687685498391,5.58577331814242));
#10641=CARTESIAN_POINT('Ctrl Pts',(2.64089630182981,29.157884737926,5.72451690245266));
#10642=CARTESIAN_POINT('Ctrl Pts',(2.58905517133276,29.2476762098687,5.89207723359032));
#10643=CARTESIAN_POINT('Ctrl Pts',(2.56348045504829,29.2919729178627,5.97965571287438));
#10644=CARTESIAN_POINT('Ctrl Pts',(2.55019115318029,29.3149906638952,6.0239788636146));
#10645=CARTESIAN_POINT('Ctrl Pts',(2.54326960966889,29.3269791289238,6.04563725892736));
#10646=CARTESIAN_POINT('Ctrl Pts',(2.53717740595717,29.3375311352825,6.06362536457513));
#10647=CARTESIAN_POINT('Ctrl Pts',(2.52962382752003,29.3506143169146,6.08253793216471));
#10648=CARTESIAN_POINT('Ctrl Pts',(2.52056317597457,29.366307825741,6.09793687711656));
#10649=CARTESIAN_POINT('Ctrl Pts',(2.51189033733563,29.3813296229095,6.09785125339739));
#10650=CARTESIAN_POINT('Ctrl Pts',(2.50545292205324,29.392479553248,6.0893015664737));
#10651=CARTESIAN_POINT('Ctrl Pts',(2.49984477942533,29.4021931412156,6.07860095787327));
#10652=CARTESIAN_POINT('Ctrl Pts',(2.49426287523474,29.4118612828767,6.06448264712312));
#10653=CARTESIAN_POINT('Ctrl Pts',(2.48651874499297,29.4252745099159,6.04206730399409));
#10654=CARTESIAN_POINT('Ctrl Pts',(2.47358909941976,29.4476693129725,6.00014440878582));
#10655=CARTESIAN_POINT('Ctrl Pts',(2.45427371560112,29.481124539114,5.93390921031611));
#10656=CARTESIAN_POINT('Ctrl Pts',(2.43239350383493,29.5190221775734,5.86099664383528));
#10657=CARTESIAN_POINT('Ctrl Pts',(2.40882047568692,29.5598518600139,5.78628324441756));
#10658=CARTESIAN_POINT('Ctrl Pts',(2.38479391443763,29.6014670848288,5.7146473314389));
#10659=CARTESIAN_POINT('Ctrl Pts',(2.35945383105245,29.64535739672,5.64357175598866));
#10660=CARTESIAN_POINT('Ctrl Pts',(2.33215745260013,29.692636111062,5.57177865624512));
#10661=CARTESIAN_POINT('Ctrl Pts',(2.31292746073379,29.7259434340036,5.52446424557961));
#10662=CARTESIAN_POINT('Ctrl Pts',(2.30263595686516,29.7437688415904,5.50001403930505));
#10663=CARTESIAN_POINT('Origin',(-0.732050818477287,29.0000004321337,1.5));
#10664=CARTESIAN_POINT('',(-0.728444662279869,29.0062464778876,5.50000000088172));
#10665=CARTESIAN_POINT('',(-0.302644265587736,29.7437543988414,5.5));
#10666=CARTESIAN_POINT('',(-0.515412900767129,29.3752283124536,5.5));
#10667=CARTESIAN_POINT('Ctrl Pts',(-0.302652485617362,29.7437401613323,
5.49998616941104));
#10668=CARTESIAN_POINT('Ctrl Pts',(-0.312934621946431,29.7259309788,5.5244055709551));
#10669=CARTESIAN_POINT('Ctrl Pts',(-0.341286620462028,29.6768238768749,
5.59414902782194));
#10670=CARTESIAN_POINT('Ctrl Pts',(-0.376778134201544,29.6153507718405,
5.69063705942905));
#10671=CARTESIAN_POINT('Ctrl Pts',(-0.408838070431927,29.559821333402,5.78627102457003));
#10672=CARTESIAN_POINT('Ctrl Pts',(-0.432411873538187,29.5189903086943,
5.860935157888));
#10673=CARTESIAN_POINT('Ctrl Pts',(-0.450637293212121,29.4874229558298,
5.9217115858914));
#10674=CARTESIAN_POINT('Ctrl Pts',(-0.465832732059229,29.4611036837033,
5.97340212752119));
#10675=CARTESIAN_POINT('Ctrl Pts',(-0.477329498152667,29.4411907007067,
6.01224258638542));
#10676=CARTESIAN_POINT('Ctrl Pts',(-0.486521639876135,29.4252694442113,
6.04199217524893));
#10677=CARTESIAN_POINT('Ctrl Pts',(-0.494283433823093,29.4118256227372,
6.06446782759082));
#10678=CARTESIAN_POINT('Ctrl Pts',(-0.499848794549201,29.4021861351972,
6.07853760752454));
#10679=CARTESIAN_POINT('Ctrl Pts',(-0.5054867287644,29.3924209466867,6.08931355827821));
#10680=CARTESIAN_POINT('Ctrl Pts',(-0.510248567424011,29.3841732001908,
6.09552893592989));
#10681=CARTESIAN_POINT('Ctrl Pts',(-0.515433052622111,29.3751934084166,
6.09800061730995));
#10682=CARTESIAN_POINT('Ctrl Pts',(-0.522051931806775,29.3637291733796,
6.09513644482058));
#10683=CARTESIAN_POINT('Ctrl Pts',(-0.52964434975775,29.3505787197363,6.08267371973567));
#10684=CARTESIAN_POINT('Ctrl Pts',(-0.539742685538721,29.3330878890917,
6.05685573583505));
#10685=CARTESIAN_POINT('Ctrl Pts',(-0.548306395664237,29.3182551080531,
6.03015825489103));
#10686=CARTESIAN_POINT('Ctrl Pts',(-0.563386847288293,29.2921349996391,
5.98008657205941));
#10687=CARTESIAN_POINT('Ctrl Pts',(-0.589042423872093,29.2476982374985,
5.89208458114422));
#10688=CARTESIAN_POINT('Ctrl Pts',(-0.640816016755076,29.1580237441348,
5.7248922127041));
#10689=CARTESIAN_POINT('Ctrl Pts',(-0.692344255264832,29.0687742170116,
5.58578895619164));
#10690=CARTESIAN_POINT('Ctrl Pts',(-0.728445073813442,29.0062457650906,
5.50000069359786));
#10691=CARTESIAN_POINT('Origin',(0.133974598211936,27.5000004097819,1.5));
#10692=CARTESIAN_POINT('',(-0.302644265587869,28.2562464654262,5.50000000000032));
#10693=CARTESIAN_POINT('',(-0.728444665700607,28.9937543923046,5.49999999681882));
#10694=CARTESIAN_POINT('',(-0.0826633194982219,27.8752282901019,5.5));
#10695=CARTESIAN_POINT('Ctrl Pts',(-0.728444716878404,28.9937544809472,
5.50000008299248));
#10696=CARTESIAN_POINT('Ctrl Pts',(-0.710957951630459,28.9634665150776,
5.54154101294811));
#10697=CARTESIAN_POINT('Ctrl Pts',(-0.68507751083204,28.9186402766922,5.60683147766897));
#10698=CARTESIAN_POINT('Ctrl Pts',(-0.652150015358718,28.8616081815664,
5.69779816783743));
#10699=CARTESIAN_POINT('Ctrl Pts',(-0.619512794302113,28.8050788564784,
5.7937718536829));
#10700=CARTESIAN_POINT('Ctrl Pts',(-0.588941106189033,28.7521271393929,
5.89247391145767));
#10701=CARTESIAN_POINT('Ctrl Pts',(-0.563380137245353,28.7078542424917,
5.980131264759));
#10702=CARTESIAN_POINT('Ctrl Pts',(-0.548438249588491,28.681974133909,6.02992534337196));
#10703=CARTESIAN_POINT('Ctrl Pts',(-0.539546398715045,28.6665729964228,
6.05734227250373));
#10704=CARTESIAN_POINT('Ctrl Pts',(-0.532867156136351,28.6550042089204,
6.07446492650108));
#10705=CARTESIAN_POINT('Ctrl Pts',(-0.528108016101475,28.6467611365796,
6.08507038614874));
#10706=CARTESIAN_POINT('Ctrl Pts',(-0.522227059188916,28.6365750204099,
6.09530804015886));
#10707=CARTESIAN_POINT('Ctrl Pts',(-0.514842558320189,28.6237846897168,
6.09819975058815));
#10708=CARTESIAN_POINT('Ctrl Pts',(-0.509818178470087,28.6150822085399,
6.09505796369229));
#10709=CARTESIAN_POINT('Ctrl Pts',(-0.505346446756218,28.6073369420136,
6.08917621354793));
#10710=CARTESIAN_POINT('Ctrl Pts',(-0.49652057504997,28.5920500837973,6.07209482816822));
#10711=CARTESIAN_POINT('Ctrl Pts',(-0.484326847820847,28.5709299287029,
6.0353876583432));
#10712=CARTESIAN_POINT('Ctrl Pts',(-0.473038971188113,28.5513787528655,
5.99791534400232));
#10713=CARTESIAN_POINT('Ctrl Pts',(-0.464316296962351,28.5362706379287,
5.96832163470816));
#10714=CARTESIAN_POINT('Ctrl Pts',(-0.454820075682737,28.5198227001925,
5.93605678245651));
#10715=CARTESIAN_POINT('Ctrl Pts',(-0.443207670702135,28.4997094247681,
5.89701875795709));
#10716=CARTESIAN_POINT('Ctrl Pts',(-0.427868902630523,28.4731418991425,
5.846613819744));
#10717=CARTESIAN_POINT('Ctrl Pts',(-0.401475738060358,28.4274275971347,
5.76295688770788));
#10718=CARTESIAN_POINT('Ctrl Pts',(-0.367855621346806,28.3691958468305,
5.66560193754368));
#10719=CARTESIAN_POINT('Ctrl Pts',(-0.332313619290503,28.3076352934663,
5.57214450938712));
#10720=CARTESIAN_POINT('Ctrl Pts',(-0.313010054972639,28.2742005393007,
5.52470461061186));
#10721=CARTESIAN_POINT('Ctrl Pts',(-0.302619292045906,28.2562032099822,
5.50004208129652));
#10722=CARTESIAN_POINT('Origin',(2.7320508482796,29.0000004321337,1.5));
#10723=CARTESIAN_POINT('',(2.72844469550292,28.9937543923046,5.49999999681882));
#10724=CARTESIAN_POINT('',(2.30264429539019,28.2562464654262,5.50000000000032));
#10725=CARTESIAN_POINT('',(2.51567605764515,28.6252283012777,5.5));
#10726=CARTESIAN_POINT('Ctrl Pts',(2.30261917338881,28.2562029528434,5.50004233142646));
#10727=CARTESIAN_POINT('Ctrl Pts',(2.31300997882299,28.2742003557869,5.52470499299863));
#10728=CARTESIAN_POINT('Ctrl Pts',(2.33231358196818,28.3076351772035,5.57214501668771));
#10729=CARTESIAN_POINT('Ctrl Pts',(2.36785552404555,28.3691956266812,5.66560218559375));
#10730=CARTESIAN_POINT('Ctrl Pts',(2.40147563628931,28.4274273692436,5.76295710425426));
#10731=CARTESIAN_POINT('Ctrl Pts',(2.42786887069096,28.4731417922033,5.84661403666644));
#10732=CARTESIAN_POINT('Ctrl Pts',(2.44320768164872,28.4997093921098,5.89701909655111));
#10733=CARTESIAN_POINT('Ctrl Pts',(2.45482012438426,28.5198227329278,5.93605717068156));
#10734=CARTESIAN_POINT('Ctrl Pts',(2.46431638682738,28.5362707419613,5.96832210234344));
#10735=CARTESIAN_POINT('Ctrl Pts',(2.47303910944922,28.5513789407226,5.99791586736163));
#10736=CARTESIAN_POINT('Ctrl Pts',(2.48432704784827,28.5709302235425,6.03538826412389));
#10737=CARTESIAN_POINT('Ctrl Pts',(2.49652078066329,28.592050388312,6.07209541371905));
#10738=CARTESIAN_POINT('Ctrl Pts',(2.50534666500503,28.6073372684137,6.08917680293354));
#10739=CARTESIAN_POINT('Ctrl Pts',(2.50981839847692,28.6150825379849,6.0950585523126));
#10740=CARTESIAN_POINT('Ctrl Pts',(2.51484278184798,28.6237850252602,6.09820033942771));
#10741=CARTESIAN_POINT('Ctrl Pts',(2.52222728585464,28.6365753613885,6.09530862916785));
#10742=CARTESIAN_POINT('Ctrl Pts',(2.52810824593121,28.6467614830384,6.08507097514979));
#10743=CARTESIAN_POINT('Ctrl Pts',(2.5328673882357,28.6550045593102,6.07446551520416));
#10744=CARTESIAN_POINT('Ctrl Pts',(2.53954663420119,28.6665733526787,6.05734286118252));
#10745=CARTESIAN_POINT('Ctrl Pts',(2.54843850483281,28.681974524387,6.02992593121665));
#10746=CARTESIAN_POINT('Ctrl Pts',(2.56338040544833,28.7078546554147,5.98013184435295));
#10747=CARTESIAN_POINT('Ctrl Pts',(2.58894138221991,28.7521275658742,5.89247447699046));
#10748=CARTESIAN_POINT('Ctrl Pts',(2.61951302527185,28.805079204911,5.79377222751047));
#10749=CARTESIAN_POINT('Ctrl Pts',(2.65215021081275,28.8616084684839,5.69779846444765));
#10750=CARTESIAN_POINT('Ctrl Pts',(2.68507768995647,28.918640535326,5.60683173447942));
#10751=CARTESIAN_POINT('Ctrl Pts',(2.71095799392006,28.9634665367063,5.54154103438209));
#10752=CARTESIAN_POINT('Ctrl Pts',(2.72844474787395,28.9937544830139,5.50000008500155));
#10753=CARTESIAN_POINT('Ctrl Pts',(-0.732050818477296,29.0000004321337,
5.49146861461113));
#10754=CARTESIAN_POINT('Ctrl Pts',(-0.71327425954067,28.9674784780641,5.53570919688988));
#10755=CARTESIAN_POINT('Ctrl Pts',(-0.686169058289796,28.9205308923479,
5.60381592917473));
#10756=CARTESIAN_POINT('Ctrl Pts',(-0.652150015358718,28.8616081815664,
5.69779816783743));
#10757=CARTESIAN_POINT('Ctrl Pts',(-0.619512794302113,28.8050788564784,
5.7937718536829));
#10758=CARTESIAN_POINT('Ctrl Pts',(-0.588941106189033,28.7521271393929,
5.89247391145767));
#10759=CARTESIAN_POINT('Ctrl Pts',(-0.563380137245353,28.7078542424917,
5.980131264759));
#10760=CARTESIAN_POINT('Ctrl Pts',(-0.548438249588491,28.681974133909,6.02992534337196));
#10761=CARTESIAN_POINT('Ctrl Pts',(-0.539546398715045,28.6665729964228,
6.05734227250373));
#10762=CARTESIAN_POINT('Ctrl Pts',(-0.532867156136351,28.6550042089204,
6.07446492650108));
#10763=CARTESIAN_POINT('Ctrl Pts',(-0.528108016101475,28.6467611365796,
6.08507038614874));
#10764=CARTESIAN_POINT('Ctrl Pts',(-0.522227059188916,28.6365750204099,
6.09530804015886));
#10765=CARTESIAN_POINT('Ctrl Pts',(-0.514842558320189,28.6237846897168,
6.09819975058815));
#10766=CARTESIAN_POINT('Ctrl Pts',(-0.509818178470087,28.6150822085399,
6.09505796369229));
#10767=CARTESIAN_POINT('Ctrl Pts',(-0.505346446756218,28.6073369420136,
6.08917621354793));
#10768=CARTESIAN_POINT('Ctrl Pts',(-0.49652057504997,28.5920500837973,6.07209482816822));
#10769=CARTESIAN_POINT('Ctrl Pts',(-0.484326847820847,28.5709299287029,
6.0353876583432));
#10770=CARTESIAN_POINT('Ctrl Pts',(-0.473038971188113,28.5513787528655,
5.99791534400232));
#10771=CARTESIAN_POINT('Ctrl Pts',(-0.464316296962351,28.5362706379287,
5.96832163470816));
#10772=CARTESIAN_POINT('Ctrl Pts',(-0.454820075682737,28.5198227001925,
5.93605678245651));
#10773=CARTESIAN_POINT('Ctrl Pts',(-0.443207670702135,28.4997094247681,
5.89701875795709));
#10774=CARTESIAN_POINT('Ctrl Pts',(-0.427868902630523,28.4731418991425,
5.846613819744));
#10775=CARTESIAN_POINT('Ctrl Pts',(-0.401475738060358,28.4274275971347,
5.76295688770788));
#10776=CARTESIAN_POINT('Ctrl Pts',(-0.367855621346806,28.3691958468305,
5.66560193754368));
#10777=CARTESIAN_POINT('Ctrl Pts',(-0.307260607632515,28.2642422043921,
5.50626780290833));
#10778=CARTESIAN_POINT('Ctrl Pts',(-0.238185732408759,28.1446010109784,
5.35082853402897));
#10779=CARTESIAN_POINT('Ctrl Pts',(-0.164208408645108,28.0164685276119,
5.21417621859045));
#10780=CARTESIAN_POINT('Ctrl Pts',(-0.125539634564164,27.9494922462374,
5.14905000116693));
#10781=CARTESIAN_POINT('Ctrl Pts',(-0.103020332213154,27.9104876704144,
5.1129712460898));
#10782=CARTESIAN_POINT('Ctrl Pts',(-0.0687801744631824,27.8511819775323,
5.05986271081307));
#10783=CARTESIAN_POINT('Ctrl Pts',(-0.0275034395464243,27.7796885754859,
5.00097804285867));
#10784=CARTESIAN_POINT('Ctrl Pts',(0.015245361651072,27.7056454798492,4.94599651389232));
#10785=CARTESIAN_POINT('Ctrl Pts',(0.0400437033317419,27.6626934921148,
4.91576949938255));
#10786=CARTESIAN_POINT('Ctrl Pts',(0.0525635870675497,27.6410084173796,
4.90105561690181));
#10787=CARTESIAN_POINT('Ctrl Pts',(0.0588523464931848,27.6301159665378,
4.89379999999892));
#10788=CARTESIAN_POINT('Ctrl Pts',(-0.807423941731613,29.1305505111353,
5.61942786090723));
#10789=CARTESIAN_POINT('Ctrl Pts',(-0.789480000146241,29.0995561143501,
5.65970702665475));
#10790=CARTESIAN_POINT('Ctrl Pts',(-0.76372079824264,29.0544017138588,5.72172683721212));
#10791=CARTESIAN_POINT('Ctrl Pts',(-0.730097655148458,28.9962989513856,
5.80681533470535));
#10792=CARTESIAN_POINT('Ctrl Pts',(-0.696857080677536,28.9388907774819,
5.89332654796245));
#10793=CARTESIAN_POINT('Ctrl Pts',(-0.664052193892304,28.8817420603029,
5.98163744329579));
#10794=CARTESIAN_POINT('Ctrl Pts',(-0.630239666170523,28.8238590945749,
6.05808962085005));
#10795=CARTESIAN_POINT('Ctrl Pts',(-0.605340622913188,28.7812505578468,
6.10041642292449));
#10796=CARTESIAN_POINT('Ctrl Pts',(-0.587069048176165,28.749904792028,6.12312424264735));
#10797=CARTESIAN_POINT('Ctrl Pts',(-0.570029709432409,28.7205793396705,
6.13695906593651));
#10798=CARTESIAN_POINT('Ctrl Pts',(-0.556872413673967,28.6978988899792,
6.14544907366566));
#10799=CARTESIAN_POINT('Ctrl Pts',(-0.538354339222446,28.6658983731474,
6.1534701449203));
#10800=CARTESIAN_POINT('Ctrl Pts',(-0.512405037703736,28.6209647992954,
6.15570140612616));
#10801=CARTESIAN_POINT('Ctrl Pts',(-0.494959783412139,28.5907351572546,
6.15327113658177));
#10802=CARTESIAN_POINT('Ctrl Pts',(-0.480406772236466,28.5654884719796,
6.14866259158274));
#10803=CARTESIAN_POINT('Ctrl Pts',(-0.454093858321459,28.5197704416427,
6.13517497536542));
#10804=CARTESIAN_POINT('Ctrl Pts',(-0.427827691894154,28.4738180984952,
6.10507331811769));
#10805=CARTESIAN_POINT('Ctrl Pts',(-0.409446405239784,28.4415987287435,
6.07317179660647));
#10806=CARTESIAN_POINT('Ctrl Pts',(-0.39666149275829,28.419191740673,6.04769883158613));
#10807=CARTESIAN_POINT('Ctrl Pts',(-0.384051625139152,28.397098705657,6.01959586545426));
#10808=CARTESIAN_POINT('Ctrl Pts',(-0.369872810479863,28.3722866384721,
5.98526043272718));
#10809=CARTESIAN_POINT('Ctrl Pts',(-0.352373698227605,28.3416775693694,
5.94056155223292));
#10810=CARTESIAN_POINT('Ctrl Pts',(-0.324009370471292,28.2924810994664,
5.86572392458446));
#10811=CARTESIAN_POINT('Ctrl Pts',(-0.290399912904564,28.2340665064596,
5.77779141711199));
#10812=CARTESIAN_POINT('Ctrl Pts',(-0.231512599392513,28.1319401830936,
5.63318880909566));
#10813=CARTESIAN_POINT('Ctrl Pts',(-0.166038331769368,28.0192017476281,
5.49119311420901));
#10814=CARTESIAN_POINT('Ctrl Pts',(-0.0967638384720209,27.8994664552069,
5.3661765708302));
#10815=CARTESIAN_POINT('Ctrl Pts',(-0.060724997175521,27.8370781530789,
5.30656623881899));
#10816=CARTESIAN_POINT('Ctrl Pts',(-0.0397778079040677,27.8007788992091,
5.27354318874352));
#10817=CARTESIAN_POINT('Ctrl Pts',(-0.00795223113930177,27.7456323917747,
5.2249220711051));
#10818=CARTESIAN_POINT('Ctrl Pts',(0.0304465065008444,27.6793151690017,
5.17092060408288));
#10819=CARTESIAN_POINT('Ctrl Pts',(0.070069859460963,27.6106877140955,5.12053996222589));
#10820=CARTESIAN_POINT('Ctrl Pts',(0.0930409026977637,27.570901560994,5.09283978546246));
#10821=CARTESIAN_POINT('Ctrl Pts',(0.104635248877546,27.5508223058422,5.07935412195721));
#10822=CARTESIAN_POINT('Ctrl Pts',(0.110455291875276,27.5407370433158,5.0727060880714));
#10823=CARTESIAN_POINT('Ctrl Pts',(-0.803407252972003,29.434896381672,5.841452579473));
#10824=CARTESIAN_POINT('Ctrl Pts',(-0.788807609715476,29.4055437136792,
5.87498173754705));
#10825=CARTESIAN_POINT('Ctrl Pts',(-0.767627153573956,29.3617953489208,
5.92631155917752));
#10826=CARTESIAN_POINT('Ctrl Pts',(-0.741138571082171,29.3016262990215,
5.99621060535063));
#10827=CARTESIAN_POINT('Ctrl Pts',(-0.71556047296226,29.2379803084789,6.06655360901583));
#10828=CARTESIAN_POINT('Ctrl Pts',(-0.690883146633905,29.1665209324024,
6.13689238031553));
#10829=CARTESIAN_POINT('Ctrl Pts',(-0.66649704840246,29.0720817664842,6.19429335708209));
#10830=CARTESIAN_POINT('Ctrl Pts',(-0.645525478498592,28.9885454591005,
6.22388456249561));
#10831=CARTESIAN_POINT('Ctrl Pts',(-0.62709516118035,28.9202235383074,6.23851722210981));
#10832=CARTESIAN_POINT('Ctrl Pts',(-0.604949554316499,28.8524649963023,
6.24668759388406));
#10833=CARTESIAN_POINT('Ctrl Pts',(-0.585825621235593,28.7995600367482,
6.25152502552079));
#10834=CARTESIAN_POINT('Ctrl Pts',(-0.555144273563859,28.7236711610767,
6.25569782340827));
#10835=CARTESIAN_POINT('Ctrl Pts',(-0.499829866958322,28.6206836892185,
6.25677788404278));
#10836=CARTESIAN_POINT('Ctrl Pts',(-0.457314944569938,28.5547074279372,
6.2555872885844));
#10837=CARTESIAN_POINT('Ctrl Pts',(-0.41941112413799,28.5021478206029,6.25318966913337));
#10838=CARTESIAN_POINT('Ctrl Pts',(-0.346914758151385,28.4122502864595,
6.2459295679628));
#10839=CARTESIAN_POINT('Ctrl Pts',(-0.272227425677038,28.337034244546,6.22715768629629));
#10840=CARTESIAN_POINT('Ctrl Pts',(-0.226233075938491,28.2919373147641,
6.20475403946255));
#10841=CARTESIAN_POINT('Ctrl Pts',(-0.196200333525895,28.2629781635945,
6.18630056266311));
#10842=CARTESIAN_POINT('Ctrl Pts',(-0.169404566534146,28.2364396677997,
6.16527723644357));
#10843=CARTESIAN_POINT('Ctrl Pts',(-0.142279615822322,28.2086900808733,
6.13893779614242));
#10844=CARTESIAN_POINT('Ctrl Pts',(-0.112354528097936,28.176474730388,6.1039308370569));
#10845=CARTESIAN_POINT('Ctrl Pts',(-0.0700796124609645,28.1275880275898,
6.04421929755125));
#10846=CARTESIAN_POINT('Ctrl Pts',(-0.028918701862215,28.0735937420592,
5.97237322429635));
#10847=CARTESIAN_POINT('Ctrl Pts',(0.0358481861986744,27.9817982076593,
5.8529890720155));
#10848=CARTESIAN_POINT('Ctrl Pts',(0.0991003302223084,27.8831361134729,
5.73453084790558));
#10849=CARTESIAN_POINT('Ctrl Pts',(0.163019055673152,27.7794757101673,5.62968583373836));
#10850=CARTESIAN_POINT('Ctrl Pts',(0.195694175005244,27.725702708196,5.57957530459853));
#10851=CARTESIAN_POINT('Ctrl Pts',(0.214579250367771,27.6944630625647,5.55178493794211));
#10852=CARTESIAN_POINT('Ctrl Pts',(0.24314742895342,27.6470397954374,5.51085197793838));
#10853=CARTESIAN_POINT('Ctrl Pts',(0.277201208284073,27.5900448118461,5.465437170322));
#10854=CARTESIAN_POINT('Ctrl Pts',(0.312164485703064,27.5311912401599,5.42296493588005));
#10855=CARTESIAN_POINT('Ctrl Pts',(0.3323700489901,27.4970887433213,5.39960593455968));
#10856=CARTESIAN_POINT('Ctrl Pts',(0.342547525880964,27.4798831649444,5.38823318029738));
#10857=CARTESIAN_POINT('Ctrl Pts',(0.34765482517382,27.4712437386103,5.38262366451189));
#10858=CARTESIAN_POINT('Ctrl Pts',(-0.567776233683771,29.6972434284842,
5.93430169388712));
#10859=CARTESIAN_POINT('Ctrl Pts',(-0.557556478746597,29.66885242783,5.96644441528282));
#10860=CARTESIAN_POINT('Ctrl Pts',(-0.544045284554364,29.6264402390548,
6.01587847973679));
#10861=CARTESIAN_POINT('Ctrl Pts',(-0.531612105147688,29.5665154458138,
6.08354530350775));
#10862=CARTESIAN_POINT('Ctrl Pts',(-0.524569238213263,29.5014626484829,
6.15214785393336));
#10863=CARTESIAN_POINT('Ctrl Pts',(-0.526784817759744,29.4253849143834,
6.22179805123099));
#10864=CARTESIAN_POINT('Ctrl Pts',(-0.549755979540348,29.3118862567054,
6.28100080554613));
#10865=CARTESIAN_POINT('Ctrl Pts',(-0.569791030079957,29.1998503431288,
6.31301426493841));
#10866=CARTESIAN_POINT('Ctrl Pts',(-0.581276395922837,29.101322014392,6.32971975572777));
#10867=CARTESIAN_POINT('Ctrl Pts',(-0.578940093059239,28.997064755553,6.3395855226918));
#10868=CARTESIAN_POINT('Ctrl Pts',(-0.570784920248787,28.9145425063352,
6.34556417266547));
#10869=CARTESIAN_POINT('Ctrl Pts',(-0.547324504406986,28.7924947874291,
6.35103395446898));
#10870=CARTESIAN_POINT('Ctrl Pts',(-0.469399888686229,28.6312111864371,
6.35251758580037));
#10871=CARTESIAN_POINT('Ctrl Pts',(-0.397702767263068,28.5349785692931,
6.35089450425246));
#10872=CARTESIAN_POINT('Ctrl Pts',(-0.329722294254678,28.4642096034409,
6.34775309527467));
#10873=CARTESIAN_POINT('Ctrl Pts',(-0.194610663289926,28.356029883056,6.33844098554896));
#10874=CARTESIAN_POINT('Ctrl Pts',(-0.0560039156802004,28.2948523055166,
6.31654678245491));
#10875=CARTESIAN_POINT('Ctrl Pts',(0.0227642149056773,28.265036812827,6.29237440717053));
#10876=CARTESIAN_POINT('Ctrl Pts',(0.0731711133022734,28.2481077092588,
6.27288541408484));
#10877=CARTESIAN_POINT('Ctrl Pts',(0.11584738667702,28.2329540925956,6.25115207150904));
#10878=CARTESIAN_POINT('Ctrl Pts',(0.157218559711612,28.2171917465573,6.22439194001125));
#10879=CARTESIAN_POINT('Ctrl Pts',(0.200490370178899,28.1980185688577,6.18933232968119));
#10880=CARTESIAN_POINT('Ctrl Pts',(0.257815430281515,28.1667508590137,6.1302993593637));
#10881=CARTESIAN_POINT('Ctrl Pts',(0.307789406612888,28.1269424365331,6.06047276116109));
#10882=CARTESIAN_POINT('Ctrl Pts',(0.381507514530136,28.0537951190072,5.94532404800996));
#10883=CARTESIAN_POINT('Ctrl Pts',(0.447388921668708,27.9685429275302,5.83192066062722));
#10884=CARTESIAN_POINT('Ctrl Pts',(0.511621373868724,27.875824035877,5.73195750246639));
#10885=CARTESIAN_POINT('Ctrl Pts',(0.543944360909684,27.8271501800164,5.68426657114049));
#10886=CARTESIAN_POINT('Ctrl Pts',(0.562528757570469,27.7987468810323,5.65784070035244));
#10887=CARTESIAN_POINT('Ctrl Pts',(0.590544418558631,27.7555141704195,5.61892892425488));
#10888=CARTESIAN_POINT('Ctrl Pts',(0.62372733822203,27.7032709302436,5.57571569522453));
#10889=CARTESIAN_POINT('Ctrl Pts',(0.657556083368083,27.6490511045919,5.53538143629839));
#10890=CARTESIAN_POINT('Ctrl Pts',(0.677054668899316,27.6175713218114,5.51320335098978));
#10891=CARTESIAN_POINT('Ctrl Pts',(0.686860841702304,27.6016695381856,5.50240585898547));
#10892=CARTESIAN_POINT('Ctrl Pts',(0.691777245631533,27.5936802513125,5.4970824942012));
#10893=CARTESIAN_POINT('Ctrl Pts',(-0.444797450926086,29.7796935229342,
5.94271749230454));
#10894=CARTESIAN_POINT('Ctrl Pts',(-0.436032024724428,29.7517853980468,
5.9754882939925));
#10895=CARTESIAN_POINT('Ctrl Pts',(-0.425145450043606,29.7101626420592,
6.0259377253146));
#10896=CARTESIAN_POINT('Ctrl Pts',(-0.418057506891705,29.6517145966574,
6.09555419839807));
#10897=CARTESIAN_POINT('Ctrl Pts',(-0.418506933061514,29.5883800874669,
6.16664581754286));
#10898=CARTESIAN_POINT('Ctrl Pts',(-0.432101196650054,29.5142474226487,
6.23975845293154));
#10899=CARTESIAN_POINT('Ctrl Pts',(-0.477657142323749,29.4005104559368,
6.30468982574734));
#10900=CARTESIAN_POINT('Ctrl Pts',(-0.519028460764903,29.2827563701859,
6.3415743284236));
#10901=CARTESIAN_POINT('Ctrl Pts',(-0.547254084852103,29.1756147861012,
6.3618831648175));
#10902=CARTESIAN_POINT('Ctrl Pts',(-0.557287793365558,29.058205650198,6.37456661222294));
#10903=CARTESIAN_POINT('Ctrl Pts',(-0.556605817274031,28.9644608160933,
6.38242250825824));
#10904=CARTESIAN_POINT('Ctrl Pts',(-0.539699860909669,28.8233777564797,
6.39000595567315));
#10905=CARTESIAN_POINT('Ctrl Pts',(-0.453442371963249,28.6374812697199,
6.39214796339855));
#10906=CARTESIAN_POINT('Ctrl Pts',(-0.36877723505419,28.5295252792672,6.38982071384606));
#10907=CARTESIAN_POINT('Ctrl Pts',(-0.287267260655427,28.4529305708672,
6.38546386188727));
#10908=CARTESIAN_POINT('Ctrl Pts',(-0.124326248812598,28.3424631450713,
6.37281098382823));
#10909=CARTESIAN_POINT('Ctrl Pts',(0.0396569460438236,28.2957754105788,
6.34562048766155));
#10910=CARTESIAN_POINT('Ctrl Pts',(0.129538713709406,28.2772034788442,6.31786321777943));
#10911=CARTESIAN_POINT('Ctrl Pts',(0.186628191284971,28.2684173161193,6.29594195163561));
#10912=CARTESIAN_POINT('Ctrl Pts',(0.234007986888865,28.2604542269282,6.27204206107883));
#10913=CARTESIAN_POINT('Ctrl Pts',(0.279344545391133,28.2518437911212,6.24312500589408));
#10914=CARTESIAN_POINT('Ctrl Pts',(0.326016026391914,28.2400394963578,6.20578801462512));
#10915=CARTESIAN_POINT('Ctrl Pts',(0.386898388263302,28.2180083742939,6.1438199168206));
#10916=CARTESIAN_POINT('Ctrl Pts',(0.438671425354988,28.1847401120867,6.0717051389212));
#10917=CARTESIAN_POINT('Ctrl Pts',(0.514277110008464,28.1192401191328,5.95367985400614));
#10918=CARTESIAN_POINT('Ctrl Pts',(0.580990298380318,28.0380528248008,5.83853965483626));
#10919=CARTESIAN_POINT('Ctrl Pts',(0.645764668797599,27.9478774894713,5.7373157174744));
#10920=CARTESIAN_POINT('Ctrl Pts',(0.678276635479992,27.9001923158316,5.68907407493846));
#10921=CARTESIAN_POINT('Ctrl Pts',(0.696957142721325,27.8722935272987,5.66234907117763));
#10922=CARTESIAN_POINT('Ctrl Pts',(0.725106993025964,27.8297613451019,5.62300941541709));
#10923=CARTESIAN_POINT('Ctrl Pts',(0.758451626318722,27.7782169845717,5.57939114285828));
#10924=CARTESIAN_POINT('Ctrl Pts',(0.792403138842001,27.7245485838606,5.53866408436468));
#10925=CARTESIAN_POINT('Ctrl Pts',(0.811968461980275,27.6933522790023,5.51627370324634));
#10926=CARTESIAN_POINT('Ctrl Pts',(0.821807062237783,27.6775830630186,5.50537453103838));
#10927=CARTESIAN_POINT('Ctrl Pts',(0.826738823267161,27.669656962256,5.4999999999992));
#10928=CARTESIAN_POINT('',(-0.732050818477292,29.0000004321337,5.49146861461113));
#10929=CARTESIAN_POINT('Ctrl Pts',(-0.732050818477296,29.0000004321337,
5.49146861461113));
#10930=CARTESIAN_POINT('Ctrl Pts',(-0.730845875397963,28.9979134095001,
5.494307653629));
#10931=CARTESIAN_POINT('Ctrl Pts',(-0.729643841474374,28.995831425672,5.49715148577378));
#10932=CARTESIAN_POINT('Ctrl Pts',(-0.728444716878404,28.9937544809472,
5.50000008299248));
#10933=CARTESIAN_POINT('',(0.825797778965495,27.6691277636733,5.49997881204608));
#10934=CARTESIAN_POINT('Ctrl Pts',(0.826738823266426,27.6696569622572,5.5));
#10935=CARTESIAN_POINT('Ctrl Pts',(0.784891052960801,27.6478651176528,5.5));
#10936=CARTESIAN_POINT('Ctrl Pts',(0.739883200648334,27.6351712500054,5.50000000000375));
#10937=CARTESIAN_POINT('Ctrl Pts',(0.631424897663244,27.6225293213888,5.50000000000375));
#10938=CARTESIAN_POINT('Ctrl Pts',(0.567875635326446,27.6280201545492,5.5));
#10939=CARTESIAN_POINT('Ctrl Pts',(0.410744979533867,27.6604526029588,5.5));
#10940=CARTESIAN_POINT('Ctrl Pts',(0.308700795672861,27.7006349893258,5.5));
#10941=CARTESIAN_POINT('Ctrl Pts',(0.102513162982783,27.8162485111854,5.5));
#10942=CARTESIAN_POINT('Ctrl Pts',(0.00220999031740542,27.891994838845,
5.50000000000001));
#10943=CARTESIAN_POINT('Ctrl Pts',(-0.169607167782018,28.0606149453985,
5.50000000000001));
#10944=CARTESIAN_POINT('Ctrl Pts',(-0.243741907483229,28.1542245885033,
5.5));
#10945=CARTESIAN_POINT('Ctrl Pts',(-0.302644265587736,28.256246465426,5.5));
#10946=CARTESIAN_POINT('',(-0.556335042653969,29.0000018869028,6.37894312873069));
#10947=CARTESIAN_POINT('Ctrl Pts',(0.825668168641678,27.6690548769879,5.49997589382261));
#10948=CARTESIAN_POINT('Ctrl Pts',(0.820736527373512,27.6769814834015,5.50535002270103));
#10949=CARTESIAN_POINT('Ctrl Pts',(0.810898180284657,27.6927517597251,5.51624839577399));
#10950=CARTESIAN_POINT('Ctrl Pts',(0.791333378696106,27.7239503304918,5.53863710821518));
#10951=CARTESIAN_POINT('Ctrl Pts',(0.757382827082449,27.7776231346729,5.57936107882249));
#10952=CARTESIAN_POINT('Ctrl Pts',(0.724039465137204,27.8291730661185,5.62297616721664));
#10953=CARTESIAN_POINT('Ctrl Pts',(0.695890671319541,27.8717108272307,5.66231245655338));
#10954=CARTESIAN_POINT('Ctrl Pts',(0.677210921621167,27.8996136319861,5.68903510639326));
#10955=CARTESIAN_POINT('Ctrl Pts',(0.644700446623113,27.9473066720365,5.73727241447207));
#10956=CARTESIAN_POINT('Ctrl Pts',(0.579930365654018,28.0375022255126,5.83848642277153));
#10957=CARTESIAN_POINT('Ctrl Pts',(0.513223780380267,28.1187217941614,5.95361292895692));
#10958=CARTESIAN_POINT('Ctrl Pts',(0.437633107083894,28.1842824459461,6.07161549787459));
#10959=CARTESIAN_POINT('Ctrl Pts',(0.385874379941037,28.2176025690873,6.14371219412353));
#10960=CARTESIAN_POINT('Ctrl Pts',(0.325020291954414,28.2397069120106,6.20565708079034));
#10961=CARTESIAN_POINT('Ctrl Pts',(0.278375822659969,28.2515696127384,6.2429760572101));
#10962=CARTESIAN_POINT('Ctrl Pts',(0.233070758824751,28.2602367287524,6.27187604707096));
#10963=CARTESIAN_POINT('Ctrl Pts',(0.18572831132691,28.2682567982071,6.29575879357458));
#10964=CARTESIAN_POINT('Ctrl Pts',(0.128691876821094,28.277107480705,6.31766081082034));
#10965=CARTESIAN_POINT('Ctrl Pts',(0.0388983138465321,28.2957684877208,
6.34538970783089));
#10966=CARTESIAN_POINT('Ctrl Pts',(-0.124883575852723,28.34257096484,6.37253828157693));
#10967=CARTESIAN_POINT('Ctrl Pts',(-0.287603891193847,28.4530201303309,
6.38516471528467));
#10968=CARTESIAN_POINT('Ctrl Pts',(-0.369006575289147,28.529568592756,6.38951194624752));
#10969=CARTESIAN_POINT('Ctrl Pts',(-0.453568871350342,28.6374315779822,
6.39183362185295));
#10970=CARTESIAN_POINT('Ctrl Pts',(-0.539760243055554,28.8231328499004,
6.3896968255972));
#10971=CARTESIAN_POINT('Ctrl Pts',(-0.55335428190531,28.9361090856135,6.38363107266611));
#10972=CARTESIAN_POINT('Ctrl Pts',(-0.556129155118932,28.9946705919776,
6.37934569714327));
#10973=CARTESIAN_POINT('Ctrl Pts',(-0.556335042653969,29.0000018869028,
6.37894312873069));
#10974=CARTESIAN_POINT('Ctrl Pts',(-0.556940246101907,29.0000004321348,
6.37923338510704));
#10975=CARTESIAN_POINT('Ctrl Pts',(-0.557145268573766,29.0000004321349,
6.37879844417015));
#10976=CARTESIAN_POINT('Ctrl Pts',(-0.55734990408903,29.0000004321234,6.37836332204612));
#10977=CARTESIAN_POINT('Ctrl Pts',(-0.649263623651115,29.0000004332895,
6.18247379669833));
#10978=CARTESIAN_POINT('Ctrl Pts',(-0.694392020841046,29.0000004321337,
5.87280663222933));
#10979=CARTESIAN_POINT('Ctrl Pts',(-0.721815083372726,29.0000004321337,
5.69204706711647));
#10980=CARTESIAN_POINT('Ctrl Pts',(-0.732050818477289,29.0000004321337,
5.59064717340922));
#10981=CARTESIAN_POINT('Ctrl Pts',(-0.732050818477288,29.0000004321337,
5.49146861461114));
#10982=CARTESIAN_POINT('Ctrl Pts',(0.0588523464922522,30.3698848977279,
4.8938));
#10983=CARTESIAN_POINT('Ctrl Pts',(0.0337414824429965,30.3263916053727,
4.92277150253508));
#10984=CARTESIAN_POINT('Ctrl Pts',(-0.0155337435783343,30.2410444103493,
4.98392408118003));
#10985=CARTESIAN_POINT('Ctrl Pts',(-0.110128651904902,30.0772012229903,
5.1188305361988));
#10986=CARTESIAN_POINT('Ctrl Pts',(-0.187124353229425,29.9438407563318,
5.25279086202632));
#10987=CARTESIAN_POINT('Ctrl Pts',(-0.247952028987212,29.838484131413,5.37694904935053));
#10988=CARTESIAN_POINT('Ctrl Pts',(-0.287146757960588,29.7705968694422,
5.46219608979125));
#10989=CARTESIAN_POINT('Ctrl Pts',(-0.333530429863346,29.690257993065,5.57306287271655));
#10990=CARTESIAN_POINT('Ctrl Pts',(-0.376778134201544,29.6153507718405,
5.69063705942905));
#10991=CARTESIAN_POINT('Ctrl Pts',(-0.408838070431927,29.559821333402,5.78627102457003));
#10992=CARTESIAN_POINT('Ctrl Pts',(-0.432411873538187,29.5189903086943,
5.860935157888));
#10993=CARTESIAN_POINT('Ctrl Pts',(-0.450637293212121,29.4874229558298,
5.9217115858914));
#10994=CARTESIAN_POINT('Ctrl Pts',(-0.465832732059229,29.4611036837033,
5.97340212752119));
#10995=CARTESIAN_POINT('Ctrl Pts',(-0.477329498152667,29.4411907007067,
6.01224258638542));
#10996=CARTESIAN_POINT('Ctrl Pts',(-0.486521639876135,29.4252694442113,
6.04199217524893));
#10997=CARTESIAN_POINT('Ctrl Pts',(-0.494283433823093,29.4118256227372,
6.06446782759082));
#10998=CARTESIAN_POINT('Ctrl Pts',(-0.499848794549201,29.4021861351972,
6.07853760752454));
#10999=CARTESIAN_POINT('Ctrl Pts',(-0.5054867287644,29.3924209466867,6.08931355827821));
#11000=CARTESIAN_POINT('Ctrl Pts',(-0.510248567424011,29.3841732001908,
6.09552893592989));
#11001=CARTESIAN_POINT('Ctrl Pts',(-0.515433052622111,29.3751934084166,
6.09800061730995));
#11002=CARTESIAN_POINT('Ctrl Pts',(-0.522051931806775,29.3637291733796,
6.09513644482058));
#11003=CARTESIAN_POINT('Ctrl Pts',(-0.52964434975775,29.3505787197363,6.08267371973567));
#11004=CARTESIAN_POINT('Ctrl Pts',(-0.539742685538721,29.3330878890917,
6.05685573583505));
#11005=CARTESIAN_POINT('Ctrl Pts',(-0.548306395664237,29.3182551080531,
6.03015825489103));
#11006=CARTESIAN_POINT('Ctrl Pts',(-0.563386847288293,29.2921349996391,
5.98008657205941));
#11007=CARTESIAN_POINT('Ctrl Pts',(-0.589042423872093,29.2476982374985,
5.89208458114422));
#11008=CARTESIAN_POINT('Ctrl Pts',(-0.641785280172536,29.1563449306499,
5.72176217212968));
#11009=CARTESIAN_POINT('Ctrl Pts',(-0.694605696527012,29.0648572858472,
5.57969532346501));
#11010=CARTESIAN_POINT('Ctrl Pts',(-0.732050818477294,29.0000004321337,
5.49146861461114));
#11011=CARTESIAN_POINT('Ctrl Pts',(0.110455291874413,30.45926382095,5.07270608807238));
#11012=CARTESIAN_POINT('Ctrl Pts',(0.0872160011677135,30.418993611985,5.09925152633821));
#11013=CARTESIAN_POINT('Ctrl Pts',(0.0414775648582786,30.3399925126804,
5.15535176769576));
#11014=CARTESIAN_POINT('Ctrl Pts',(-0.0463281483053339,30.1879124427372,
5.27892916944747));
#11015=CARTESIAN_POINT('Ctrl Pts',(-0.118296173653211,30.0637886030436,
5.40165710655285));
#11016=CARTESIAN_POINT('Ctrl Pts',(-0.175494950149786,29.964784839389,5.5150771843452));
#11017=CARTESIAN_POINT('Ctrl Pts',(-0.212502512447199,29.9006269591378,
5.59284690814036));
#11018=CARTESIAN_POINT('Ctrl Pts',(-0.256818536276391,29.8240489715146,
5.69384845957797));
#11019=CARTESIAN_POINT('Ctrl Pts',(-0.299205187338514,29.750737028929,5.80047376943019));
#11020=CARTESIAN_POINT('Ctrl Pts',(-0.331909741053038,29.6938905606291,
5.88659689097823));
#11021=CARTESIAN_POINT('Ctrl Pts',(-0.357289935425282,29.6497854344694,
5.95336159092359));
#11022=CARTESIAN_POINT('Ctrl Pts',(-0.378555549119665,29.6126687608374,
6.00712034026256));
#11023=CARTESIAN_POINT('Ctrl Pts',(-0.398653196781255,29.577422679533,6.05214521240318));
#11024=CARTESIAN_POINT('Ctrl Pts',(-0.416058131837667,29.5469123430499,
6.08546458838815));
#11025=CARTESIAN_POINT('Ctrl Pts',(-0.432752157978613,29.5176937324711,
6.11043815705234));
#11026=CARTESIAN_POINT('Ctrl Pts',(-0.449894323542839,29.4877377337758,
6.12889578724082));
#11027=CARTESIAN_POINT('Ctrl Pts',(-0.464146631845846,29.4629009172612,
6.14023568222992));
#11028=CARTESIAN_POINT('Ctrl Pts',(-0.480919570563644,29.4337557180099,
6.14876600323451));
#11029=CARTESIAN_POINT('Ctrl Pts',(-0.496506185067793,29.4067174688066,
6.15362274595407));
#11030=CARTESIAN_POINT('Ctrl Pts',(-0.514594645378072,29.3753768223469,
6.15553721825656));
#11031=CARTESIAN_POINT('Ctrl Pts',(-0.537795580385096,29.3352033879361,
6.15331959018659));
#11032=CARTESIAN_POINT('Ctrl Pts',(-0.561920934300641,29.2935059118938,
6.14357442283741));
#11033=CARTESIAN_POINT('Ctrl Pts',(-0.587769101393631,29.2490223395673,
6.12274879602176));
#11034=CARTESIAN_POINT('Ctrl Pts',(-0.605081842186671,29.2193369601394,
6.10059536316871));
#11035=CARTESIAN_POINT('Ctrl Pts',(-0.630429428925139,29.1759804858976,
6.05806619382963));
#11036=CARTESIAN_POINT('Ctrl Pts',(-0.664211582981029,29.1180490616529,
5.98128418744923));
#11037=CARTESIAN_POINT('Ctrl Pts',(-0.721442346064667,29.0197114642636,
5.82904162686118));
#11038=CARTESIAN_POINT('Ctrl Pts',(-0.771639265572321,28.9312608782297,
5.69975452132261));
#11039=CARTESIAN_POINT('Ctrl Pts',(-0.807423941731612,28.869450353132,5.61942786090723));
#11040=CARTESIAN_POINT('Ctrl Pts',(0.347655675511445,30.5287556336802,5.3826221617188));
#11041=CARTESIAN_POINT('Ctrl Pts',(0.327262353152988,30.4942586136076,5.40502082236684));
#11042=CARTESIAN_POINT('Ctrl Pts',(0.287112395395304,30.4264666510029,5.4522555219611));
#11043=CARTESIAN_POINT('Ctrl Pts',(0.209029230832347,30.2958704309852,5.55636350218624));
#11044=CARTESIAN_POINT('Ctrl Pts',(0.143864484752629,30.1886771548675,5.65939373229425));
#11045=CARTESIAN_POINT('Ctrl Pts',(0.0896757079769992,30.1026049639467,
5.75432577143225));
#11046=CARTESIAN_POINT('Ctrl Pts',(0.0537070168130495,30.0465871420433,
5.81929273458953));
#11047=CARTESIAN_POINT('Ctrl Pts',(0.00878637795476478,29.9789584099491,
5.90325957135277));
#11048=CARTESIAN_POINT('Ctrl Pts',(-0.0389680551907451,29.9125342905878,
5.99102725443549));
#11049=CARTESIAN_POINT('Ctrl Pts',(-0.0816022486494798,29.8588812933931,
6.06091236007659));
#11050=CARTESIAN_POINT('Ctrl Pts',(-0.119664590917042,29.8149572337227,
6.11415969323192));
#11051=CARTESIAN_POINT('Ctrl Pts',(-0.157449828636824,29.775133656754,6.15595852718319));
#11052=CARTESIAN_POINT('Ctrl Pts',(-0.200142864020373,29.7330089697476,
6.18965639463117));
#11053=CARTESIAN_POINT('Ctrl Pts',(-0.241912385069606,29.6925711169347,
6.21356759422137));
#11054=CARTESIAN_POINT('Ctrl Pts',(-0.286483833546469,29.6489779243963,
6.23036741138229));
#11055=CARTESIAN_POINT('Ctrl Pts',(-0.334452265290235,29.5987175402418,
6.24192927366612));
#11056=CARTESIAN_POINT('Ctrl Pts',(-0.374726328442242,29.5536575665744,
6.24856290387815));
#11057=CARTESIAN_POINT('Ctrl Pts',(-0.4206385096018,29.4962309378828,6.25320428662273));
#11058=CARTESIAN_POINT('Ctrl Pts',(-0.461313050828351,29.4398755394237,
6.25570058349592));
#11059=CARTESIAN_POINT('Ctrl Pts',(-0.504585938493489,29.3709098948316,
6.256644255021));
#11060=CARTESIAN_POINT('Ctrl Pts',(-0.553776076960425,29.278750071986,6.25555311400599));
#11061=CARTESIAN_POINT('Ctrl Pts',(-0.594564894617323,29.1800474517595,
6.25052721895061));
#11062=CARTESIAN_POINT('Ctrl Pts',(-0.628063142100408,29.0770729313716,
6.23830368433483));
#11063=CARTESIAN_POINT('Ctrl Pts',(-0.64518457642074,29.0127710779662,6.22393512665501));
#11064=CARTESIAN_POINT('Ctrl Pts',(-0.666740781489726,28.927394844794,6.19426136821302));
#11065=CARTESIAN_POINT('Ctrl Pts',(-0.691091314023561,28.8331441148064,
6.13659073784888));
#11066=CARTESIAN_POINT('Ctrl Pts',(-0.733221545746537,28.7106081450736,
6.0150543659177));
#11067=CARTESIAN_POINT('Ctrl Pts',(-0.774290262345836,28.623641276657,5.90831712810757));
#11068=CARTESIAN_POINT('Ctrl Pts',(-0.803405577032431,28.5651047665186,
5.84145165945538));
#11069=CARTESIAN_POINT('Ctrl Pts',(0.691777245630803,30.4063206129537,5.49708249420199));
#11070=CARTESIAN_POINT('Ctrl Pts',(0.672146163835105,30.3744195839998,5.51833856083377));
#11071=CARTESIAN_POINT('Ctrl Pts',(0.633381609633217,30.3118782850052,5.5632441152299));
#11072=CARTESIAN_POINT('Ctrl Pts',(0.557357597668373,30.192147685084,5.66216231572097));
#11073=CARTESIAN_POINT('Ctrl Pts',(0.492802294619934,30.0952854462968,5.76032979619292));
#11074=CARTESIAN_POINT('Ctrl Pts',(0.437319320939693,30.0195417565786,5.8509731628609));
#11075=CARTESIAN_POINT('Ctrl Pts',(0.399804292176022,29.971004194227,5.91309225722226));
#11076=CARTESIAN_POINT('Ctrl Pts',(0.351418392535181,29.9141812621077,5.9936746823543));
#11077=CARTESIAN_POINT('Ctrl Pts',(0.296195152725721,29.8622943896861,6.07852185437556));
#11078=CARTESIAN_POINT('Ctrl Pts',(0.24247088374461,29.8244215491314,6.14678010075705));
#11079=CARTESIAN_POINT('Ctrl Pts',(0.190711305809739,29.7962781005142,6.19943565135031));
#11080=CARTESIAN_POINT('Ctrl Pts',(0.135160779397681,29.77328757143,6.24151595199927));
#11081=CARTESIAN_POINT('Ctrl Pts',(0.0670448798872582,29.7495580166066,
6.27633694452399));
#11082=CARTESIAN_POINT('Ctrl Pts',(-0.00342045854606879,29.7250255731263,
6.30175741759041));
#11083=CARTESIAN_POINT('Ctrl Pts',(-0.0828471611807574,29.6943607467117,
6.32040256330851));
#11084=CARTESIAN_POINT('Ctrl Pts',(-0.171351650761122,29.6498113538966,
6.33384214803901));
#11085=CARTESIAN_POINT('Ctrl Pts',(-0.24685244826567,29.6034579603904,6.34190296911868));
#11086=CARTESIAN_POINT('Ctrl Pts',(-0.332020259378395,29.5337843816849,
6.34781245009588));
#11087=CARTESIAN_POINT('Ctrl Pts',(-0.405133705412055,29.4578308774097,
6.35111008036836));
#11088=CARTESIAN_POINT('Ctrl Pts',(-0.47659583492978,29.3559036489584,6.3523907842338));
#11089=CARTESIAN_POINT('Ctrl Pts',(-0.545320026615034,29.2114208717339,
6.35090854081511));
#11090=CARTESIAN_POINT('Ctrl Pts',(-0.578728839545979,29.053052029991,6.34428102727128));
#11091=CARTESIAN_POINT('Ctrl Pts',(-0.581623515162946,28.8946732438886,
6.32945953531066));
#11092=CARTESIAN_POINT('Ctrl Pts',(-0.570090502789427,28.8023822605293,
6.31312448371514));
#11093=CARTESIAN_POINT('Ctrl Pts',(-0.550045315799219,28.6874446629978,
6.28098282717638));
#11094=CARTESIAN_POINT('Ctrl Pts',(-0.52709568657951,28.5743794820576,6.22151266973364));
#11095=CARTESIAN_POINT('Ctrl Pts',(-0.523370920637951,28.4437993031333,
6.10139857506919));
#11096=CARTESIAN_POINT('Ctrl Pts',(-0.547395504114733,28.3593761424044,
5.99840226346105));
#11097=CARTESIAN_POINT('Ctrl Pts',(-0.567776233683768,28.3027574357831,
5.93430169388712));
#11098=CARTESIAN_POINT('Ctrl Pts',(0.826738823266429,30.3303439020101,5.5));
#11099=CARTESIAN_POINT('Ctrl Pts',(0.807046420941843,30.2986951736649,5.52146037224821));
#11100=CARTESIAN_POINT('Ctrl Pts',(0.768129681223905,30.2367366601638,5.56675857865188));
#11101=CARTESIAN_POINT('Ctrl Pts',(0.691789458476691,30.1185573906664,5.66668928607318));
#11102=CARTESIAN_POINT('Ctrl Pts',(0.62680722759211,30.0237362835825,5.76591915705653));
#11103=CARTESIAN_POINT('Ctrl Pts',(0.570780248889697,29.9508230543987,5.85788818470409));
#11104=CARTESIAN_POINT('Ctrl Pts',(0.532817451282105,29.9045833570121,5.9210341405861));
#11105=CARTESIAN_POINT('Ctrl Pts',(0.483610380156205,29.8515481095939,6.00315768349373));
#11106=CARTESIAN_POINT('Ctrl Pts',(0.426833110278901,29.8057984704955,6.09024967365114));
#11107=CARTESIAN_POINT('Ctrl Pts',(0.370732711432215,29.775571779704,6.16108964782964));
#11108=CARTESIAN_POINT('Ctrl Pts',(0.315729519181882,29.7557562859113,6.21639641325035));
#11109=CARTESIAN_POINT('Ctrl Pts',(0.255579045392041,29.7423970916298,6.26141598954917));
#11110=CARTESIAN_POINT('Ctrl Pts',(0.179893970452679,29.7302709107889,6.29970527964531));
#11111=CARTESIAN_POINT('Ctrl Pts',(0.0999749853256587,29.7167455738663,
6.32847598991511));
#11112=CARTESIAN_POINT('Ctrl Pts',(0.00778969862044117,29.6965231505104,
6.3505127224066));
#11113=CARTESIAN_POINT('Ctrl Pts',(-0.0969887888163325,29.6595058913557,
6.36716135377096));
#11114=CARTESIAN_POINT('Ctrl Pts',(-0.187457490065194,29.6164903411588,
6.37758341298112));
#11115=CARTESIAN_POINT('Ctrl Pts',(-0.290045168662762,29.5449916825276,
6.38556559872459));
#11116=CARTESIAN_POINT('Ctrl Pts',(-0.37778822839158,29.4627538246707,6.39016958217027));
#11117=CARTESIAN_POINT('Ctrl Pts',(-0.461627602728749,29.3477925375746,
6.39200045726661));
#11118=CARTESIAN_POINT('Ctrl Pts',(-0.537442921159756,29.1812141381034,
6.38987884801523));
#11119=CARTESIAN_POINT('Ctrl Pts',(-0.563368193495922,28.998246074173,6.38064719980418));
#11120=CARTESIAN_POINT('Ctrl Pts',(-0.54714494897059,28.8199916565118,6.3615227672852));
#11121=CARTESIAN_POINT('Ctrl Pts',(-0.519697675444122,28.7198738905825,
6.34174685547482));
#11122=CARTESIAN_POINT('Ctrl Pts',(-0.477915764957313,28.5988452809231,
6.30465672004399));
#11123=CARTESIAN_POINT('Ctrl Pts',(-0.432469852571931,28.485601017195,6.23947006010682));
#11124=CARTESIAN_POINT('Ctrl Pts',(-0.409213265482116,28.3586152830503,
6.11330531268865));
#11125=CARTESIAN_POINT('Ctrl Pts',(-0.427317014059293,28.2759630737461,
6.00807060997407));
#11126=CARTESIAN_POINT('Ctrl Pts',(-0.444797450926083,28.2203073413332,
5.94271749230455));
#11127=CARTESIAN_POINT('',(0.826738823266429,30.3303439020101,5.5));
#11128=CARTESIAN_POINT('Ctrl Pts',(-0.556731551230269,28.9999543550583,
6.37917155491721));
#11129=CARTESIAN_POINT('Ctrl Pts',(-0.556575770255864,29.0040816095418,
6.37948468963995));
#11130=CARTESIAN_POINT('Ctrl Pts',(-0.553751223338902,29.0661180096223,
6.38407167628391));
#11131=CARTESIAN_POINT('Ctrl Pts',(-0.537442921159756,29.1812141381034,
6.38987884801523));
#11132=CARTESIAN_POINT('Ctrl Pts',(-0.461627602728749,29.3477925375746,
6.39200045726661));
#11133=CARTESIAN_POINT('Ctrl Pts',(-0.37778822839158,29.4627538246707,6.39016958217027));
#11134=CARTESIAN_POINT('Ctrl Pts',(-0.290045168662762,29.5449916825276,
6.38556559872459));
#11135=CARTESIAN_POINT('Ctrl Pts',(-0.187457490065194,29.6164903411588,
6.37758341298112));
#11136=CARTESIAN_POINT('Ctrl Pts',(-0.0969887888163325,29.6595058913557,
6.36716135377096));
#11137=CARTESIAN_POINT('Ctrl Pts',(0.00778969862044117,29.6965231505104,
6.3505127224066));
#11138=CARTESIAN_POINT('Ctrl Pts',(0.0999749853256587,29.7167455738663,
6.32847598991511));
#11139=CARTESIAN_POINT('Ctrl Pts',(0.179893970452679,29.7302709107889,6.29970527964531));
#11140=CARTESIAN_POINT('Ctrl Pts',(0.255579045392041,29.7423970916298,6.26141598954917));
#11141=CARTESIAN_POINT('Ctrl Pts',(0.315729519181882,29.7557562859113,6.21639641325035));
#11142=CARTESIAN_POINT('Ctrl Pts',(0.370732711432215,29.775571779704,6.16108964782964));
#11143=CARTESIAN_POINT('Ctrl Pts',(0.426833110278901,29.8057984704955,6.09024967365114));
#11144=CARTESIAN_POINT('Ctrl Pts',(0.483610380156205,29.8515481095939,6.00315768349373));
#11145=CARTESIAN_POINT('Ctrl Pts',(0.532817451282105,29.9045833570121,5.9210341405861));
#11146=CARTESIAN_POINT('Ctrl Pts',(0.570780248889697,29.9508230543987,5.85788818470409));
#11147=CARTESIAN_POINT('Ctrl Pts',(0.62680722759211,30.0237362835825,5.76591915705653));
#11148=CARTESIAN_POINT('Ctrl Pts',(0.691789458476691,30.1185573906664,5.66668928607318));
#11149=CARTESIAN_POINT('Ctrl Pts',(0.768129681223905,30.2367366601638,5.56675857865188));
#11150=CARTESIAN_POINT('Ctrl Pts',(0.807046420941843,30.2986951736649,5.52146037224821));
#11151=CARTESIAN_POINT('Ctrl Pts',(0.826738823266429,30.3303439020101,5.5));
#11152=CARTESIAN_POINT('Ctrl Pts',(-0.302644265587735,29.7437543988414,
5.5));
#11153=CARTESIAN_POINT('Ctrl Pts',(-0.259539772562773,29.8184135707951,
5.5));
#11154=CARTESIAN_POINT('Ctrl Pts',(-0.208316144874597,29.8885026964071,
5.49999999999757));
#11155=CARTESIAN_POINT('Ctrl Pts',(-0.0244116863654225,30.0957286010443,
5.49999999999757));
#11156=CARTESIAN_POINT('Ctrl Pts',(0.127514344167506,30.2063395760318,5.5));
#11157=CARTESIAN_POINT('Ctrl Pts',(0.374013255729368,30.3261013668136,5.5));
#11158=CARTESIAN_POINT('Ctrl Pts',(0.475085364016059,30.3587221321222,5.5));
#11159=CARTESIAN_POINT('Ctrl Pts',(0.615146088714257,30.3747454298319,5.5));
#11160=CARTESIAN_POINT('Ctrl Pts',(0.661409722283576,30.3751855662277,5.5));
#11161=CARTESIAN_POINT('Ctrl Pts',(0.748656519096976,30.3622738165504,5.5));
#11162=CARTESIAN_POINT('Ctrl Pts',(0.789010037366288,30.3499908230634,5.5));
#11163=CARTESIAN_POINT('Ctrl Pts',(0.826738823266428,30.3303439020101,5.5));
#11164=CARTESIAN_POINT('Ctrl Pts',(-0.728445073813442,29.0062457650906,
5.50000069359786));
#11165=CARTESIAN_POINT('Ctrl Pts',(-0.729644655185448,29.0041680292065,
5.49715006566526));
#11166=CARTESIAN_POINT('Ctrl Pts',(-0.730846582842833,29.0020862294368,
5.4943059867755));
#11167=CARTESIAN_POINT('Ctrl Pts',(-0.732050818477294,29.0000004321337,
5.49146861461114));
#11168=CARTESIAN_POINT('Origin',(0.133974598211936,27.5000004097819,1.5));
#11169=CARTESIAN_POINT('',(-0.732050818477287,29.0000004321337,1.5));
#11170=CARTESIAN_POINT('',(-0.732050818477287,29.0000004321337,1.5));
#11171=CARTESIAN_POINT('',(0.133974598211936,27.5000004097819,1.5));
#11172=CARTESIAN_POINT('',(0.133974598211936,27.5000004097819,1.5));
#11173=CARTESIAN_POINT('',(0.133974598211936,27.5000004097819,5.5));
#11174=CARTESIAN_POINT('',(0.133974598211936,27.5000004097819,1.5));
#11175=CARTESIAN_POINT('',(-0.0825317559603696,27.8750004153699,5.5));
#11176=CARTESIAN_POINT('Origin',(0.133974598211936,29.0000004321337,7.232));
#11177=CARTESIAN_POINT('',(0.633974598211934,29.0000004321337,7.232));
#11178=CARTESIAN_POINT('',(-0.366025401788064,29.0000004321337,7.232));
#11179=CARTESIAN_POINT('Origin',(0.133974598211936,29.0000004321337,7.232));
#11180=CARTESIAN_POINT('Origin',(0.133974598211936,29.0000004321337,7.232));
#11181=CARTESIAN_POINT('',(1.00000001490116,29.0000004321337,6.07868865387773));
#11182=CARTESIAN_POINT('Origin',(2.63397459821193,29.0000004321337,7.232));
#11183=CARTESIAN_POINT('',(1.00000001490116,30.2246375200112,5.50000000000014));
#11184=CARTESIAN_POINT('Ctrl Pts',(1.00000001490116,30.2246375200112,5.50000000000027));
#11185=CARTESIAN_POINT('Ctrl Pts',(1.00000001490116,29.9756001597333,5.61740766696589));
#11186=CARTESIAN_POINT('Ctrl Pts',(1.00000001490116,29.7682551599275,5.75091562115921));
#11187=CARTESIAN_POINT('Ctrl Pts',(1.00000001490116,29.462947142561,5.93212573838016));
#11188=CARTESIAN_POINT('Ctrl Pts',(1.00000001490116,29.3520166953053,5.99325629984489));
#11189=CARTESIAN_POINT('Ctrl Pts',(1.00000001490116,29.1608758034732,6.0624238780487));
#11190=CARTESIAN_POINT('Ctrl Pts',(1.00000001490116,29.0814767843551,6.07868865387773));
#11191=CARTESIAN_POINT('Ctrl Pts',(1.00000001490116,29.0000004321337,6.07868865387773));
#11192=CARTESIAN_POINT('Origin',(0.133974598211936,29.0000004321337,5.5));
#11193=CARTESIAN_POINT('',(1.00000001490116,27.7753633442562,5.50000000000014));
#11194=CARTESIAN_POINT('Origin',(0.133974598211936,29.0000004321337,5.5));
#11195=CARTESIAN_POINT('Ctrl Pts',(1.00000001490116,29.0000004321337,6.07868865387773));
#11196=CARTESIAN_POINT('Ctrl Pts',(1.00000001490116,28.9185240799122,6.07868865387773));
#11197=CARTESIAN_POINT('Ctrl Pts',(1.00000001490116,28.839125060794,6.06242387804867));
#11198=CARTESIAN_POINT('Ctrl Pts',(1.00000001490116,28.6479841689621,5.99325629984488));
#11199=CARTESIAN_POINT('Ctrl Pts',(1.00000001490116,28.5370537217063,5.93212573838014));
#11200=CARTESIAN_POINT('Ctrl Pts',(1.00000001490116,28.2317457043398,5.7509156211592));
#11201=CARTESIAN_POINT('Ctrl Pts',(1.00000001490116,28.024400704534,5.61740766696589));
#11202=CARTESIAN_POINT('Ctrl Pts',(1.00000001490116,27.7753633442562,5.50000000000027));
#11203=CARTESIAN_POINT('Origin',(-0.732050818477287,29.0000004321337,1.5));
#11204=CARTESIAN_POINT('',(0.133974598211936,30.5000004544854,5.5));
#11205=CARTESIAN_POINT('',(-0.515544464304981,29.3750004377216,5.5));
#11206=CARTESIAN_POINT('',(0.133974598211936,30.5000004544854,1.5));
#11207=CARTESIAN_POINT('',(0.133974598211936,30.5000004544854,1.5));
#11208=CARTESIAN_POINT('',(-0.732050818477287,29.0000004321337,1.5));
#11209=CARTESIAN_POINT('Ctrl Pts',(2.4447974807284,29.7796935229342,5.94271749230455));
#11210=CARTESIAN_POINT('Ctrl Pts',(2.43603205452674,29.7517853980468,5.97548829399251));
#11211=CARTESIAN_POINT('Ctrl Pts',(2.42514329483283,29.7101654186633,6.02593791457373));
#11212=CARTESIAN_POINT('Ctrl Pts',(2.41805514714814,29.6517174154021,6.09555441810937));
#11213=CARTESIAN_POINT('Ctrl Pts',(2.41850394671751,29.5883835443782,6.1666460944522));
#11214=CARTESIAN_POINT('Ctrl Pts',(2.43209776341241,29.5142492588954,6.23975887184478));
#11215=CARTESIAN_POINT('Ctrl Pts',(2.47765410685729,29.4005116156857,6.30469025507625));
#11216=CARTESIAN_POINT('Ctrl Pts',(2.51902563768108,29.2827569233466,6.34157476386418));
#11217=CARTESIAN_POINT('Ctrl Pts',(2.54725165711297,29.1756145417025,6.36188360087593));
#11218=CARTESIAN_POINT('Ctrl Pts',(2.55728542648498,29.0582052783606,6.37456704829937));
#11219=CARTESIAN_POINT('Ctrl Pts',(2.55660351514112,28.9644603601102,6.38242294455539));
#11220=CARTESIAN_POINT('Ctrl Pts',(2.5396976563771,28.8233771911121,6.39000639197618));
#11221=CARTESIAN_POINT('Ctrl Pts',(2.45344027748334,28.6374805979047,6.39214839957608));
#11222=CARTESIAN_POINT('Ctrl Pts',(2.3687752668504,28.5295244939089,6.38982114986118));
#11223=CARTESIAN_POINT('Ctrl Pts',(2.28726536367433,28.4529297192997,6.38546429846929));
#11224=CARTESIAN_POINT('Ctrl Pts',(2.12432481508088,28.3424619220699,6.37281141756966));
#11225=CARTESIAN_POINT('Ctrl Pts',(1.9603420264346,28.2957738225098,6.34562093638806));
#11226=CARTESIAN_POINT('Ctrl Pts',(1.87046195848236,28.2772006624991,6.31786360545306));
#11227=CARTESIAN_POINT('Ctrl Pts',(1.81337389542009,28.26841345239,6.29594229803217));
#11228=CARTESIAN_POINT('Ctrl Pts',(1.76599490872539,28.260449787419,6.272042348653));
#11229=CARTESIAN_POINT('Ctrl Pts',(1.7206594207544,28.2518386020908,6.24312525670452));
#11230=CARTESIAN_POINT('Ctrl Pts',(1.6739881979925,28.2400340676271,6.20578817530847));
#11231=CARTESIAN_POINT('Ctrl Pts',(1.61310930661118,28.2180006349901,6.14382007722537));
#11232=CARTESIAN_POINT('Ctrl Pts',(1.56133668195902,28.1847322301885,6.07170532266204));
#11233=CARTESIAN_POINT('Ctrl Pts',(1.48573195222387,28.1192319419843,5.9536804404478));
#11234=CARTESIAN_POINT('Ctrl Pts',(1.41901539892634,28.0380476101628,5.83853929896025));
#11235=CARTESIAN_POINT('Ctrl Pts',(1.35423878765399,27.9478741286862,5.73731495427939));
#11236=CARTESIAN_POINT('Ctrl Pts',(1.32172624330943,27.900189556063,5.68907345986248));
#11237=CARTESIAN_POINT('Ctrl Pts',(1.30304563808873,27.8722908522753,5.66234845132126));
#11238=CARTESIAN_POINT('Ctrl Pts',(1.27489561688537,27.8297588377055,5.62300883470314));
#11239=CARTESIAN_POINT('Ctrl Pts',(1.24154903444092,27.7782163652252,5.57939098417727));
#11240=CARTESIAN_POINT('Ctrl Pts',(1.20759716972524,27.7245483127719,5.53866401919863));
#11241=CARTESIAN_POINT('Ctrl Pts',(1.18803167158474,27.6933521774662,5.51627367764436));
#11242=CARTESIAN_POINT('Ctrl Pts',(1.17819296756453,27.6775830630186,5.50537453103838));
#11243=CARTESIAN_POINT('Ctrl Pts',(1.17326120653516,27.669656962256,5.4999999999992));
#11244=CARTESIAN_POINT('Ctrl Pts',(2.60876919107198,29.6697600636676,5.93149642774798));
#11245=CARTESIAN_POINT('Ctrl Pts',(2.59804096711299,29.6412104806398,5.96339058841539));
#11246=CARTESIAN_POINT('Ctrl Pts',(2.58391629435101,29.5986663938692,6.01259200172328));
#11247=CARTESIAN_POINT('Ctrl Pts',(2.56967425722479,29.5382635055035,6.07954800234826));
#11248=CARTESIAN_POINT('Ctrl Pts',(2.56009225201059,29.4726481073361,6.14726430274761));
#11249=CARTESIAN_POINT('Ctrl Pts',(2.55872086189125,29.3960603576489,6.21581864660385));
#11250=CARTESIAN_POINT('Ctrl Pts',(2.57389763919443,29.2826025357277,6.27300124958165));
#11251=CARTESIAN_POINT('Ctrl Pts',(2.5866106241102,29.172459661811,6.30332145540565));
#11252=CARTESIAN_POINT('Ctrl Pts',(2.59239625706145,29.0768162503364,6.31879144729652));
#11253=CARTESIAN_POINT('Ctrl Pts',(2.58585882358207,28.9769517266666,6.32769715690263));
#11254=CARTESIAN_POINT('Ctrl Pts',(2.57516795528539,28.89817794314,6.33303836680665));
#11255=CARTESIAN_POINT('Ctrl Pts',(2.54949392214952,28.7824855609681,6.33779616169671));
#11256=CARTESIAN_POINT('Ctrl Pts',(2.4743432985422,28.6294098293281,6.33905920153705));
#11257=CARTESIAN_POINT('Ctrl Pts',(2.40697440825772,28.5370827468716,6.33767209947174));
#11258=CARTESIAN_POINT('Ctrl Pts',(2.34351628547827,28.4682447416272,6.33494000815895));
#11259=CARTESIAN_POINT('Ctrl Pts',(2.21772520579315,28.3607866713816,6.32675574279319));
#11260=CARTESIAN_POINT('Ctrl Pts',(2.08767890827239,28.2946158910419,6.30668108042148));
#11261=CARTESIAN_POINT('Ctrl Pts',(2.01268412674443,28.2609113520125,6.28375551842442));
#11262=CARTESIAN_POINT('Ctrl Pts',(1.96455009222805,28.2411725444714,6.26511649625666));
#11263=CARTESIAN_POINT('Ctrl Pts',(1.92347817764825,28.2235259610692,6.24414566919098));
#11264=CARTESIAN_POINT('Ctrl Pts',(1.88346329843538,28.2052849813051,6.21815035768814));
#11265=CARTESIAN_POINT('Ctrl Pts',(1.84135922469019,28.1835400781276,6.18390963892804));
#11266=CARTESIAN_POINT('Ctrl Pts',(1.78523784182093,28.1491908706864,6.12587502388381));
#11267=CARTESIAN_POINT('Ctrl Pts',(1.73588610708174,28.1071392692893,6.0568760991401));
#11268=CARTESIAN_POINT('Ctrl Pts',(1.66282230798934,28.0314324473311,5.94276406586568));
#11269=CARTESIAN_POINT('Ctrl Pts',(1.59713851052747,27.9450839710699,5.82975171382462));
#11270=CARTESIAN_POINT('Ctrl Pts',(1.53306721963884,27.8516379721084,5.73015676465503));
#11271=CARTESIAN_POINT('Ctrl Pts',(1.50081304612038,27.8026680836029,5.68265858467542));
#11272=CARTESIAN_POINT('Ctrl Pts',(1.48227138909601,27.7741077296635,5.65635315788771));
#11273=CARTESIAN_POINT('Ctrl Pts',(1.45431582003906,27.7306587108632,5.61761281735022));
#11274=CARTESIAN_POINT('Ctrl Pts',(1.42115070124272,27.6782305222948,5.57445339708351));
#11275=CARTESIAN_POINT('Ctrl Pts',(1.38737644236322,27.6238545404519,5.53426739863499));
#11276=CARTESIAN_POINT('Ctrl Pts',(1.36790906345462,27.5922978601838,5.51217077724147));
#11277=CARTESIAN_POINT('Ctrl Pts',(1.35811754642551,27.5763608165358,5.50141098689012));
#11278=CARTESIAN_POINT('Ctrl Pts',(1.35320997671599,27.568354680998,5.49610999226854));
#11279=CARTESIAN_POINT('Ctrl Pts',(2.82234790684457,29.3834659614042,5.81168402865971));
#11280=CARTESIAN_POINT('Ctrl Pts',(2.80701444130534,29.3539986454429,5.8460838655278));
#11281=CARTESIAN_POINT('Ctrl Pts',(2.78465702445861,29.3101884386331,5.89874009370439));
#11282=CARTESIAN_POINT('Ctrl Pts',(2.75620196649548,29.2506584541967,5.97057147059315));
#11283=CARTESIAN_POINT('Ctrl Pts',(2.72824644408499,29.1883531949037,6.04295875661264));
#11284=CARTESIAN_POINT('Ctrl Pts',(2.70043391111059,29.1195237497625,6.11551462211359));
#11285=CARTESIAN_POINT('Ctrl Pts',(2.67141230436176,29.0315671389716,6.17531148453187));
#11286=CARTESIAN_POINT('Ctrl Pts',(2.64706824442495,28.9550903723466,6.20652936820429));
#11287=CARTESIAN_POINT('Ctrl Pts',(2.62660019929834,28.893023966864,6.22221444920421));
#11288=CARTESIAN_POINT('Ctrl Pts',(2.60361986288863,28.8315644267281,6.23114371151499));
#11289=CARTESIAN_POINT('Ctrl Pts',(2.58431631481418,28.7835241039742,6.2364750048627));
#11290=CARTESIAN_POINT('Ctrl Pts',(2.55424291889262,28.7145345587064,6.24118004878071));
#11291=CARTESIAN_POINT('Ctrl Pts',(2.50277830990041,28.6200357474519,6.24242195265138));
#11292=CARTESIAN_POINT('Ctrl Pts',(2.46421157292119,28.5589497372641,6.24105765666635));
#11293=CARTESIAN_POINT('Ctrl Pts',(2.43028043050692,28.5099115884585,6.23835385440964));
#11294=CARTESIAN_POINT('Ctrl Pts',(2.36614350833147,28.4252527455823,6.23024062193012));
#11295=CARTESIAN_POINT('Ctrl Pts',(2.30114847915123,28.3523573898085,6.20997615948288));
#11296=CARTESIAN_POINT('Ctrl Pts',(2.26090182699719,28.3077421404839,6.18636287045413));
#11297=CARTESIAN_POINT('Ctrl Pts',(2.23453545747576,28.2787968965069,6.16701808619572));
#11298=CARTESIAN_POINT('Ctrl Pts',(2.21080789547162,28.2520590236051,6.14510285363726));
#11299=CARTESIAN_POINT('Ctrl Pts',(2.18654139969227,28.2239020472282,6.11775708102673));
#11300=CARTESIAN_POINT('Ctrl Pts',(2.15942416727527,28.1910547561495,6.08152916800412));
#11301=CARTESIAN_POINT('Ctrl Pts',(2.12041894713848,28.1409987675896,6.01992734002748));
#11302=CARTESIAN_POINT('Ctrl Pts',(2.08126534403012,28.0855890405226,5.94604148164197));
#11303=CARTESIAN_POINT('Ctrl Pts',(2.01845626389511,27.9914155284307,5.82344439783989));
#11304=CARTESIAN_POINT('Ctrl Pts',(1.95553165099558,27.8902727749768,5.70203161967131));
#11305=CARTESIAN_POINT('Ctrl Pts',(1.89130764521625,27.7841009925944,5.59461042529378));
#11306=CARTESIAN_POINT('Ctrl Pts',(1.85834847742598,27.7290371018686,5.54327506343198));
#11307=CARTESIAN_POINT('Ctrl Pts',(1.83927400152551,27.6970507904017,5.51480484390906));
#11308=CARTESIAN_POINT('Ctrl Pts',(1.81039168262229,27.6484974337959,5.47287306835167));
#11309=CARTESIAN_POINT('Ctrl Pts',(1.7758818305487,27.5901622961235,5.42637483410272));
#11310=CARTESIAN_POINT('Ctrl Pts',(1.74039897342233,27.529924883386,5.38287686755577));
#11311=CARTESIAN_POINT('Ctrl Pts',(1.71987814269572,27.4950222988401,5.35895428044566));
#11312=CARTESIAN_POINT('Ctrl Pts',(1.70953719588674,27.4774138321673,5.34730758907217));
#11313=CARTESIAN_POINT('Ctrl Pts',(1.70434709298892,27.4685719238041,5.3415624069883));
#11314=CARTESIAN_POINT('Ctrl Pts',(2.78858069072035,29.0979129913849,5.58743804933321));
#11315=CARTESIAN_POINT('Ctrl Pts',(2.77044845128952,29.0665330835049,5.62873420355586));
#11316=CARTESIAN_POINT('Ctrl Pts',(2.74415440932453,29.0208572893686,5.69220360897141));
#11317=CARTESIAN_POINT('Ctrl Pts',(2.71045661315383,28.9625369507902,5.77955672316897));
#11318=CARTESIAN_POINT('Ctrl Pts',(2.67740232598387,28.9053384628532,5.86847173809921));
#11319=CARTESIAN_POINT('Ctrl Pts',(2.64500106891017,28.8491522858893,5.9593394964326));
#11320=CARTESIAN_POINT('Ctrl Pts',(2.61345702699841,28.794681900037,6.0386672157066));
#11321=CARTESIAN_POINT('Ctrl Pts',(2.59120718850781,28.7562523984361,6.08290733510912));
#11322=CARTESIAN_POINT('Ctrl Pts',(2.57537093073984,28.7288764788514,6.10681521499815));
#11323=CARTESIAN_POINT('Ctrl Pts',(2.56097998891452,28.7039803742223,6.12148583852542));
#11324=CARTESIAN_POINT('Ctrl Pts',(2.54995568571088,28.6849019208954,6.13051246790836));
#11325=CARTESIAN_POINT('Ctrl Pts',(2.53461849962682,28.6583466489281,6.13909260117743));
#11326=CARTESIAN_POINT('Ctrl Pts',(2.51331322493996,28.6214461738958,6.14148972297527));
#11327=CARTESIAN_POINT('Ctrl Pts',(2.49896910515786,28.5965999488678,6.13888075109882));
#11328=CARTESIAN_POINT('Ctrl Pts',(2.4869267564737,28.5757366091782,6.13395114384908));
#11329=CARTESIAN_POINT('Ctrl Pts',(2.46495168787914,28.5376559083812,6.11955568054115));
#11330=CARTESIAN_POINT('Ctrl Pts',(2.44211944751826,28.4980297139944,6.0877665883847));
#11331=CARTESIAN_POINT('Ctrl Pts',(2.42545187493728,28.4690790980599,6.05443768712157));
#11332=CARTESIAN_POINT('Ctrl Pts',(2.41364277768202,28.4485657024292,6.02790824930775));
#11333=CARTESIAN_POINT('Ctrl Pts',(2.40177740388383,28.427953607519,5.9987377172245));
#11334=CARTESIAN_POINT('Ctrl Pts',(2.38820752067367,28.4043850906385,5.96319582334004));
#11335=CARTESIAN_POINT('Ctrl Pts',(2.37121328105984,28.3748710682395,5.91702997528199));
#11336=CARTESIAN_POINT('Ctrl Pts',(2.34332945202427,28.3265449048097,5.83997546880271));
#11337=CARTESIAN_POINT('Ctrl Pts',(2.30969404411908,28.2682235765503,5.7496437095153));
#11338=CARTESIAN_POINT('Ctrl Pts',(2.25035819212562,28.1654003594087,5.60130704252819));
#11339=CARTESIAN_POINT('Ctrl Pts',(2.18406372312147,28.0507482967364,5.45607624126427));
#11340=CARTESIAN_POINT('Ctrl Pts',(2.11363596357891,27.928828638908,5.32818511373732));
#11341=CARTESIAN_POINT('Ctrl Pts',(2.07693684219996,27.8652709554405,5.26718986061825));
#11342=CARTESIAN_POINT('Ctrl Pts',(2.05558854750986,27.8282885121372,5.23338878495077));
#11343=CARTESIAN_POINT('Ctrl Pts',(2.02314784365043,27.7720915597099,5.183626311557));
#11344=CARTESIAN_POINT('Ctrl Pts',(1.98406156050742,27.7044466531794,5.12845988493922));
#11345=CARTESIAN_POINT('Ctrl Pts',(1.94364763762869,27.6344473161023,5.07691743511764));
#11346=CARTESIAN_POINT('Ctrl Pts',(1.92021366753118,27.5938581517718,5.04857835602196));
#11347=CARTESIAN_POINT('Ctrl Pts',(1.90838541802423,27.5733715592121,5.0347831070807));
#11348=CARTESIAN_POINT('Ctrl Pts',(1.90244547427257,27.5630817741213,5.02797956605328));
#11349=CARTESIAN_POINT('Ctrl Pts',(2.73205084827961,29.0000004321337,5.49146861461114));
#11350=CARTESIAN_POINT('Ctrl Pts',(2.71327428934298,28.9674784780641,5.53570919688989));
#11351=CARTESIAN_POINT('Ctrl Pts',(2.68616923686975,28.9205311500386,5.60381618467453));
#11352=CARTESIAN_POINT('Ctrl Pts',(2.65215021081275,28.8616084684839,5.69779846444765));
#11353=CARTESIAN_POINT('Ctrl Pts',(2.61951302527185,28.805079204911,5.79377222751047));
#11354=CARTESIAN_POINT('Ctrl Pts',(2.58894138221991,28.7521275658742,5.89247447699046));
#11355=CARTESIAN_POINT('Ctrl Pts',(2.56338040544833,28.7078546554147,5.98013184435295));
#11356=CARTESIAN_POINT('Ctrl Pts',(2.54843850483281,28.681974524387,6.02992593121665));
#11357=CARTESIAN_POINT('Ctrl Pts',(2.53954663420119,28.6665733526787,6.05734286118252));
#11358=CARTESIAN_POINT('Ctrl Pts',(2.5328673882357,28.6550045593102,6.07446551520416));
#11359=CARTESIAN_POINT('Ctrl Pts',(2.52810824593121,28.6467614830384,6.08507097514979));
#11360=CARTESIAN_POINT('Ctrl Pts',(2.52222728585464,28.6365753613885,6.09530862916785));
#11361=CARTESIAN_POINT('Ctrl Pts',(2.51484278184798,28.6237850252602,6.09820033942771));
#11362=CARTESIAN_POINT('Ctrl Pts',(2.50981839847692,28.6150825379849,6.0950585523126));
#11363=CARTESIAN_POINT('Ctrl Pts',(2.50534666500503,28.6073372684137,6.08917680293354));
#11364=CARTESIAN_POINT('Ctrl Pts',(2.49652078066329,28.592050388312,6.07209541371905));
#11365=CARTESIAN_POINT('Ctrl Pts',(2.48432704784827,28.5709302235425,6.03538826412389));
#11366=CARTESIAN_POINT('Ctrl Pts',(2.47303910944922,28.5513789407226,5.99791586736163));
#11367=CARTESIAN_POINT('Ctrl Pts',(2.46431638682738,28.5362707419613,5.96832210234344));
#11368=CARTESIAN_POINT('Ctrl Pts',(2.45482012438426,28.5198227329278,5.93605717068156));
#11369=CARTESIAN_POINT('Ctrl Pts',(2.44320768164872,28.4997093921098,5.89701909655111));
#11370=CARTESIAN_POINT('Ctrl Pts',(2.42786887069096,28.4731417922033,5.84661403666644));
#11371=CARTESIAN_POINT('Ctrl Pts',(2.40147563628931,28.4274273692436,5.76295710425426));
#11372=CARTESIAN_POINT('Ctrl Pts',(2.36785552404555,28.3691956266812,5.66560218559375));
#11373=CARTESIAN_POINT('Ctrl Pts',(2.30726065124759,28.264242228317,5.50626859460454));
#11374=CARTESIAN_POINT('Ctrl Pts',(2.2381854759772,28.144600515207,5.35082805359633));
#11375=CARTESIAN_POINT('Ctrl Pts',(2.16420804278457,28.0164678423038,5.21417518827717));
#11376=CARTESIAN_POINT('Ctrl Pts',(2.12553934344797,27.9494916903902,5.14904917081435));
#11377=CARTESIAN_POINT('Ctrl Pts',(2.10302004168293,27.9104871155822,5.11297040928369));
#11378=CARTESIAN_POINT('Ctrl Pts',(2.06877990360243,27.8511814567686,5.05986192684924));
#11379=CARTESIAN_POINT('Ctrl Pts',(2.02750338863835,27.7796884356914,5.00097782863932));
#11380=CARTESIAN_POINT('Ctrl Pts',(1.98475463481432,27.705645422108,4.94599642591815));
#11381=CARTESIAN_POINT('Ctrl Pts',(1.95995631343976,27.6626934695448,4.91576946481989));
#11382=CARTESIAN_POINT('Ctrl Pts',(1.94743644273477,27.6410084173796,4.90105561690181));
#11383=CARTESIAN_POINT('Ctrl Pts',(1.94114768330913,27.6301159665378,4.89379999999892));
#11384=CARTESIAN_POINT('',(2.55629236685822,28.999844578169,6.37905775858253));
#11385=CARTESIAN_POINT('',(1.17419906790509,27.6691295648201,5.49997886687098));
#11386=CARTESIAN_POINT('Ctrl Pts',(2.55632932777658,29.0000022734254,6.37894529236328));
#11387=CARTESIAN_POINT('Ctrl Pts',(2.55612348993879,28.9946724661462,6.37934774091281));
#11388=CARTESIAN_POINT('Ctrl Pts',(2.55334871927521,28.9361115089854,6.38363303727745));
#11389=CARTESIAN_POINT('Ctrl Pts',(2.53975528855843,28.8231363043234,6.38969876374812));
#11390=CARTESIAN_POINT('Ctrl Pts',(2.45356337255862,28.6374330808483,6.3918356029865));
#11391=CARTESIAN_POINT('Ctrl Pts',(2.36900025131691,28.5295690800405,6.38951388137433));
#11392=CARTESIAN_POINT('Ctrl Pts',(2.28759668550366,28.4530200451399,6.38516658355775));
#11393=CARTESIAN_POINT('Ctrl Pts',(2.12487497861873,28.3425700954346,6.37253997803398));
#11394=CARTESIAN_POINT('Ctrl Pts',(1.96109216219383,28.2957673957233,6.34539133572971));
#11395=CARTESIAN_POINT('Ctrl Pts',(1.87129984748745,28.277105193002,6.31766241044924));
#11396=CARTESIAN_POINT('Ctrl Pts',(1.81426457683639,28.2682535280337,6.29576039779221));
#11397=CARTESIAN_POINT('Ctrl Pts',(1.766922789547,28.2602328686382,6.27187766504496));
#11398=CARTESIAN_POINT('Ctrl Pts',(1.72161869015196,28.2515649957978,6.24297774387501));
#11399=CARTESIAN_POINT('Ctrl Pts',(1.67497442068228,28.2397019398438,6.2056588555702));
#11400=CARTESIAN_POINT('Ctrl Pts',(1.61412361594963,28.2175959882007,6.1437138622969));
#11401=CARTESIAN_POINT('Ctrl Pts',(1.56236529320594,28.1842758510284,6.07161739612221));
#11402=CARTESIAN_POINT('Ctrl Pts',(1.48677557157298,28.1187154276486,5.95361546488668));
#11403=CARTESIAN_POINT('Ctrl Pts',(1.4200651089702,28.037500633537,5.83848678488608));
#11404=CARTESIAN_POINT('Ctrl Pts',(1.355292643873,27.9473078259651,5.73727196911629));
#11405=CARTESIAN_POINT('Ctrl Pts',(1.32278161405249,27.8996156555705,5.68903481993256));
#11406=CARTESIAN_POINT('Ctrl Pts',(1.30410182230589,27.8717130387205,5.66231226417115));
#11407=CARTESIAN_POINT('Ctrl Pts',(1.2759529383283,27.8291755985458,5.62297615012731));
#11408=CARTESIAN_POINT('Ctrl Pts',(1.24260741397575,27.7776278791261,5.57936097304379));
#11409=CARTESIAN_POINT('Ctrl Pts',(1.20865658226449,27.7239556253974,5.53863716698969));
#11410=CARTESIAN_POINT('Ctrl Pts',(1.1890916540886,27.6927573480187,5.51624854040424));
#11411=CARTESIAN_POINT('Ctrl Pts',(1.17925322388986,27.6769872351217,5.50535020733347));
#11412=CARTESIAN_POINT('Ctrl Pts',(1.17432160323471,27.6690606582408,5.49997610574336));
#11413=CARTESIAN_POINT('Ctrl Pts',(2.30264429539005,28.256246465426,5.5));
#11414=CARTESIAN_POINT('Ctrl Pts',(2.2241433612588,28.120278859069,5.5));
#11415=CARTESIAN_POINT('Ctrl Pts',(2.11829074005492,27.9988275102754,5.50000000000998));
#11416=CARTESIAN_POINT('Ctrl Pts',(1.86521002524601,27.7890209104992,5.50000000000998));
#11417=CARTESIAN_POINT('Ctrl Pts',(1.71916497332015,27.7084108162074,5.5));
#11418=CARTESIAN_POINT('Ctrl Pts',(1.51280815630655,27.64185565946,5.5));
#11419=CARTESIAN_POINT('Ctrl Pts',(1.43722617438438,27.6264828690261,5.5));
#11420=CARTESIAN_POINT('Ctrl Pts',(1.32957080190309,27.6265323027562,5.5));
#11421=CARTESIAN_POINT('Ctrl Pts',(1.29587728017978,27.6297555704198,5.49999999999161));
#11422=CARTESIAN_POINT('Ctrl Pts',(1.23170579108285,27.6441785569354,5.49999999999161));
#11423=CARTESIAN_POINT('Ctrl Pts',(1.2016922054401,27.6548517789573,5.5));
#11424=CARTESIAN_POINT('Ctrl Pts',(1.17326120653589,27.6696569622572,5.5));
#11425=CARTESIAN_POINT('',(2.73205084827961,29.0000004321337,5.49146861461113));
#11426=CARTESIAN_POINT('Ctrl Pts',(2.72844474787395,28.9937544830139,5.50000008500155));
#11427=CARTESIAN_POINT('Ctrl Pts',(2.72964387169187,28.9958314263911,5.49715148645934));
#11428=CARTESIAN_POINT('Ctrl Pts',(2.73084590520365,28.9979134095059,5.49430765362107));
#11429=CARTESIAN_POINT('Ctrl Pts',(2.73205084827961,29.0000004321337,5.49146861461114));
#11430=CARTESIAN_POINT('Ctrl Pts',(2.7320508482796,29.0000004321337,5.49146861461114));
#11431=CARTESIAN_POINT('Ctrl Pts',(2.7320508482796,29.0000004321337,5.59064717340922));
#11432=CARTESIAN_POINT('Ctrl Pts',(2.72181511317504,29.0000004321337,5.69204706711647));
#11433=CARTESIAN_POINT('Ctrl Pts',(2.69439205064104,29.0000004321337,5.87280663224462));
#11434=CARTESIAN_POINT('Ctrl Pts',(2.64926365344949,29.0000004322014,6.18247379670827));
#11435=CARTESIAN_POINT('Ctrl Pts',(2.55734993389098,29.0000004321331,6.37836332204689));
#11436=CARTESIAN_POINT('Ctrl Pts',(2.55714529837547,29.0000004321328,6.37879844417147));
#11437=CARTESIAN_POINT('Ctrl Pts',(2.5569402759043,29.0000004321328,6.37923338510689));
#11438=CARTESIAN_POINT('Ctrl Pts',(1.17326120653589,30.3303439020101,5.5));
#11439=CARTESIAN_POINT('Ctrl Pts',(1.19295360886047,30.2986951736649,5.52146037224821));
#11440=CARTESIAN_POINT('Ctrl Pts',(1.22213757747223,30.25222729967,5.55543832939054));
#11441=CARTESIAN_POINT('Ctrl Pts',(1.26047888658761,30.192427089051,5.60423313696264));
#11442=CARTESIAN_POINT('Ctrl Pts',(1.288961150887,30.1487191404342,5.64255412317695));
#11443=CARTESIAN_POINT('Ctrl Pts',(1.31723194677251,30.106242082859,5.68255529005233));
#11444=CARTESIAN_POINT('Ctrl Pts',(1.35460030995454,30.0513836798975,5.73802839530604));
#11445=CARTESIAN_POINT('Ctrl Pts',(1.41978244701607,29.9604722390728,5.84051625896848));
#11446=CARTESIAN_POINT('Ctrl Pts',(1.48485345626686,29.8812618124116,5.95257532582803));
#11447=CARTESIAN_POINT('Ctrl Pts',(1.550381121581,29.8241747369776,6.05538648591754));
#11448=CARTESIAN_POINT('Ctrl Pts',(1.58721169081552,29.7983376584423,6.10803506032513));
#11449=CARTESIAN_POINT('Ctrl Pts',(1.62924846181129,29.7756116354194,6.16109869956858));
#11450=CARTESIAN_POINT('Ctrl Pts',(1.68412334181479,29.7559576255552,6.21644195839652));
#11451=CARTESIAN_POINT('Ctrl Pts',(1.75661948120503,29.7395889988313,6.27045126690084));
#11452=CARTESIAN_POINT('Ctrl Pts',(1.86291666495601,29.7243851948323,6.31951437687841));
#11453=CARTESIAN_POINT('Ctrl Pts',(1.99252475564256,29.6963158875722,6.35056837332898));
#11454=CARTESIAN_POINT('Ctrl Pts',(2.09691308369069,29.6593224343763,6.36717233120233));
#11455=CARTESIAN_POINT('Ctrl Pts',(2.18791083649689,29.6162236478432,6.37763033916541));
#11456=CARTESIAN_POINT('Ctrl Pts',(2.2893982412554,29.5449321149591,6.38555671590647));
#11457=CARTESIAN_POINT('Ctrl Pts',(2.40963263508784,29.434919691463,6.39188981733143));
#11458=CARTESIAN_POINT('Ctrl Pts',(2.53470095990873,29.2175226469258,6.39195324230859));
#11459=CARTESIAN_POINT('Ctrl Pts',(2.5623588190154,28.9984703748459,6.38054661641833));
#11460=CARTESIAN_POINT('Ctrl Pts',(2.5522836271934,28.8642320847782,6.36653730709272));
#11461=CARTESIAN_POINT('Ctrl Pts',(2.53531127728453,28.7808930224386,6.35321278439067));
#11462=CARTESIAN_POINT('Ctrl Pts',(2.51478971773435,28.7042836191252,6.33716952860344));
#11463=CARTESIAN_POINT('Ctrl Pts',(2.47739932847659,28.5992632246426,6.30433756509216));
#11464=CARTESIAN_POINT('Ctrl Pts',(2.43260519847426,28.4853584596929,6.23946461747434));
#11465=CARTESIAN_POINT('Ctrl Pts',(2.40873648656512,28.3590186974411,6.11302203223689));
#11466=CARTESIAN_POINT('Ctrl Pts',(2.42731704386161,28.2759630737461,6.00807060997408));
#11467=CARTESIAN_POINT('Ctrl Pts',(2.4447974807284,28.2203073413332,5.94271749230454));
#11468=CARTESIAN_POINT('Ctrl Pts',(1.35320997671672,30.4316461832682,5.49610999226932));
#11469=CARTESIAN_POINT('Ctrl Pts',(1.37280578368711,30.3996778780043,5.51727673538341));
#11470=CARTESIAN_POINT('Ctrl Pts',(1.4018747499437,30.352672407806,5.55096545148659));
#11471=CARTESIAN_POINT('Ctrl Pts',(1.43999557050533,30.2919417813975,5.59907529110694));
#11472=CARTESIAN_POINT('Ctrl Pts',(1.46830535725787,30.2474283504226,5.63687801353215));
#11473=CARTESIAN_POINT('Ctrl Pts',(1.49637840400962,30.2039966363559,5.67628721863982));
#11474=CARTESIAN_POINT('Ctrl Pts',(1.5334549016593,30.147679302091,5.73091241238487));
#11475=CARTESIAN_POINT('Ctrl Pts',(1.59798160609519,30.0533880677635,5.83160127001172));
#11476=CARTESIAN_POINT('Ctrl Pts',(1.66205903012153,29.9692308993564,5.94163005580701));
#11477=CARTESIAN_POINT('Ctrl Pts',(1.72545519188534,29.9033302251618,6.04108528064651));
#11478=CARTESIAN_POINT('Ctrl Pts',(1.76066403811166,29.8716283026953,6.09163078926306));
#11479=CARTESIAN_POINT('Ctrl Pts',(1.80029640907643,29.8412180082773,6.14205862971011));
#11480=CARTESIAN_POINT('Ctrl Pts',(1.8508990666615,29.8103555728612,6.19380740215527));
#11481=CARTESIAN_POINT('Ctrl Pts',(1.91583798820094,29.7785599374261,6.24307399972877));
#11482=CARTESIAN_POINT('Ctrl Pts',(2.00740348103771,29.7413471983341,6.28559883471));
#11483=CARTESIAN_POINT('Ctrl Pts',(2.11306070294279,29.6934211033986,6.31022391157566));
#11484=CARTESIAN_POINT('Ctrl Pts',(2.19579690083361,29.6463418390387,6.32253421546467));
#11485=CARTESIAN_POINT('Ctrl Pts',(2.26663859282885,29.5986955802597,6.32980901147303));
#11486=CARTESIAN_POINT('Ctrl Pts',(2.34521954210939,29.5298879943036,6.33499707317193));
#11487=CARTESIAN_POINT('Ctrl Pts',(2.43840207138552,29.4307286282685,6.3388918153941));
#11488=CARTESIAN_POINT('Ctrl Pts',(2.54205303373193,29.2508415199324,6.33895834323504));
#11489=CARTESIAN_POINT('Ctrl Pts',(2.58280938223025,29.0713869348032,6.33185501559955));
#11490=CARTESIAN_POINT('Ctrl Pts',(2.59130023635573,28.9570427232147,6.32209004605873));
#11491=CARTESIAN_POINT('Ctrl Pts',(2.58982341204802,28.8840758490991,6.31214902200383));
#11492=CARTESIAN_POINT('Ctrl Pts',(2.58550707402561,28.8151651498631,6.29967061807302));
#11493=CARTESIAN_POINT('Ctrl Pts',(2.57386666514886,28.7169376713401,6.2727160107678));
#11494=CARTESIAN_POINT('Ctrl Pts',(2.55913319652363,28.60348808261,6.21552726311607));
#11495=CARTESIAN_POINT('Ctrl Pts',(2.56174012097518,28.472069789104,6.0973703262326));
#11496=CARTESIAN_POINT('Ctrl Pts',(2.58737444798778,28.3871757598601,5.99510130549601));
#11497=CARTESIAN_POINT('Ctrl Pts',(2.60876919107198,28.3302408005998,5.93149642774798));
#11498=CARTESIAN_POINT('Ctrl Pts',(1.70434699977504,30.5314288202033,5.34156230724484));
#11499=CARTESIAN_POINT('Ctrl Pts',(1.72507095492232,30.4961232942933,5.36450268013595));
#11500=CARTESIAN_POINT('Ctrl Pts',(1.75565759502668,30.4440909082276,5.40076130180613));
#11501=CARTESIAN_POINT('Ctrl Pts',(1.7955120894331,30.3766311887448,5.452849178248));
#11502=CARTESIAN_POINT('Ctrl Pts',(1.82492183063132,30.3270179849904,5.49371361006536));
#11503=CARTESIAN_POINT('Ctrl Pts',(1.8538606411396,30.2784232725342,5.53633169083809));
#11504=CARTESIAN_POINT('Ctrl Pts',(1.89176148450493,30.2150915118873,5.59536314261677));
#11505=CARTESIAN_POINT('Ctrl Pts',(1.95649270206104,30.1081088036728,5.7041715151488));
#11506=CARTESIAN_POINT('Ctrl Pts',(2.01787253334136,30.0094375141588,5.82230980781375));
#11507=CARTESIAN_POINT('Ctrl Pts',(2.07246824598226,29.9275037296757,5.92911336033237));
#11508=CARTESIAN_POINT('Ctrl Pts',(2.10100398409782,29.8864291243557,5.98325819135408));
#11509=CARTESIAN_POINT('Ctrl Pts',(2.13106936407181,29.8451981517188,6.03715556924974));
#11510=CARTESIAN_POINT('Ctrl Pts',(2.166144597619,29.8002948276435,6.09212998335392));
#11511=CARTESIAN_POINT('Ctrl Pts',(2.20709372967853,29.7514905433268,6.14408347726477));
#11512=CARTESIAN_POINT('Ctrl Pts',(2.2589646818089,29.6940818693617,6.18837543908581));
#11513=CARTESIAN_POINT('Ctrl Pts',(2.31361608812946,29.6339661711269,6.21351785028369));
#11514=CARTESIAN_POINT('Ctrl Pts',(2.35537898532273,29.5855984759227,6.2259618552403));
#11515=CARTESIAN_POINT('Ctrl Pts',(2.39084265471493,29.5424889440459,6.23324392228159));
#11516=CARTESIAN_POINT('Ctrl Pts',(2.43119878921581,29.4887314977785,6.23839788315649));
#11517=CARTESIAN_POINT('Ctrl Pts',(2.48061010825239,29.4178378704107,6.24224260119467));
#11518=CARTESIAN_POINT('Ctrl Pts',(2.54563828374618,29.3051505280465,6.24230978370668));
#11519=CARTESIAN_POINT('Ctrl Pts',(2.59249429625248,29.1982010113658,6.23529070120751));
#11520=CARTESIAN_POINT('Ctrl Pts',(2.61911868397554,29.1277246256335,6.22551546369975));
#11521=CARTESIAN_POINT('Ctrl Pts',(2.63500539776692,29.0813700128119,6.21545459589422));
#11522=CARTESIAN_POINT('Ctrl Pts',(2.64995739404141,29.0361072919683,6.20273723481632));
#11523=CARTESIAN_POINT('Ctrl Pts',(2.67156321802323,28.9679636677672,6.1749813671475));
#11524=CARTESIAN_POINT('Ctrl Pts',(2.70071993267443,28.880002286834,6.11520442206358));
#11525=CARTESIAN_POINT('Ctrl Pts',(2.74809652203073,28.762228535313,5.98953711583968));
#11526=CARTESIAN_POINT('Ctrl Pts',(2.79176902670806,28.6753000505923,5.88028578620644));
#11527=CARTESIAN_POINT('Ctrl Pts',(2.82234776528177,28.6165349039303,5.81168396779322));
#11528=CARTESIAN_POINT('Ctrl Pts',(1.90244547427344,30.4369190901445,5.02797956605429));
#11529=CARTESIAN_POINT('Ctrl Pts',(1.92616352578618,30.3958322275339,5.0551459405696));
#11530=CARTESIAN_POINT('Ctrl Pts',(1.96111829279807,30.335347891915,5.09812907965805));
#11531=CARTESIAN_POINT('Ctrl Pts',(2.00632077610455,30.2570493019563,5.15987476948266));
#11532=CARTESIAN_POINT('Ctrl Pts',(2.03952298042645,30.1995525901947,5.20835166958161));
#11533=CARTESIAN_POINT('Ctrl Pts',(2.07197783469509,30.1433411506068,5.25894391602653));
#11534=CARTESIAN_POINT('Ctrl Pts',(2.11418914025642,30.0702414057828,5.32908252122599));
#11535=CARTESIAN_POINT('Ctrl Pts',(2.18513929775573,29.947338817654,5.45859264744311));
#11536=CARTESIAN_POINT('Ctrl Pts',(2.24979087954966,29.8355625474644,5.59992576324932));
#11537=CARTESIAN_POINT('Ctrl Pts',(2.30145311016325,29.7460505624577,5.72914222763714));
#11538=CARTESIAN_POINT('Ctrl Pts',(2.32665453573123,29.7023770889758,5.79514940241698));
#11539=CARTESIAN_POINT('Ctrl Pts',(2.35105193427112,29.6600589903494,5.86147804996134));
#11540=CARTESIAN_POINT('Ctrl Pts',(2.37598312389805,29.6168174486153,5.93028501068996));
#11541=CARTESIAN_POINT('Ctrl Pts',(2.40066301256579,29.5739892828056,5.9969274615328));
#11542=CARTESIAN_POINT('Ctrl Pts',(2.42545479748543,29.530915785755,6.0566023213369));
#11543=CARTESIAN_POINT('Ctrl Pts',(2.44636397944148,29.4946183839493,6.09350669179755));
#11544=CARTESIAN_POINT('Ctrl Pts',(2.46117237175222,29.4689227906478,6.11293934810019));
#11545=CARTESIAN_POINT('Ctrl Pts',(2.47332559848969,29.4478493138951,6.12501161213852));
#11546=CARTESIAN_POINT('Ctrl Pts',(2.48725374400083,29.4237119273096,6.13405118574954));
#11547=CARTESIAN_POINT('Ctrl Pts',(2.50467154198063,29.3935370267402,6.141190957078));
#11548=CARTESIAN_POINT('Ctrl Pts',(2.53025821501388,29.3492191663727,6.14127116889666));
#11549=CARTESIAN_POINT('Ctrl Pts',(2.55401236152117,29.3080895597353,6.12838289186135));
#11550=CARTESIAN_POINT('Ctrl Pts',(2.57046084448123,29.2796328598393,6.1122048088961));
#11551=CARTESIAN_POINT('Ctrl Pts',(2.58194875043477,29.2597727670685,6.0965879059503));
#11552=CARTESIAN_POINT('Ctrl Pts',(2.59380829319775,29.2392800558505,6.07760316701836));
#11553=CARTESIAN_POINT('Ctrl Pts',(2.61361158062197,29.2050804577425,6.03823300637346));
#11554=CARTESIAN_POINT('Ctrl Pts',(2.64516833863955,29.1505661522433,5.95896815716004));
#11555=CARTESIAN_POINT('Ctrl Pts',(2.70106322572663,29.0539782347465,5.80173732574221));
#11556=CARTESIAN_POINT('Ctrl Pts',(2.75242050189072,28.9646672028503,5.66979283735182));
#11557=CARTESIAN_POINT('Ctrl Pts',(2.78858069072035,28.9020878728824,5.58743804933321));
#11558=CARTESIAN_POINT('Ctrl Pts',(1.94114768331006,30.3698848977279,4.8938));
#11559=CARTESIAN_POINT('Ctrl Pts',(1.96625854735932,30.3263916053727,4.92277150253508));
#11560=CARTESIAN_POINT('Ctrl Pts',(2.00321970999361,30.2623729937833,4.96864174467723));
#11561=CARTESIAN_POINT('Ctrl Pts',(2.05100310480518,30.1796097262115,5.03451473489956));
#11562=CARTESIAN_POINT('Ctrl Pts',(2.0860655440623,30.1188797999809,5.08624806628888));
#11563=CARTESIAN_POINT('Ctrl Pts',(2.12030591306954,30.0595737411905,5.14024964157065));
#11564=CARTESIAN_POINT('Ctrl Pts',(2.16478100591584,29.9825406207093,5.21513833366315));
#11565=CARTESIAN_POINT('Ctrl Pts',(2.23935181140565,29.8533801968397,5.35349694960744));
#11566=CARTESIAN_POINT('Ctrl Pts',(2.30668270589303,29.7367596666686,5.50477668986783));
#11567=CARTESIAN_POINT('Ctrl Pts',(2.35945383105245,29.64535739672,5.64357175598866));
#11568=CARTESIAN_POINT('Ctrl Pts',(2.38479391443763,29.6014670848288,5.7146473314389));
#11569=CARTESIAN_POINT('Ctrl Pts',(2.40882047568692,29.5598518600139,5.78628324441756));
#11570=CARTESIAN_POINT('Ctrl Pts',(2.43239350383493,29.5190221775734,5.86099664383528));
#11571=CARTESIAN_POINT('Ctrl Pts',(2.45427371560112,29.481124539114,5.93390921031611));
#11572=CARTESIAN_POINT('Ctrl Pts',(2.47358909941976,29.4476693129725,6.00014440878582));
#11573=CARTESIAN_POINT('Ctrl Pts',(2.48651874499297,29.4252745099159,6.04206730399409));
#11574=CARTESIAN_POINT('Ctrl Pts',(2.49426287523474,29.4118612828767,6.06448264712312));
#11575=CARTESIAN_POINT('Ctrl Pts',(2.49984477942533,29.4021931412156,6.07860095787327));
#11576=CARTESIAN_POINT('Ctrl Pts',(2.50545292205324,29.392479553248,6.0893015664737));
#11577=CARTESIAN_POINT('Ctrl Pts',(2.51189033733563,29.3813296229095,6.09785125339739));
#11578=CARTESIAN_POINT('Ctrl Pts',(2.52056317597457,29.366307825741,6.09793687711656));
#11579=CARTESIAN_POINT('Ctrl Pts',(2.52962382752003,29.3506143169146,6.08253793216471));
#11580=CARTESIAN_POINT('Ctrl Pts',(2.53717740595717,29.3375311352825,6.06362536457513));
#11581=CARTESIAN_POINT('Ctrl Pts',(2.54326960966889,29.3269791289238,6.04563725892736));
#11582=CARTESIAN_POINT('Ctrl Pts',(2.55019115318029,29.3149906638952,6.0239788636146));
#11583=CARTESIAN_POINT('Ctrl Pts',(2.56348045504829,29.2919729178627,5.97965571287438));
#11584=CARTESIAN_POINT('Ctrl Pts',(2.58905517133276,29.2476762098687,5.89207723359032));
#11585=CARTESIAN_POINT('Ctrl Pts',(2.64186690068532,29.1562036113945,5.72137974351977));
#11586=CARTESIAN_POINT('Ctrl Pts',(2.69460572632933,29.0648572858472,5.579695323465));
#11587=CARTESIAN_POINT('Ctrl Pts',(2.73205084827961,29.0000004321337,5.49146861461113));
#11588=CARTESIAN_POINT('Ctrl Pts',(2.73205084827961,29.0000004321337,5.49146861461113));
#11589=CARTESIAN_POINT('Ctrl Pts',(2.73084652610212,29.0020863793338,5.49430619068475));
#11590=CARTESIAN_POINT('Ctrl Pts',(2.72964456849922,29.0041682309705,5.49715021072112));
#11591=CARTESIAN_POINT('Ctrl Pts',(2.72844500989852,29.0062459274136,5.50000053589425));
#11592=CARTESIAN_POINT('',(1.17326120653589,30.3303439020101,5.5));
#11593=CARTESIAN_POINT('Ctrl Pts',(1.17326120653589,30.3303439020101,5.5));
#11594=CARTESIAN_POINT('Ctrl Pts',(1.21510887760242,30.3521356949367,5.5));
#11595=CARTESIAN_POINT('Ctrl Pts',(1.26011661720982,30.3648295549216,5.50000000000186));
#11596=CARTESIAN_POINT('Ctrl Pts',(1.36857442072743,30.3774715055337,5.50000000000186));
#11597=CARTESIAN_POINT('Ctrl Pts',(1.43212327551644,30.3719808177119,5.5));
#11598=CARTESIAN_POINT('Ctrl Pts',(1.58925920136197,30.3395475996603,5.5));
#11599=CARTESIAN_POINT('Ctrl Pts',(1.69130979721942,30.2993618240017,5.5));
#11600=CARTESIAN_POINT('Ctrl Pts',(1.89751451694308,30.1837348439525,5.5));
#11601=CARTESIAN_POINT('Ctrl Pts',(1.9978274501577,30.1079768538905,5.5));
#11602=CARTESIAN_POINT('Ctrl Pts',(2.16963283597828,29.9393535245316,5.5));
#11603=CARTESIAN_POINT('Ctrl Pts',(2.24375209888133,29.8457586753638,5.5));
#11604=CARTESIAN_POINT('Ctrl Pts',(2.30264429539005,29.7437543988414,5.5));
#11605=CARTESIAN_POINT('Ctrl Pts',(1.17326120653589,30.3303439020101,5.5));
#11606=CARTESIAN_POINT('Ctrl Pts',(1.19295360886047,30.2986951736649,5.52146037224821));
#11607=CARTESIAN_POINT('Ctrl Pts',(1.22213757747223,30.25222729967,5.55543832939054));
#11608=CARTESIAN_POINT('Ctrl Pts',(1.26047888658761,30.192427089051,5.60423313696264));
#11609=CARTESIAN_POINT('Ctrl Pts',(1.288961150887,30.1487191404342,5.64255412317695));
#11610=CARTESIAN_POINT('Ctrl Pts',(1.31723194677251,30.106242082859,5.68255529005233));
#11611=CARTESIAN_POINT('Ctrl Pts',(1.35460030995454,30.0513836798975,5.73802839530604));
#11612=CARTESIAN_POINT('Ctrl Pts',(1.41978244701607,29.9604722390728,5.84051625896848));
#11613=CARTESIAN_POINT('Ctrl Pts',(1.48485345626686,29.8812618124116,5.95257532582803));
#11614=CARTESIAN_POINT('Ctrl Pts',(1.550381121581,29.8241747369776,6.05538648591754));
#11615=CARTESIAN_POINT('Ctrl Pts',(1.58721169081552,29.7983376584423,6.10803506032513));
#11616=CARTESIAN_POINT('Ctrl Pts',(1.62924846181129,29.7756116354194,6.16109869956858));
#11617=CARTESIAN_POINT('Ctrl Pts',(1.68412334181479,29.7559576255552,6.21644195839652));
#11618=CARTESIAN_POINT('Ctrl Pts',(1.75661948120503,29.7395889988313,6.27045126690084));
#11619=CARTESIAN_POINT('Ctrl Pts',(1.86291666495601,29.7243851948323,6.31951437687841));
#11620=CARTESIAN_POINT('Ctrl Pts',(1.99252475564256,29.6963158875722,6.35056837332898));
#11621=CARTESIAN_POINT('Ctrl Pts',(2.09691308369069,29.6593224343763,6.36717233120233));
#11622=CARTESIAN_POINT('Ctrl Pts',(2.18791083649689,29.6162236478432,6.37763033916541));
#11623=CARTESIAN_POINT('Ctrl Pts',(2.2893982412554,29.5449321149591,6.38555671590647));
#11624=CARTESIAN_POINT('Ctrl Pts',(2.40963263508784,29.434919691463,6.39188981733143));
#11625=CARTESIAN_POINT('Ctrl Pts',(2.53470095990873,29.2175226469258,6.39195324230859));
#11626=CARTESIAN_POINT('Ctrl Pts',(2.55381513633857,29.0661369680942,6.38407019326655));
#11627=CARTESIAN_POINT('Ctrl Pts',(2.5564657000356,29.0040520551022,6.37948966656464));
#11628=CARTESIAN_POINT('Ctrl Pts',(2.55661492557453,28.99988670569,6.37917480332261));
#11629=CARTESIAN_POINT('Origin',(1.86602543159038,29.0000004321337,7.232));
#11630=CARTESIAN_POINT('',(1.36602543159038,29.0000004321337,7.232));
#11631=CARTESIAN_POINT('Origin',(1.86602543159038,29.0000004321337,7.232));
#11632=CARTESIAN_POINT('Origin',(-0.633974568409618,29.0000004321337,7.232));
#11633=CARTESIAN_POINT('Origin',(1.86602543159038,29.0000004321337,5.5));
#11634=CARTESIAN_POINT('Origin',(1.86602543159038,29.0000004321337,5.5));
#11635=CARTESIAN_POINT('Origin',(1.86602543159038,29.0000004321337,25.232));
#11636=CARTESIAN_POINT('',(1.36602543159038,29.0000004321337,25.232));
#11637=CARTESIAN_POINT('Origin',(1.86602543159038,29.0000004321337,25.232));
#11638=CARTESIAN_POINT('Origin',(0.133974598211936,29.0000004321337,25.232));
#11639=CARTESIAN_POINT('',(-0.366025401788064,29.0000004321337,25.232));
#11640=CARTESIAN_POINT('Origin',(0.133974598211936,29.0000004321337,25.232));
#11641=CARTESIAN_POINT('Origin',(1.86602543159038,29.0000004321337,5.232));
#11642=CARTESIAN_POINT('',(1.36602543159038,29.0000004321337,5.232));
#11643=CARTESIAN_POINT('Origin',(0.133974598211936,29.0000004321337,5.232));
#11644=CARTESIAN_POINT('',(-0.366025401788064,29.0000004321337,5.232));
#11645=CARTESIAN_POINT('Origin',(1.86602543159038,27.5000004097819,1.5));
#11646=CARTESIAN_POINT('',(1.86602543159038,27.5000004097819,1.5));
#11647=CARTESIAN_POINT('',(1.86602543159038,27.5000004097819,1.5));
#11648=CARTESIAN_POINT('',(1.86602543159038,27.5000004097819,5.5));
#11649=CARTESIAN_POINT('',(1.86602543159038,27.5000004097819,1.5));
#11650=CARTESIAN_POINT('',(1.43301272324577,27.5000004097819,5.5));
#11651=CARTESIAN_POINT('Origin',(2.7320508482796,29.0000004321337,1.5));
#11652=CARTESIAN_POINT('',(2.5155444941073,28.6250004265457,5.5));
#11653=CARTESIAN_POINT('',(2.7320508482796,29.0000004321337,1.5));
#11654=CARTESIAN_POINT('',(2.7320508482796,29.0000004321337,1.5));
#11655=CARTESIAN_POINT('',(2.7320508482796,29.0000004321337,1.5));
#11656=CARTESIAN_POINT('Origin',(1.00000001490116,29.0000004321337,5.5));
#11657=CARTESIAN_POINT('',(1.86602543159038,30.5000004544854,5.5));
#11658=CARTESIAN_POINT('',(2.08253178576269,30.1250004488975,5.5));
#11659=CARTESIAN_POINT('',(0.566987306556547,30.5000004544854,5.5));
#11660=CARTESIAN_POINT('Origin',(0.133974598211936,30.5000004544854,1.5));
#11661=CARTESIAN_POINT('',(1.86602543159038,30.5000004544854,1.5));
#11662=CARTESIAN_POINT('',(1.86602543159038,30.5000004544854,1.5));
#11663=CARTESIAN_POINT('',(0.133974598211936,30.5000004544854,1.5));
#11664=CARTESIAN_POINT('Origin',(1.00000001490116,29.0000004321337,5.5));
#11665=CARTESIAN_POINT('Origin',(1.86602543159038,30.5000004544854,1.5));
#11666=CARTESIAN_POINT('',(1.86602543159038,30.5000004544854,1.5));
#11667=CARTESIAN_POINT('Origin',(1.00000001490116,29.0000004321337,1.5));
#11668=CARTESIAN_POINT('',(2.46350001490116,29.0000004321337,-1.5));
#11669=CARTESIAN_POINT('Origin',(1.00000001490116,29.0000004321337,-1.5));
#11670=CARTESIAN_POINT('',(2.46350001490116,29.0000004321337,1.5));
#11671=CARTESIAN_POINT('',(2.46350001490116,29.0000004321337,1.5));
#11672=CARTESIAN_POINT('Origin',(1.00000001490116,29.0000004321337,1.5));
#11673=CARTESIAN_POINT('Origin',(1.00000001490116,29.0000004321337,-1.5));
#11674=CARTESIAN_POINT('Origin',(1.00000001490116,29.0000004321337,1.5));
#11675=CARTESIAN_POINT('',(0.,0.,0.));
#11676=CARTESIAN_POINT('Ctrl Pts',(8.8802818996913,-0.500000022351741,81.));
#11677=CARTESIAN_POINT('Ctrl Pts',(8.8802818996913,-0.500000022351741,81.8));
#11678=CARTESIAN_POINT('Ctrl Pts',(8.8802818996913,-1.50000002235174,81.8));
#11679=CARTESIAN_POINT('Ctrl Pts',(8.8802818996913,-2.50000002235174,81.8));
#11680=CARTESIAN_POINT('Ctrl Pts',(8.8802818996913,-2.50000002235174,81.));
#11681=CARTESIAN_POINT('Ctrl Pts',(8.8802818996913,-2.50000002235174,80.2));
#11682=CARTESIAN_POINT('Ctrl Pts',(8.8802818996913,-1.50000002235174,80.2));
#11683=CARTESIAN_POINT('Ctrl Pts',(8.8802818996913,-0.500000022351741,80.2));
#11684=CARTESIAN_POINT('Ctrl Pts',(8.8802818996913,-0.500000022351741,81.));
#11685=CARTESIAN_POINT('Ctrl Pts',(23.1197184281342,-0.500000022351741,
81.));
#11686=CARTESIAN_POINT('Ctrl Pts',(23.1197184281342,-0.500000022351741,
81.8));
#11687=CARTESIAN_POINT('Ctrl Pts',(23.1197184281342,-1.50000002235174,81.8));
#11688=CARTESIAN_POINT('Ctrl Pts',(23.1197184281342,-2.50000002235174,81.8));
#11689=CARTESIAN_POINT('Ctrl Pts',(23.1197184281342,-2.50000002235174,81.));
#11690=CARTESIAN_POINT('Ctrl Pts',(23.1197184281342,-2.50000002235174,80.2));
#11691=CARTESIAN_POINT('Ctrl Pts',(23.1197184281342,-1.50000002235174,80.2));
#11692=CARTESIAN_POINT('Ctrl Pts',(23.1197184281342,-0.500000022351741,
80.2));
#11693=CARTESIAN_POINT('Ctrl Pts',(23.1197184281342,-0.500000022351741,
81.));
#11694=CARTESIAN_POINT('',(22.5000002756715,-0.500000022351741,81.));
#11695=CARTESIAN_POINT('Origin',(22.5000002756715,-1.50000002235174,81.));
#11696=CARTESIAN_POINT('',(9.50000005215407,-0.500000022351741,81.));
#11697=CARTESIAN_POINT('Ctrl Pts',(22.5000002756715,-0.500000022351741,
81.));
#11698=CARTESIAN_POINT('Ctrl Pts',(9.50000005215407,-0.500000022351741,
81.));
#11699=CARTESIAN_POINT('',(9.50000005215407,-2.50000002235174,81.));
#11700=CARTESIAN_POINT('Origin',(9.50000005215405,-1.50000002235174,81.));
#11701=CARTESIAN_POINT('',(10.1000000521541,-1.50000002235174,80.2));
#11702=CARTESIAN_POINT('Origin',(9.50000005215405,-1.50000002235174,81.));
#11703=CARTESIAN_POINT('Origin',(9.50000005215405,-1.50000002235174,81.));
#11704=CARTESIAN_POINT('Ctrl Pts',(8.50000005215406,-1.50000002235174,80.));
#11705=CARTESIAN_POINT('Ctrl Pts',(9.25000005215406,-1.50000002235174,80.5));
#11706=CARTESIAN_POINT('Ctrl Pts',(10.1000000521541,-1.50000002235174,80.2));
#11707=CARTESIAN_POINT('Ctrl Pts',(8.50000005215406,-0.500000022351741,
80.));
#11708=CARTESIAN_POINT('Ctrl Pts',(9.25000005215406,-0.500000022351741,
80.5));
#11709=CARTESIAN_POINT('Ctrl Pts',(10.1000000521541,-0.500000022351741,
80.2));
#11710=CARTESIAN_POINT('Ctrl Pts',(7.50000005215406,-0.500000022351741,
80.));
#11711=CARTESIAN_POINT('Ctrl Pts',(8.25000005215406,-0.500000022351741,
81.));
#11712=CARTESIAN_POINT('Ctrl Pts',(9.50000005215406,-0.500000022351741,
81.));
#11713=CARTESIAN_POINT('Ctrl Pts',(6.50000005215406,-0.500000022351741,
80.));
#11714=CARTESIAN_POINT('Ctrl Pts',(7.25000005215406,-0.500000022351741,
81.5));
#11715=CARTESIAN_POINT('Ctrl Pts',(8.90000005215406,-0.500000022351741,
81.8));
#11716=CARTESIAN_POINT('Ctrl Pts',(6.50000005215406,-1.50000002235174,80.));
#11717=CARTESIAN_POINT('Ctrl Pts',(7.25000005215406,-1.50000002235174,81.5));
#11718=CARTESIAN_POINT('Ctrl Pts',(8.90000005215406,-1.50000002235174,81.8));
#11719=CARTESIAN_POINT('Ctrl Pts',(6.50000005215406,-2.50000002235174,80.));
#11720=CARTESIAN_POINT('Ctrl Pts',(7.25000005215406,-2.50000002235174,81.5));
#11721=CARTESIAN_POINT('Ctrl Pts',(8.90000005215406,-2.50000002235174,81.8));
#11722=CARTESIAN_POINT('Ctrl Pts',(7.50000005215406,-2.50000002235174,80.));
#11723=CARTESIAN_POINT('Ctrl Pts',(8.25000005215406,-2.50000002235174,81.));
#11724=CARTESIAN_POINT('Ctrl Pts',(9.50000005215406,-2.50000002235174,81.));
#11725=CARTESIAN_POINT('Ctrl Pts',(8.50000005215406,-2.50000002235174,80.));
#11726=CARTESIAN_POINT('Ctrl Pts',(9.25000005215406,-2.50000002235174,80.5));
#11727=CARTESIAN_POINT('Ctrl Pts',(10.1000000521541,-2.50000002235174,80.2));
#11728=CARTESIAN_POINT('Ctrl Pts',(8.50000005215406,-1.50000002235174,80.));
#11729=CARTESIAN_POINT('Ctrl Pts',(9.25000005215406,-1.50000002235174,80.5));
#11730=CARTESIAN_POINT('Ctrl Pts',(10.1000000521541,-1.50000002235174,80.2));
#11731=CARTESIAN_POINT('',(8.50000005215406,-1.50000002235174,80.));
#11732=CARTESIAN_POINT('Origin',(7.50000005215406,-1.50000002235174,80.));
#11733=CARTESIAN_POINT('Origin',(9.50000005215405,-1.50000002235174,78.5000000000001));
#11734=CARTESIAN_POINT('Origin',(22.5000002756715,-1.50000002235174,81.));
#11735=CARTESIAN_POINT('Ctrl Pts',(8.8802818996913,2.50000002235174,81.));
#11736=CARTESIAN_POINT('Ctrl Pts',(8.8802818996913,2.50000002235174,81.8));
#11737=CARTESIAN_POINT('Ctrl Pts',(8.8802818996913,1.50000002235174,81.8));
#11738=CARTESIAN_POINT('Ctrl Pts',(8.8802818996913,0.500000022351742,81.8));
#11739=CARTESIAN_POINT('Ctrl Pts',(8.8802818996913,0.500000022351742,81.));
#11740=CARTESIAN_POINT('Ctrl Pts',(8.8802818996913,0.500000022351742,80.2));
#11741=CARTESIAN_POINT('Ctrl Pts',(8.8802818996913,1.50000002235174,80.2));
#11742=CARTESIAN_POINT('Ctrl Pts',(8.8802818996913,2.50000002235174,80.2));
#11743=CARTESIAN_POINT('Ctrl Pts',(8.8802818996913,2.50000002235174,81.));
#11744=CARTESIAN_POINT('Ctrl Pts',(23.1197184281342,2.50000002235174,81.));
#11745=CARTESIAN_POINT('Ctrl Pts',(23.1197184281342,2.50000002235174,81.8));
#11746=CARTESIAN_POINT('Ctrl Pts',(23.1197184281342,1.50000002235174,81.8));
#11747=CARTESIAN_POINT('Ctrl Pts',(23.1197184281342,0.500000022351742,81.8));
#11748=CARTESIAN_POINT('Ctrl Pts',(23.1197184281342,0.500000022351742,81.));
#11749=CARTESIAN_POINT('Ctrl Pts',(23.1197184281342,0.500000022351742,80.2));
#11750=CARTESIAN_POINT('Ctrl Pts',(23.1197184281342,1.50000002235174,80.2));
#11751=CARTESIAN_POINT('Ctrl Pts',(23.1197184281342,2.50000002235174,80.2));
#11752=CARTESIAN_POINT('Ctrl Pts',(23.1197184281342,2.50000002235174,81.));
#11753=CARTESIAN_POINT('',(22.5000002756715,2.50000002235174,81.));
#11754=CARTESIAN_POINT('Origin',(22.5000002756715,1.50000002235174,81.));
#11755=CARTESIAN_POINT('',(9.50000005215407,2.50000002235174,81.));
#11756=CARTESIAN_POINT('Ctrl Pts',(22.5000002756715,2.50000002235174,81.));
#11757=CARTESIAN_POINT('Ctrl Pts',(9.50000005215407,2.50000002235174,81.));
#11758=CARTESIAN_POINT('',(9.50000005215407,0.500000022351742,81.));
#11759=CARTESIAN_POINT('Origin',(9.50000005215405,1.50000002235174,81.));
#11760=CARTESIAN_POINT('',(10.1000000521541,1.50000002235174,80.2));
#11761=CARTESIAN_POINT('Origin',(9.50000005215405,1.50000002235174,81.));
#11762=CARTESIAN_POINT('Origin',(9.50000005215405,1.50000002235174,81.));
#11763=CARTESIAN_POINT('Ctrl Pts',(8.50000005215406,1.50000002235174,80.));
#11764=CARTESIAN_POINT('Ctrl Pts',(9.25000005215406,1.50000002235174,80.5));
#11765=CARTESIAN_POINT('Ctrl Pts',(10.1000000521541,1.50000002235174,80.2));
#11766=CARTESIAN_POINT('Ctrl Pts',(8.50000005215406,2.50000002235174,80.));
#11767=CARTESIAN_POINT('Ctrl Pts',(9.25000005215406,2.50000002235174,80.5));
#11768=CARTESIAN_POINT('Ctrl Pts',(10.1000000521541,2.50000002235174,80.2));
#11769=CARTESIAN_POINT('Ctrl Pts',(7.50000005215406,2.50000002235174,80.));
#11770=CARTESIAN_POINT('Ctrl Pts',(8.25000005215406,2.50000002235174,81.));
#11771=CARTESIAN_POINT('Ctrl Pts',(9.50000005215406,2.50000002235174,81.));
#11772=CARTESIAN_POINT('Ctrl Pts',(6.50000005215406,2.50000002235174,80.));
#11773=CARTESIAN_POINT('Ctrl Pts',(7.25000005215406,2.50000002235174,81.5));
#11774=CARTESIAN_POINT('Ctrl Pts',(8.90000005215406,2.50000002235174,81.8));
#11775=CARTESIAN_POINT('Ctrl Pts',(6.50000005215406,1.50000002235174,80.));
#11776=CARTESIAN_POINT('Ctrl Pts',(7.25000005215406,1.50000002235174,81.5));
#11777=CARTESIAN_POINT('Ctrl Pts',(8.90000005215406,1.50000002235174,81.8));
#11778=CARTESIAN_POINT('Ctrl Pts',(6.50000005215406,0.500000022351742,80.));
#11779=CARTESIAN_POINT('Ctrl Pts',(7.25000005215406,0.500000022351742,81.5));
#11780=CARTESIAN_POINT('Ctrl Pts',(8.90000005215406,0.500000022351742,81.8));
#11781=CARTESIAN_POINT('Ctrl Pts',(7.50000005215406,0.500000022351742,80.));
#11782=CARTESIAN_POINT('Ctrl Pts',(8.25000005215406,0.500000022351742,81.));
#11783=CARTESIAN_POINT('Ctrl Pts',(9.50000005215406,0.500000022351742,81.));
#11784=CARTESIAN_POINT('Ctrl Pts',(8.50000005215406,0.500000022351742,80.));
#11785=CARTESIAN_POINT('Ctrl Pts',(9.25000005215406,0.500000022351742,80.5));
#11786=CARTESIAN_POINT('Ctrl Pts',(10.1000000521541,0.500000022351742,80.2));
#11787=CARTESIAN_POINT('Ctrl Pts',(8.50000005215406,1.50000002235174,80.));
#11788=CARTESIAN_POINT('Ctrl Pts',(9.25000005215406,1.50000002235174,80.5));
#11789=CARTESIAN_POINT('Ctrl Pts',(10.1000000521541,1.50000002235174,80.2));
#11790=CARTESIAN_POINT('',(8.50000005215406,1.50000002235174,80.));
#11791=CARTESIAN_POINT('Origin',(7.50000005215406,1.50000002235174,80.));
#11792=CARTESIAN_POINT('Origin',(9.50000005215405,1.50000002235174,78.5000000000001));
#11793=CARTESIAN_POINT('Origin',(22.5000002756715,1.50000002235174,81.));
#11794=CARTESIAN_POINT('Origin',(7.50000005215406,-3.63373593434967E-16,
0.));
#11795=CARTESIAN_POINT('',(4.50000005215406,4.020446309239E-18,80.));
#11796=CARTESIAN_POINT('Origin',(7.50000005215406,-3.63373593434967E-16,
80.));
#11797=CARTESIAN_POINT('',(4.50000005215406,4.020446309239E-18,0.));
#11798=CARTESIAN_POINT('',(4.50000005215406,-7.30767633179174E-16,0.));
#11799=CARTESIAN_POINT('Origin',(7.50000005215406,-3.63373593434967E-16,
0.));
#11800=CARTESIAN_POINT('Origin',(7.50000005215406,-5.55111512312578E-16,
0.));
#11801=CARTESIAN_POINT('Origin',(7.50000005215406,-5.55111512312578E-16,
80.));
#11802=CARTESIAN_POINT('Ctrl Pts',(-8.8802818996913,-0.500000022351741,
81.));
#11803=CARTESIAN_POINT('Ctrl Pts',(-8.8802818996913,-0.500000022351741,
81.8));
#11804=CARTESIAN_POINT('Ctrl Pts',(-8.8802818996913,-1.50000002235174,81.8));
#11805=CARTESIAN_POINT('Ctrl Pts',(-8.8802818996913,-2.50000002235174,81.8));
#11806=CARTESIAN_POINT('Ctrl Pts',(-8.8802818996913,-2.50000002235174,81.));
#11807=CARTESIAN_POINT('Ctrl Pts',(-8.8802818996913,-2.50000002235174,80.2));
#11808=CARTESIAN_POINT('Ctrl Pts',(-8.8802818996913,-1.50000002235174,80.2));
#11809=CARTESIAN_POINT('Ctrl Pts',(-8.8802818996913,-0.500000022351741,
80.2));
#11810=CARTESIAN_POINT('Ctrl Pts',(-8.8802818996913,-0.500000022351741,
81.));
#11811=CARTESIAN_POINT('Ctrl Pts',(-23.1497570860998,-0.500000022351741,
81.));
#11812=CARTESIAN_POINT('Ctrl Pts',(-23.1497570860998,-0.500000022351741,
81.8));
#11813=CARTESIAN_POINT('Ctrl Pts',(-23.1497570860998,-1.50000002235174,
81.8));
#11814=CARTESIAN_POINT('Ctrl Pts',(-23.1497570860998,-2.50000002235174,
81.8));
#11815=CARTESIAN_POINT('Ctrl Pts',(-23.1497570860998,-2.50000002235174,
81.));
#11816=CARTESIAN_POINT('Ctrl Pts',(-23.1497570860998,-2.50000002235174,
80.2));
#11817=CARTESIAN_POINT('Ctrl Pts',(-23.1497570860998,-1.50000002235174,
80.2));
#11818=CARTESIAN_POINT('Ctrl Pts',(-23.1497570860998,-0.500000022351741,
80.2));
#11819=CARTESIAN_POINT('Ctrl Pts',(-23.1497570860998,-0.500000022351741,
81.));
#11820=CARTESIAN_POINT('',(-22.5000002756715,-0.500000022351741,81.));
#11821=CARTESIAN_POINT('Origin',(-22.5000002756715,-1.50000002235174,81.));
#11822=CARTESIAN_POINT('',(-9.50000005215407,-0.500000022351741,81.));
#11823=CARTESIAN_POINT('Ctrl Pts',(-22.5000002756715,-0.500000022351741,
81.));
#11824=CARTESIAN_POINT('Ctrl Pts',(-9.50000005215407,-0.500000022351741,
81.));
#11825=CARTESIAN_POINT('',(-10.1000000521541,-1.50000002235174,80.2));
#11826=CARTESIAN_POINT('Origin',(-9.50000005215405,-1.50000002235174,81.));
#11827=CARTESIAN_POINT('',(-9.50000005215407,-2.50000002235174,81.));
#11828=CARTESIAN_POINT('Origin',(-9.50000005215405,-1.50000002235174,81.));
#11829=CARTESIAN_POINT('Origin',(-9.50000005215405,-1.50000002235174,81.));
#11830=CARTESIAN_POINT('Ctrl Pts',(-8.50000005215406,-1.50000002235174,
80.));
#11831=CARTESIAN_POINT('Ctrl Pts',(-9.25000005215406,-1.50000002235174,
80.5));
#11832=CARTESIAN_POINT('Ctrl Pts',(-10.1000000521541,-1.50000002235174,
80.2));
#11833=CARTESIAN_POINT('Ctrl Pts',(-8.50000005215406,-0.500000022351741,
80.));
#11834=CARTESIAN_POINT('Ctrl Pts',(-9.25000005215406,-0.500000022351741,
80.5));
#11835=CARTESIAN_POINT('Ctrl Pts',(-10.1000000521541,-0.500000022351741,
80.2));
#11836=CARTESIAN_POINT('Ctrl Pts',(-7.50000005215406,-0.500000022351741,
80.));
#11837=CARTESIAN_POINT('Ctrl Pts',(-8.25000005215406,-0.500000022351741,
81.));
#11838=CARTESIAN_POINT('Ctrl Pts',(-9.50000005215406,-0.500000022351741,
81.));
#11839=CARTESIAN_POINT('Ctrl Pts',(-6.50000005215406,-0.500000022351741,
80.));
#11840=CARTESIAN_POINT('Ctrl Pts',(-7.25000005215406,-0.500000022351741,
81.5));
#11841=CARTESIAN_POINT('Ctrl Pts',(-8.90000005215406,-0.500000022351741,
81.8));
#11842=CARTESIAN_POINT('Ctrl Pts',(-6.50000005215406,-1.50000002235174,
80.));
#11843=CARTESIAN_POINT('Ctrl Pts',(-7.25000005215406,-1.50000002235174,
81.5));
#11844=CARTESIAN_POINT('Ctrl Pts',(-8.90000005215406,-1.50000002235174,
81.8));
#11845=CARTESIAN_POINT('Ctrl Pts',(-6.50000005215406,-2.50000002235174,
80.));
#11846=CARTESIAN_POINT('Ctrl Pts',(-7.25000005215406,-2.50000002235174,
81.5));
#11847=CARTESIAN_POINT('Ctrl Pts',(-8.90000005215406,-2.50000002235174,
81.8));
#11848=CARTESIAN_POINT('Ctrl Pts',(-7.50000005215406,-2.50000002235174,
80.));
#11849=CARTESIAN_POINT('Ctrl Pts',(-8.25000005215406,-2.50000002235174,
81.));
#11850=CARTESIAN_POINT('Ctrl Pts',(-9.50000005215406,-2.50000002235174,
81.));
#11851=CARTESIAN_POINT('Ctrl Pts',(-8.50000005215406,-2.50000002235174,
80.));
#11852=CARTESIAN_POINT('Ctrl Pts',(-9.25000005215406,-2.50000002235174,
80.5));
#11853=CARTESIAN_POINT('Ctrl Pts',(-10.1000000521541,-2.50000002235174,
80.2));
#11854=CARTESIAN_POINT('Ctrl Pts',(-8.50000005215406,-1.50000002235174,
80.));
#11855=CARTESIAN_POINT('Ctrl Pts',(-9.25000005215406,-1.50000002235174,
80.5));
#11856=CARTESIAN_POINT('Ctrl Pts',(-10.1000000521541,-1.50000002235174,
80.2));
#11857=CARTESIAN_POINT('',(-8.50000005215406,-1.50000002235174,80.));
#11858=CARTESIAN_POINT('Origin',(-7.50000005215406,-1.50000002235174,80.));
#11859=CARTESIAN_POINT('Origin',(-9.50000005215405,-1.50000002235174,78.5000000000001));
#11860=CARTESIAN_POINT('Origin',(-22.5000002756715,-1.50000002235174,81.));
#11861=CARTESIAN_POINT('Ctrl Pts',(-8.8802818996913,2.50000002235174,81.));
#11862=CARTESIAN_POINT('Ctrl Pts',(-8.8802818996913,2.50000002235174,81.8));
#11863=CARTESIAN_POINT('Ctrl Pts',(-8.8802818996913,1.50000002235174,81.8));
#11864=CARTESIAN_POINT('Ctrl Pts',(-8.8802818996913,0.500000022351742,81.8));
#11865=CARTESIAN_POINT('Ctrl Pts',(-8.8802818996913,0.500000022351742,81.));
#11866=CARTESIAN_POINT('Ctrl Pts',(-8.8802818996913,0.500000022351742,80.2));
#11867=CARTESIAN_POINT('Ctrl Pts',(-8.8802818996913,1.50000002235174,80.2));
#11868=CARTESIAN_POINT('Ctrl Pts',(-8.8802818996913,2.50000002235174,80.2));
#11869=CARTESIAN_POINT('Ctrl Pts',(-8.8802818996913,2.50000002235174,81.));
#11870=CARTESIAN_POINT('Ctrl Pts',(-23.1497570860998,2.50000002235174,81.));
#11871=CARTESIAN_POINT('Ctrl Pts',(-23.1497570860998,2.50000002235174,81.8));
#11872=CARTESIAN_POINT('Ctrl Pts',(-23.1497570860998,1.50000002235174,81.8));
#11873=CARTESIAN_POINT('Ctrl Pts',(-23.1497570860998,0.500000022351742,
81.8));
#11874=CARTESIAN_POINT('Ctrl Pts',(-23.1497570860998,0.500000022351742,
81.));
#11875=CARTESIAN_POINT('Ctrl Pts',(-23.1497570860998,0.500000022351742,
80.2));
#11876=CARTESIAN_POINT('Ctrl Pts',(-23.1497570860998,1.50000002235174,80.2));
#11877=CARTESIAN_POINT('Ctrl Pts',(-23.1497570860998,2.50000002235174,80.2));
#11878=CARTESIAN_POINT('Ctrl Pts',(-23.1497570860998,2.50000002235174,81.));
#11879=CARTESIAN_POINT('',(-22.5000002756715,2.50000002235174,81.));
#11880=CARTESIAN_POINT('Origin',(-22.5000002756715,1.50000002235174,81.));
#11881=CARTESIAN_POINT('',(-9.50000005215407,2.50000002235174,81.));
#11882=CARTESIAN_POINT('Ctrl Pts',(-22.5000002756715,2.50000002235174,81.));
#11883=CARTESIAN_POINT('Ctrl Pts',(-9.50000005215407,2.50000002235174,81.));
#11884=CARTESIAN_POINT('',(-10.1000000521541,1.50000002235174,80.2));
#11885=CARTESIAN_POINT('Origin',(-9.50000005215405,1.50000002235174,81.));
#11886=CARTESIAN_POINT('',(-9.50000005215407,0.500000022351742,81.));
#11887=CARTESIAN_POINT('Origin',(-9.50000005215405,1.50000002235174,81.));
#11888=CARTESIAN_POINT('Origin',(-9.50000005215405,1.50000002235174,81.));
#11889=CARTESIAN_POINT('Ctrl Pts',(-8.50000005215406,1.50000002235174,80.));
#11890=CARTESIAN_POINT('Ctrl Pts',(-9.25000005215406,1.50000002235174,80.5));
#11891=CARTESIAN_POINT('Ctrl Pts',(-10.1000000521541,1.50000002235174,80.2));
#11892=CARTESIAN_POINT('Ctrl Pts',(-8.50000005215406,2.50000002235174,80.));
#11893=CARTESIAN_POINT('Ctrl Pts',(-9.25000005215406,2.50000002235174,80.5));
#11894=CARTESIAN_POINT('Ctrl Pts',(-10.1000000521541,2.50000002235174,80.2));
#11895=CARTESIAN_POINT('Ctrl Pts',(-7.50000005215406,2.50000002235174,80.));
#11896=CARTESIAN_POINT('Ctrl Pts',(-8.25000005215406,2.50000002235174,81.));
#11897=CARTESIAN_POINT('Ctrl Pts',(-9.50000005215406,2.50000002235174,81.));
#11898=CARTESIAN_POINT('Ctrl Pts',(-6.50000005215406,2.50000002235174,80.));
#11899=CARTESIAN_POINT('Ctrl Pts',(-7.25000005215406,2.50000002235174,81.5));
#11900=CARTESIAN_POINT('Ctrl Pts',(-8.90000005215406,2.50000002235174,81.8));
#11901=CARTESIAN_POINT('Ctrl Pts',(-6.50000005215406,1.50000002235174,80.));
#11902=CARTESIAN_POINT('Ctrl Pts',(-7.25000005215406,1.50000002235174,81.5));
#11903=CARTESIAN_POINT('Ctrl Pts',(-8.90000005215406,1.50000002235174,81.8));
#11904=CARTESIAN_POINT('Ctrl Pts',(-6.50000005215406,0.500000022351742,
80.));
#11905=CARTESIAN_POINT('Ctrl Pts',(-7.25000005215406,0.500000022351742,
81.5));
#11906=CARTESIAN_POINT('Ctrl Pts',(-8.90000005215406,0.500000022351742,
81.8));
#11907=CARTESIAN_POINT('Ctrl Pts',(-7.50000005215406,0.500000022351742,
80.));
#11908=CARTESIAN_POINT('Ctrl Pts',(-8.25000005215406,0.500000022351742,
81.));
#11909=CARTESIAN_POINT('Ctrl Pts',(-9.50000005215406,0.500000022351742,
81.));
#11910=CARTESIAN_POINT('Ctrl Pts',(-8.50000005215406,0.500000022351742,
80.));
#11911=CARTESIAN_POINT('Ctrl Pts',(-9.25000005215406,0.500000022351742,
80.5));
#11912=CARTESIAN_POINT('Ctrl Pts',(-10.1000000521541,0.500000022351742,
80.2));
#11913=CARTESIAN_POINT('Ctrl Pts',(-8.50000005215406,1.50000002235174,80.));
#11914=CARTESIAN_POINT('Ctrl Pts',(-9.25000005215406,1.50000002235174,80.5));
#11915=CARTESIAN_POINT('Ctrl Pts',(-10.1000000521541,1.50000002235174,80.2));
#11916=CARTESIAN_POINT('',(-8.50000005215406,1.50000002235174,80.));
#11917=CARTESIAN_POINT('Origin',(-7.50000005215406,1.50000002235174,80.));
#11918=CARTESIAN_POINT('Origin',(-9.50000005215405,1.50000002235174,78.5000000000001));
#11919=CARTESIAN_POINT('Origin',(-22.5000002756715,1.50000002235174,81.));
#11920=CARTESIAN_POINT('Origin',(-7.50000005215406,-3.63373593434967E-16,
0.));
#11921=CARTESIAN_POINT('',(-4.50000005215406,4.020446309239E-18,80.));
#11922=CARTESIAN_POINT('Origin',(-7.50000005215406,-3.63373593434967E-16,
80.));
#11923=CARTESIAN_POINT('',(-4.50000005215406,4.020446309239E-18,0.));
#11924=CARTESIAN_POINT('',(-4.50000005215406,-7.30767633179174E-16,0.));
#11925=CARTESIAN_POINT('Origin',(-7.50000005215406,-3.63373593434967E-16,
0.));
#11926=CARTESIAN_POINT('Origin',(-7.50000005215406,-5.55111512312578E-16,
0.));
#11927=CARTESIAN_POINT('Origin',(-7.50000005215406,-5.55111512312578E-16,
80.));
#11928=CARTESIAN_POINT('',(-0.892973927003354,-44.5567306743651,73.3614760987021));
#11929=CARTESIAN_POINT('',(2.74901624564601E-14,3.5527136788005E-14,1.99999999999999));
#11930=CARTESIAN_POINT('',(0.,1.,0.));
#11931=CARTESIAN_POINT('',(2.77555756156289E-16,-0.0573597982520933,2.77555756156289E-16));
#11932=CARTESIAN_POINT('',(2.90258423539858E-15,8.88178419700125E-15,74.5));
#11933=CARTESIAN_POINT('',(0.,0.,0.));
#11934=CARTESIAN_POINT('',(-7.50000005215406,5.4999999217689,76.));
#11935=CARTESIAN_POINT('',(7.50000005215406,5.4999999217689,76.));
#11936=CARTESIAN_POINT('',(7.50000005215406,5.4999999217689,4.));
#11937=CARTESIAN_POINT('',(-7.50000005215406,5.4999999217689,4.));
#11938=CARTESIAN_POINT('',(2.5,6.50000007823113,76.));
#11939=CARTESIAN_POINT('',(7.40000005215409,6.50000007823113,84.1000011920929));
#11940=CARTESIAN_POINT('',(-2.5,6.50000007823113,76.));
#11941=CARTESIAN_POINT('',(-7.40000005215409,6.50000007823113,84.1000011920929));
#11942=CARTESIAN_POINT('',(-2.5,-6.49999992176887,76.));
#11943=CARTESIAN_POINT('',(7.40000005215409,-6.49999992176887,84.1000011920929));
#11944=CARTESIAN_POINT('',(2.5,-6.49999992176887,76.));
#11945=CARTESIAN_POINT('',(-7.4000000521541,-6.49999992176887,84.1000011920929));
#11946=CARTESIAN_POINT('',(-1.00000001490116,6.99999992176885,49.0000004321337));
#11947=CARTESIAN_POINT('',(-1.00000001490116,5.49999992176885,89.0000004321337));
#11948=CARTESIAN_POINT('',(0.,0.,0.));
#11949=CARTESIAN_POINT('Origin',(0.,0.,0.));
#11950=UNCERTAINTY_MEASURE_WITH_UNIT(LENGTH_MEASURE(0.01),#11984,
'DISTANCE_ACCURACY_VALUE',
'Maximum model space distance between geometric entities at asserted c
onnectivities');
#11951=UNCERTAINTY_MEASURE_WITH_UNIT(LENGTH_MEASURE(0.01),#11984,
'DISTANCE_ACCURACY_VALUE',
'Maximum model space distance between geometric entities at asserted c
onnectivities');
#11952=UNCERTAINTY_MEASURE_WITH_UNIT(LENGTH_MEASURE(0.01),#11984,
'DISTANCE_ACCURACY_VALUE',
'Maximum model space distance between geometric entities at asserted c
onnectivities');
#11953=UNCERTAINTY_MEASURE_WITH_UNIT(LENGTH_MEASURE(0.01),#11984,
'DISTANCE_ACCURACY_VALUE',
'Maximum model space distance between geometric entities at asserted c
onnectivities');
#11954=UNCERTAINTY_MEASURE_WITH_UNIT(LENGTH_MEASURE(0.01),#11984,
'DISTANCE_ACCURACY_VALUE',
'Maximum model space distance between geometric entities at asserted c
onnectivities');
#11955=UNCERTAINTY_MEASURE_WITH_UNIT(LENGTH_MEASURE(0.01),#11984,
'DISTANCE_ACCURACY_VALUE',
'Maximum model space distance between geometric entities at asserted c
onnectivities');
#11956=UNCERTAINTY_MEASURE_WITH_UNIT(LENGTH_MEASURE(0.01),#11984,
'DISTANCE_ACCURACY_VALUE',
'Maximum model space distance between geometric entities at asserted c
onnectivities');
#11957=UNCERTAINTY_MEASURE_WITH_UNIT(LENGTH_MEASURE(0.01),#11984,
'DISTANCE_ACCURACY_VALUE',
'Maximum model space distance between geometric entities at asserted c
onnectivities');
#11958=UNCERTAINTY_MEASURE_WITH_UNIT(LENGTH_MEASURE(0.01),#11984,
'DISTANCE_ACCURACY_VALUE',
'Maximum model space distance between geometric entities at asserted c
onnectivities');
#11959=UNCERTAINTY_MEASURE_WITH_UNIT(LENGTH_MEASURE(0.01),#11984,
'DISTANCE_ACCURACY_VALUE',
'Maximum model space distance between geometric entities at asserted c
onnectivities');
#11960=UNCERTAINTY_MEASURE_WITH_UNIT(LENGTH_MEASURE(0.01),#11984,
'DISTANCE_ACCURACY_VALUE',
'Maximum model space distance between geometric entities at asserted c
onnectivities');
#11961=UNCERTAINTY_MEASURE_WITH_UNIT(LENGTH_MEASURE(0.01),#11984,
'DISTANCE_ACCURACY_VALUE',
'Maximum model space distance between geometric entities at asserted c
onnectivities');
#11962=UNCERTAINTY_MEASURE_WITH_UNIT(LENGTH_MEASURE(0.01),#11984,
'DISTANCE_ACCURACY_VALUE',
'Maximum model space distance between geometric entities at asserted c
onnectivities');
#11963=UNCERTAINTY_MEASURE_WITH_UNIT(LENGTH_MEASURE(0.01),#11984,
'DISTANCE_ACCURACY_VALUE',
'Maximum model space distance between geometric entities at asserted c
onnectivities');
#11964=UNCERTAINTY_MEASURE_WITH_UNIT(LENGTH_MEASURE(0.01),#11984,
'DISTANCE_ACCURACY_VALUE',
'Maximum model space distance between geometric entities at asserted c
onnectivities');
#11965=UNCERTAINTY_MEASURE_WITH_UNIT(LENGTH_MEASURE(0.01),#11984,
'DISTANCE_ACCURACY_VALUE',
'Maximum model space distance between geometric entities at asserted c
onnectivities');
#11966=UNCERTAINTY_MEASURE_WITH_UNIT(LENGTH_MEASURE(0.01),#11984,
'DISTANCE_ACCURACY_VALUE',
'Maximum model space distance between geometric entities at asserted c
onnectivities');
#11967=(
GEOMETRIC_REPRESENTATION_CONTEXT(3)
GLOBAL_UNCERTAINTY_ASSIGNED_CONTEXT((#11950))
GLOBAL_UNIT_ASSIGNED_CONTEXT((#11984,#11986,#11987))
REPRESENTATION_CONTEXT('','3D')
);
#11968=(
GEOMETRIC_REPRESENTATION_CONTEXT(3)
GLOBAL_UNCERTAINTY_ASSIGNED_CONTEXT((#11951))
GLOBAL_UNIT_ASSIGNED_CONTEXT((#11984,#11986,#11987))
REPRESENTATION_CONTEXT('','3D')
);
#11969=(
GEOMETRIC_REPRESENTATION_CONTEXT(3)
GLOBAL_UNCERTAINTY_ASSIGNED_CONTEXT((#11952))
GLOBAL_UNIT_ASSIGNED_CONTEXT((#11984,#11986,#11987))
REPRESENTATION_CONTEXT('','3D')
);
#11970=(
GEOMETRIC_REPRESENTATION_CONTEXT(3)
GLOBAL_UNCERTAINTY_ASSIGNED_CONTEXT((#11953))
GLOBAL_UNIT_ASSIGNED_CONTEXT((#11984,#11986,#11987))
REPRESENTATION_CONTEXT('','3D')
);
#11971=(
GEOMETRIC_REPRESENTATION_CONTEXT(3)
GLOBAL_UNCERTAINTY_ASSIGNED_CONTEXT((#11954))
GLOBAL_UNIT_ASSIGNED_CONTEXT((#11984,#11986,#11987))
REPRESENTATION_CONTEXT('','3D')
);
#11972=(
GEOMETRIC_REPRESENTATION_CONTEXT(3)
GLOBAL_UNCERTAINTY_ASSIGNED_CONTEXT((#11955))
GLOBAL_UNIT_ASSIGNED_CONTEXT((#11984,#11986,#11987))
REPRESENTATION_CONTEXT('','3D')
);
#11973=(
GEOMETRIC_REPRESENTATION_CONTEXT(3)
GLOBAL_UNCERTAINTY_ASSIGNED_CONTEXT((#11956))
GLOBAL_UNIT_ASSIGNED_CONTEXT((#11984,#11986,#11987))
REPRESENTATION_CONTEXT('','3D')
);
#11974=(
GEOMETRIC_REPRESENTATION_CONTEXT(3)
GLOBAL_UNCERTAINTY_ASSIGNED_CONTEXT((#11957))
GLOBAL_UNIT_ASSIGNED_CONTEXT((#11984,#11986,#11987))
REPRESENTATION_CONTEXT('','3D')
);
#11975=(
GEOMETRIC_REPRESENTATION_CONTEXT(3)
GLOBAL_UNCERTAINTY_ASSIGNED_CONTEXT((#11958))
GLOBAL_UNIT_ASSIGNED_CONTEXT((#11984,#11986,#11987))
REPRESENTATION_CONTEXT('','3D')
);
#11976=(
GEOMETRIC_REPRESENTATION_CONTEXT(3)
GLOBAL_UNCERTAINTY_ASSIGNED_CONTEXT((#11959))
GLOBAL_UNIT_ASSIGNED_CONTEXT((#11984,#11986,#11987))
REPRESENTATION_CONTEXT('','3D')
);
#11977=(
GEOMETRIC_REPRESENTATION_CONTEXT(3)
GLOBAL_UNCERTAINTY_ASSIGNED_CONTEXT((#11960))
GLOBAL_UNIT_ASSIGNED_CONTEXT((#11984,#11986,#11987))
REPRESENTATION_CONTEXT('','3D')
);
#11978=(
GEOMETRIC_REPRESENTATION_CONTEXT(3)
GLOBAL_UNCERTAINTY_ASSIGNED_CONTEXT((#11961))
GLOBAL_UNIT_ASSIGNED_CONTEXT((#11984,#11986,#11987))
REPRESENTATION_CONTEXT('','3D')
);
#11979=(
GEOMETRIC_REPRESENTATION_CONTEXT(3)
GLOBAL_UNCERTAINTY_ASSIGNED_CONTEXT((#11962))
GLOBAL_UNIT_ASSIGNED_CONTEXT((#11984,#11986,#11987))
REPRESENTATION_CONTEXT('','3D')
);
#11980=(
GEOMETRIC_REPRESENTATION_CONTEXT(3)
GLOBAL_UNCERTAINTY_ASSIGNED_CONTEXT((#11963))
GLOBAL_UNIT_ASSIGNED_CONTEXT((#11984,#11986,#11987))
REPRESENTATION_CONTEXT('','3D')
);
#11981=(
GEOMETRIC_REPRESENTATION_CONTEXT(3)
GLOBAL_UNCERTAINTY_ASSIGNED_CONTEXT((#11964))
GLOBAL_UNIT_ASSIGNED_CONTEXT((#11984,#11986,#11987))
REPRESENTATION_CONTEXT('','3D')
);
#11982=(
GEOMETRIC_REPRESENTATION_CONTEXT(3)
GLOBAL_UNCERTAINTY_ASSIGNED_CONTEXT((#11965))
GLOBAL_UNIT_ASSIGNED_CONTEXT((#11984,#11986,#11987))
REPRESENTATION_CONTEXT('','3D')
);
#11983=(
GEOMETRIC_REPRESENTATION_CONTEXT(3)
GLOBAL_UNCERTAINTY_ASSIGNED_CONTEXT((#11966))
GLOBAL_UNIT_ASSIGNED_CONTEXT((#11984,#11986,#11987))
REPRESENTATION_CONTEXT('','3D')
);
#11984=(
LENGTH_UNIT()
NAMED_UNIT(*)
SI_UNIT(.MILLI.,.METRE.)
);
#11985=(
LENGTH_UNIT()
NAMED_UNIT(*)
SI_UNIT($,.METRE.)
);
#11986=(
NAMED_UNIT(*)
PLANE_ANGLE_UNIT()
SI_UNIT($,.RADIAN.)
);
#11987=(
NAMED_UNIT(*)
SI_UNIT($,.STERADIAN.)
SOLID_ANGLE_UNIT()
);
#11988=SHAPE_DEFINITION_REPRESENTATION(#12004,#12046);
#11989=SHAPE_DEFINITION_REPRESENTATION(#12005,#12047);
#11990=SHAPE_DEFINITION_REPRESENTATION(#12006,#12048);
#11991=SHAPE_DEFINITION_REPRESENTATION(#12007,#12049);
#11992=SHAPE_DEFINITION_REPRESENTATION(#12008,#12050);
#11993=SHAPE_DEFINITION_REPRESENTATION(#12012,#12051);
#11994=SHAPE_DEFINITION_REPRESENTATION(#12013,#12052);
#11995=SHAPE_DEFINITION_REPRESENTATION(#12014,#12053);
#11996=SHAPE_DEFINITION_REPRESENTATION(#12015,#12054);
#11997=SHAPE_DEFINITION_REPRESENTATION(#12018,#12055);
#11998=SHAPE_DEFINITION_REPRESENTATION(#12019,#12056);
#11999=SHAPE_DEFINITION_REPRESENTATION(#12020,#12057);
#12000=SHAPE_DEFINITION_REPRESENTATION(#12021,#12058);
#12001=SHAPE_DEFINITION_REPRESENTATION(#12022,#12059);
#12002=SHAPE_DEFINITION_REPRESENTATION(#12023,#12060);
#12003=SHAPE_DEFINITION_REPRESENTATION(#12024,#12061);
#12004=PRODUCT_DEFINITION_SHAPE('',$,#12063);
#12005=PRODUCT_DEFINITION_SHAPE('',$,#12064);
#12006=PRODUCT_DEFINITION_SHAPE('',$,#12065);
#12007=PRODUCT_DEFINITION_SHAPE('',$,#12066);
#12008=PRODUCT_DEFINITION_SHAPE('',$,#12067);
#12009=PRODUCT_DEFINITION_SHAPE($,$,#211);
#12010=PRODUCT_DEFINITION_SHAPE($,$,#212);
#12011=PRODUCT_DEFINITION_SHAPE($,$,#213);
#12012=PRODUCT_DEFINITION_SHAPE('',$,#12068);
#12013=PRODUCT_DEFINITION_SHAPE('',$,#12069);
#12014=PRODUCT_DEFINITION_SHAPE('',$,#12070);
#12015=PRODUCT_DEFINITION_SHAPE('',$,#12071);
#12016=PRODUCT_DEFINITION_SHAPE($,$,#214);
#12017=PRODUCT_DEFINITION_SHAPE($,$,#215);
#12018=PRODUCT_DEFINITION_SHAPE('',$,#12072);
#12019=PRODUCT_DEFINITION_SHAPE('',$,#12073);
#12020=PRODUCT_DEFINITION_SHAPE('',$,#12074);
#12021=PRODUCT_DEFINITION_SHAPE('',$,#12075);
#12022=PRODUCT_DEFINITION_SHAPE('',$,#12076);
#12023=PRODUCT_DEFINITION_SHAPE('',$,#12077);
#12024=PRODUCT_DEFINITION_SHAPE('',$,#12078);
#12025=PRODUCT_DEFINITION_SHAPE($,$,#216);
#12026=PRODUCT_DEFINITION_SHAPE($,$,#217);
#12027=PRODUCT_DEFINITION_SHAPE($,$,#218);
#12028=PRODUCT_DEFINITION_SHAPE($,$,#219);
#12029=PRODUCT_DEFINITION_SHAPE($,$,#220);
#12030=PRODUCT_DEFINITION_SHAPE($,$,#221);
#12031=PRODUCT_DEFINITION_SHAPE($,$,#222);
#12032=PRODUCT_DEFINITION_SHAPE($,$,#223);
#12033=PRODUCT_DEFINITION_SHAPE($,$,#224);
#12034=PRODUCT_DEFINITION_SHAPE($,$,#225);
#12035=PRODUCT_DEFINITION_SHAPE($,$,#226);
#12036=PRODUCT_DEFINITION_SHAPE($,$,#227);
#12037=PRODUCT_DEFINITION_SHAPE($,$,#228);
#12038=PRODUCT_DEFINITION_SHAPE($,$,#229);
#12039=PRODUCT_DEFINITION_SHAPE($,$,#230);
#12040=PRODUCT_DEFINITION_SHAPE($,$,#231);
#12041=PRODUCT_DEFINITION_SHAPE($,$,#232);
#12042=PRODUCT_DEFINITION_SHAPE($,$,#233);
#12043=PRODUCT_DEFINITION_SHAPE($,$,#234);
#12044=PRODUCT_DEFINITION_SHAPE($,$,#235);
#12045=PRODUCT_DEFINITION_SHAPE($,$,#236);
#12046=SHAPE_REPRESENTATION('',(#5843,#6459,#6460,#6461,#6462,#6463,#6464,
#6465,#6466,#6467,#6468,#6469,#6470,#6471,#6472,#6473,#6474,#6475,#6476,
#6477,#6478,#6479),#11967);
#12047=SHAPE_REPRESENTATION('',(#5844,#5882,#5883,#5884),#11968);
#12048=SHAPE_REPRESENTATION('',(#5845),#11969);
#12049=SHAPE_REPRESENTATION('',(#5854),#11970);
#12050=SHAPE_REPRESENTATION('',(#5865),#11971);
#12051=SHAPE_REPRESENTATION('',(#5885),#11972);
#12052=SHAPE_REPRESENTATION('',(#6050,#6161,#6162),#11973);
#12053=SHAPE_REPRESENTATION('',(#6051),#11974);
#12054=SHAPE_REPRESENTATION('',(#6106),#11975);
#12055=SHAPE_REPRESENTATION('',(#6163),#11976);
#12056=SHAPE_REPRESENTATION('',(#6197),#11977);
#12057=SHAPE_REPRESENTATION('',(#6224),#11978);
#12058=SHAPE_REPRESENTATION('',(#6336),#11979);
#12059=SHAPE_REPRESENTATION('',(#6358),#11980);
#12060=SHAPE_REPRESENTATION('',(#6385),#11981);
#12061=SHAPE_REPRESENTATION('',(#6420),#11982);
#12062=PRODUCT_DEFINITION_CONTEXT('part definition',#12112,'design');
#12063=PRODUCT_DEFINITION('dual80mmheater','dual80mmheater v13',#12079,
#12062);
#12064=PRODUCT_DEFINITION('hotend_heatbreak','hotend_heatbreak v1',#12080,
#12062);
#12065=PRODUCT_DEFINITION('copper hotside','copper hotside',#12081,#12062);
#12066=PRODUCT_DEFINITION('titanium throat','titanium throat',#12082,#12062);
#12067=PRODUCT_DEFINITION('copper coldside','copper coldside',#12083,#12062);
#12068=PRODUCT_DEFINITION('Heatsink','Heatsink',#12084,#12062);
#12069=PRODUCT_DEFINITION('Braces','Braces',#12085,#12062);
#12070=PRODUCT_DEFINITION('Brace (1)','Brace (1)',#12086,#12062);
#12071=PRODUCT_DEFINITION('Brace','Brace',#12087,#12062);
#12072=PRODUCT_DEFINITION('V6 0.4mm nozzle',
'E3D V6 Nozzle (0.4mm) (1) v2',#12088,#12062);
#12073=PRODUCT_DEFINITION('meltzone adapter','meltzone adapter v1',#12089,
#12062);
#12074=PRODUCT_DEFINITION('dual80mmheater_HotBlock',
'dual80mmheater_HotBlock v9',#12090,#12062);
#12075=PRODUCT_DEFINITION('ISO 4027 - M3 x 3 Steel 4.6 Plain',
'Hexagon Socket Set Screw ISO 4027 - M3 x 3 Steel 4.6 Plain v1',#12091,
#12062);
#12076=PRODUCT_DEFINITION('ISO 4762 - M2 x 5 Steel 4.6 Plain',
'Hexagon Socket Head Cap Screw ISO 4762 - M2 x 5 Steel 4.6 Plain v1',#12092,
#12062);
#12077=PRODUCT_DEFINITION('M3 Stud Thermistor','M3 Stud Thermistor',#12093,
#12062);
#12078=PRODUCT_DEFINITION('Heaters','Heaters',#12094,#12062);
#12079=PRODUCT_DEFINITION_FORMATION('',$,#12114);
#12080=PRODUCT_DEFINITION_FORMATION('',$,#12115);
#12081=PRODUCT_DEFINITION_FORMATION('',$,#12116);
#12082=PRODUCT_DEFINITION_FORMATION('',$,#12117);
#12083=PRODUCT_DEFINITION_FORMATION('',$,#12118);
#12084=PRODUCT_DEFINITION_FORMATION('',$,#12119);
#12085=PRODUCT_DEFINITION_FORMATION('',$,#12120);
#12086=PRODUCT_DEFINITION_FORMATION('',$,#12121);
#12087=PRODUCT_DEFINITION_FORMATION('',$,#12122);
#12088=PRODUCT_DEFINITION_FORMATION('',$,#12123);
#12089=PRODUCT_DEFINITION_FORMATION('',$,#12124);
#12090=PRODUCT_DEFINITION_FORMATION('',$,#12125);
#12091=PRODUCT_DEFINITION_FORMATION('',$,#12126);
#12092=PRODUCT_DEFINITION_FORMATION('',$,#12127);
#12093=PRODUCT_DEFINITION_FORMATION('',$,#12128);
#12094=PRODUCT_DEFINITION_FORMATION('',$,#12129);
#12095=PRODUCT_RELATED_PRODUCT_CATEGORY('dual80mmheater v13',
'dual80mmheater v13',(#12114));
#12096=PRODUCT_RELATED_PRODUCT_CATEGORY('hotend_heatbreak v1',
'hotend_heatbreak v1',(#12115));
#12097=PRODUCT_RELATED_PRODUCT_CATEGORY('copper hotside',
'copper hotside',(#12116));
#12098=PRODUCT_RELATED_PRODUCT_CATEGORY('titanium throat',
'titanium throat',(#12117));
#12099=PRODUCT_RELATED_PRODUCT_CATEGORY('copper coldside',
'copper coldside',(#12118));
#12100=PRODUCT_RELATED_PRODUCT_CATEGORY('Heatsink','Heatsink',(#12119));
#12101=PRODUCT_RELATED_PRODUCT_CATEGORY('Braces','Braces',(#12120));
#12102=PRODUCT_RELATED_PRODUCT_CATEGORY('Brace (1)','Brace (1)',(#12121));
#12103=PRODUCT_RELATED_PRODUCT_CATEGORY('Brace','Brace',(#12122));
#12104=PRODUCT_RELATED_PRODUCT_CATEGORY('E3D V6 Nozzle (0.4mm) (1) v2',
'E3D V6 Nozzle (0.4mm) (1) v2',(#12123));
#12105=PRODUCT_RELATED_PRODUCT_CATEGORY('meltzone adapter v1',
'meltzone adapter v1',(#12124));
#12106=PRODUCT_RELATED_PRODUCT_CATEGORY('dual80mmheater_HotBlock v9',
'dual80mmheater_HotBlock v9',(#12125));
#12107=PRODUCT_RELATED_PRODUCT_CATEGORY(
'Hexagon Socket Set Screw ISO 4027 - M3 x 3 Steel 4.6 Plain v1',
'Hexagon Socket Set Screw ISO 4027 - M3 x 3 Steel 4.6 Plain v1',(#12126));
#12108=PRODUCT_RELATED_PRODUCT_CATEGORY(
'Hexagon Socket Head Cap Screw ISO 4762 - M2 x 5 Steel 4.6 Plain v1',
'Hexagon Socket Head Cap Screw ISO 4762 - M2 x 5 Steel 4.6 Plain v1',(#12127));
#12109=PRODUCT_RELATED_PRODUCT_CATEGORY('M3 Stud Thermistor',
'M3 Stud Thermistor',(#12128));
#12110=PRODUCT_RELATED_PRODUCT_CATEGORY('Heaters','Heaters',(#12129));
#12111=APPLICATION_PROTOCOL_DEFINITION('international standard',
'automotive_design',2009,#12112);
#12112=APPLICATION_CONTEXT(
'Core Data for Automotive Mechanical Design Process');
#12113=PRODUCT_CONTEXT('part definition',#12112,'mechanical');
#12114=PRODUCT('dual80mmheater','dual80mmheater v13',$,(#12113));
#12115=PRODUCT('hotend_heatbreak','hotend_heatbreak v1',$,(#12113));
#12116=PRODUCT('copper hotside','copper hotside',$,(#12113));
#12117=PRODUCT('titanium throat','titanium throat',$,(#12113));
#12118=PRODUCT('copper coldside','copper coldside',$,(#12113));
#12119=PRODUCT('Heatsink','Heatsink',$,(#12113));
#12120=PRODUCT('Braces','Braces',$,(#12113));
#12121=PRODUCT('Brace (1)','Brace (1)',$,(#12113));
#12122=PRODUCT('Brace','Brace',$,(#12113));
#12123=PRODUCT('V6 0.4mm nozzle','E3D V6 Nozzle (0.4mm) (1) v2',$,(#12113));
#12124=PRODUCT('meltzone adapter','meltzone adapter v1',$,(#12113));
#12125=PRODUCT('dual80mmheater_HotBlock','dual80mmheater_HotBlock v9',$,
(#12113));
#12126=PRODUCT('ISO 4027 - M3 x 3 Steel 4.6 Plain',
'Hexagon Socket Set Screw ISO 4027 - M3 x 3 Steel 4.6 Plain v1',
'Hexagon Socket Set Screw ISO 4027 - M3 x 3',(#12113));
#12127=PRODUCT('ISO 4762 - M2 x 5 Steel 4.6 Plain',
'Hexagon Socket Head Cap Screw ISO 4762 - M2 x 5 Steel 4.6 Plain v1',
'Hexagon Socket Head Cap Screw ISO 4762 - M2 x 5',(#12113));
#12128=PRODUCT('M3 Stud Thermistor','M3 Stud Thermistor',$,(#12113));
#12129=PRODUCT('Heaters','Heaters',$,(#12113));
#12130=PRESENTATION_STYLE_ASSIGNMENT((#12140));
#12131=PRESENTATION_STYLE_ASSIGNMENT((#12141));
#12132=PRESENTATION_STYLE_ASSIGNMENT((#12142));
#12133=PRESENTATION_STYLE_ASSIGNMENT((#12143));
#12134=PRESENTATION_STYLE_ASSIGNMENT((#12144));
#12135=PRESENTATION_STYLE_ASSIGNMENT((#12145));
#12136=PRESENTATION_STYLE_ASSIGNMENT((#12146));
#12137=PRESENTATION_STYLE_ASSIGNMENT((#12147));
#12138=PRESENTATION_STYLE_ASSIGNMENT((#12148));
#12139=PRESENTATION_STYLE_ASSIGNMENT((NULL_STYLE(.NULL.)));
#12140=SURFACE_STYLE_USAGE(.BOTH.,#12149);
#12141=SURFACE_STYLE_USAGE(.BOTH.,#12150);
#12142=SURFACE_STYLE_USAGE(.BOTH.,#12151);
#12143=SURFACE_STYLE_USAGE(.BOTH.,#12152);
#12144=SURFACE_STYLE_USAGE(.BOTH.,#12153);
#12145=SURFACE_STYLE_USAGE(.BOTH.,#12154);
#12146=SURFACE_STYLE_USAGE(.BOTH.,#12155);
#12147=SURFACE_STYLE_USAGE(.BOTH.,#12156);
#12148=SURFACE_STYLE_USAGE(.BOTH.,#12157);
#12149=SURFACE_SIDE_STYLE('',(#12158));
#12150=SURFACE_SIDE_STYLE('',(#12159));
#12151=SURFACE_SIDE_STYLE('',(#12160));
#12152=SURFACE_SIDE_STYLE('',(#12161));
#12153=SURFACE_SIDE_STYLE('',(#12162));
#12154=SURFACE_SIDE_STYLE('',(#12163));
#12155=SURFACE_SIDE_STYLE('',(#12164));
#12156=SURFACE_SIDE_STYLE('',(#12165));
#12157=SURFACE_SIDE_STYLE('',(#12166));
#12158=SURFACE_STYLE_FILL_AREA(#12167);
#12159=SURFACE_STYLE_FILL_AREA(#12168);
#12160=SURFACE_STYLE_FILL_AREA(#12169);
#12161=SURFACE_STYLE_FILL_AREA(#12170);
#12162=SURFACE_STYLE_FILL_AREA(#12171);
#12163=SURFACE_STYLE_FILL_AREA(#12172);
#12164=SURFACE_STYLE_FILL_AREA(#12173);
#12165=SURFACE_STYLE_FILL_AREA(#12174);
#12166=SURFACE_STYLE_FILL_AREA(#12175);
#12167=FILL_AREA_STYLE('Steel - Satin',(#12176));
#12168=FILL_AREA_STYLE('Brass - Polished',(#12177));
#12169=FILL_AREA_STYLE('Copper - Polished',(#12178));
#12170=FILL_AREA_STYLE('Titanium - Polished',(#12179));
#12171=FILL_AREA_STYLE('Aluminum - Satin',(#12180));
#12172=FILL_AREA_STYLE('Stainless Steel - Satin',(#12181));
#12173=FILL_AREA_STYLE('Paint - Enamel Glossy (Black)',(#12182));
#12174=FILL_AREA_STYLE('ABS (White)',(#12183));
#12175=FILL_AREA_STYLE('Paint - Enamel Glossy (Red)',(#12184));
#12176=FILL_AREA_STYLE_COLOUR('Steel - Satin',#12185);
#12177=FILL_AREA_STYLE_COLOUR('Brass - Polished',#12186);
#12178=FILL_AREA_STYLE_COLOUR('Copper - Polished',#12187);
#12179=FILL_AREA_STYLE_COLOUR('Titanium - Polished',#12188);
#12180=FILL_AREA_STYLE_COLOUR('Aluminum - Satin',#12189);
#12181=FILL_AREA_STYLE_COLOUR('Stainless Steel - Satin',#12190);
#12182=FILL_AREA_STYLE_COLOUR('Paint - Enamel Glossy (Black)',#12191);
#12183=FILL_AREA_STYLE_COLOUR('ABS (White)',#12192);
#12184=FILL_AREA_STYLE_COLOUR('Paint - Enamel Glossy (Red)',#12193);
#12185=COLOUR_RGB('Steel - Satin',0.627450980392157,0.627450980392157,0.627450980392157);
#12186=COLOUR_RGB('Brass - Polished',0.952941176470588,0.796078431372549,
0.486274509803922);
#12187=COLOUR_RGB('Copper - Polished',0.929411764705882,0.807843137254902,
0.764705882352941);
#12188=COLOUR_RGB('Titanium - Polished',0.749019607843137,0.729411764705882,
0.701960784313725);
#12189=COLOUR_RGB('Aluminum - Satin',0.96078431372549,0.96078431372549,
0.964705882352941);
#12190=COLOUR_RGB('Stainless Steel - Satin',0.796078431372549,0.796078431372549,
0.796078431372549);
#12191=COLOUR_RGB('Paint - Enamel Glossy (Black)',0.0980392156862745,0.0980392156862745,
0.0980392156862745);
#12192=COLOUR_RGB('ABS (White)',0.964705882352941,0.964705882352941,0.952941176470588);
#12193=COLOUR_RGB('Paint - Enamel Glossy (Red)',0.768627450980392,0.207843137254902,
0.152941176470588);
ENDSEC;
END-ISO-10303-21;
